nr,Fibre Volume Fraction,Cut angle ,taverage,waverage,area,Lnominal,R-value1,Fmax,smax,Ncycles,f,E,Temp.
442,53.31,0.0,3.81,24.96,95.1,145.0,1.0,75.64,795.39,0.0,0.0,36.63,27.59130434782608
443,53.31,0.0,3.8,25.28,96.06,145.0,1.0,76.49,796.24,0.0,0.0,38.13,27.59130434782608
444,53.31,0.0,3.78,25.2,95.26,145.0,1.0,74.9,786.3,0.0,0.0,37.36,27.59130434782608
445,53.31,0.0,3.85,25.24,97.17,145.0,1.0,-38.23,-393.42,0.0,0.0,36.87,27.59130434782608
446,53.31,0.0,3.77,25.2,95.0,145.0,1.0,-37.77,-397.56,0.0,0.0,37.36,27.59130434782608
447,53.31,0.0,3.83,25.18,96.44,145.0,1.0,-45.58,-472.63,0.0,0.0,39.05,27.59130434782608
448,53.31,0.0,3.84,25.24,96.92,145.0,1.0,75.33,777.23,0.0,0.0,38.02,27.59130434782608
449,53.31,0.0,3.8,25.15,95.57,145.0,1.0,75.9,794.18,0.0,0.0,37.6,27.59130434782608
450,53.31,0.0,3.8,25.17,95.65,145.0,1.0,74.42,778.08,0.0,0.0,37.0,27.59130434782608
451,53.31,0.0,3.82,25.26,96.49,145.0,1.0,-45.65,-473.09,0.0,0.0,38.13,27.59130434782608
452,53.31,0.0,3.83,25.24,96.67,145.0,1.0,-47.56,-491.99,0.0,0.0,38.59,27.59130434782608
453,53.31,0.0,3.81,25.18,95.94,145.0,1.0,-46.71,-486.89,0.0,0.0,38.73,27.59130434782608
454,53.31,0.0,3.8,24.9,94.62,145.0,1.0,-47.73,-504.44,0.0,0.0,38.3,28.12142857142857
455,53.31,0.0,3.8,25.0,95.0,145.0,1.0,-46.51,-489.61,0.0,0.0,38.4,28.12142857142857
456,53.31,0.0,3.8,25.0,95.0,145.0,1.0,-45.66,-480.62,0.0,0.0,37.2,28.12142857142857
457,53.31,0.0,3.8,25.0,95.0,145.0,1.0,-46.39,-488.33,0.0,0.0,37.4,28.12142857142857
458,53.31,0.0,3.9,25.1,97.89,145.0,1.0,-46.88,-478.89,0.0,0.0,37.7,28.12142857142857
459,53.31,0.0,3.9,25.1,97.89,145.0,1.0,-48.34,-493.86,0.0,0.0,43.7,28.12142857142857
460,53.31,0.0,3.9,25.0,97.5,145.0,1.0,75.7,776.41,0.0,0.0,37.8,28.12142857142857
461,53.31,0.0,3.8,25.0,95.0,145.0,-1.0,25.0,263.16,3.290479813330673,5.0,38.900000000000006,28.12142857142857
462,53.31,0.0,3.9,25.0,97.5,145.0,-1.0,15.0,153.85,6.473181761847048,5.0,37.55,28.12142857142857
468,53.31,0.0,3.8,25.0,95.0,145.0,-1.0,20.0,210.53,4.569993887567447,5.0,37.65,28.12142857142857
469,53.31,0.0,3.8,25.0,95.0,145.0,0.1,32.47,341.77,4.373132774549157,5.0,38.22,28.12142857142857
471,53.31,0.0,3.77,25.21,95.04,145.0,1.0,78.3,823.85,0.0,0.0,39.38,32.15
472,53.31,0.0,3.77,25.3,95.38,145.0,1.0,76.3,799.95,0.0,0.0,38.45,32.15
473,53.31,0.0,3.74,25.13,93.99,145.0,1.0,78.4,834.17,0.0,0.0,39.97,32.15
474,53.31,0.0,3.68,25.34,93.25,145.0,1.0,76.8,823.58,0.0,0.0,39.3,32.15
475,53.31,0.0,3.65,25.1,91.62,145.0,1.0,78.4,855.76,0.0,0.0,39.33,32.15
476,53.31,0.0,3.71,25.25,93.68,145.0,1.0,-52.6,-561.5,0.0,0.0,37.91,32.15
477,53.31,0.0,3.59,25.2,90.47,145.0,1.0,-51.2,-565.95,0.0,0.0,38.85,32.15
478,53.31,0.0,3.73,25.2,94.0,145.0,1.0,-53.3,-567.05,0.0,0.0,33.24,32.15
479,53.31,0.0,3.7,25.17,93.13,145.0,1.0,-51.7,-555.14,0.0,0.0,38.09,32.15
480,53.31,0.0,3.7,25.33,93.72,145.0,1.0,-51.9,-553.77,0.0,0.0,39.4,32.15
505,53.31,0.0,3.7,25.05,92.69,145.0,1.0,79.9,862.06,0.0,0.0,39.16,23.0
506,53.31,0.0,3.65,25.0,91.25,145.0,1.0,78.9,864.66,0.0,0.0,38.88,23.0
507,53.31,0.0,3.7,25.1,92.87,145.0,1.0,78.1,840.96,0.0,0.0,38.78,23.0
508,53.31,0.0,3.7,25.25,93.43,145.0,1.0,76.1,814.56,0.0,0.0,39.19,23.0
509,53.31,0.0,3.75,25.0,93.75,145.0,1.0,75.9,809.6,0.0,0.0,39.09,23.0
510,53.31,0.0,3.7,25.15,93.06,145.0,1.0,-55.8,-599.65,0.0,0.0,38.67,26.0
511,53.31,0.0,3.7,25.05,92.69,145.0,1.0,-51.3,-553.49,0.0,0.0,38.5,26.0
512,53.31,0.0,3.7,25.15,93.06,145.0,1.0,-55.0,-591.05,0.0,0.0,38.33,26.0
513,53.31,0.0,3.65,25.1,91.62,145.0,1.0,-57.5,-627.63,0.0,0.0,39.44,26.0
514,53.31,0.0,3.7,25.2,93.24,145.0,1.0,-53.1,-569.5,0.0,0.0,39.71,26.0
547,52.55,0.0,3.74,24.84,92.9,145.0,-1.0,20.0,215.28,4.239799818447099,5.0,38.019999999999996,27.59130434782608
548,52.55,0.0,3.92,24.71,96.86,145.0,-1.0,25.0,258.1,2.9934362304976116,5.0,36.57,27.59130434782608
549,52.55,0.0,3.78,24.88,94.05,145.0,-1.0,25.0,265.83,3.163757523981956,5.0,39.095,27.59130434782608
573,51.64,90.0,3.73,24.85,92.69,300.0,1.0,5.05,54.48,0.0,0.0,12.85,23.0
574,51.64,90.0,3.85,24.99,96.21,300.0,1.0,5.43,56.49,0.0,0.0,12.37,23.0
575,51.64,90.0,3.8,25.0,95.0,300.0,1.0,5.21,54.89,0.0,0.0,16.22,23.0
576,51.64,90.0,3.73,24.9,92.88,300.0,1.0,4.93,53.1,0.0,0.0,13.81,23.0
577,51.64,90.0,3.71,24.92,92.45,300.0,1.0,4.75,51.34,0.0,0.0,13.05,23.0
578,51.64,90.0,3.81,24.75,94.3,300.0,1.0,5.23,55.51,0.0,0.0,13.78,23.0
579,51.64,90.0,3.69,24.87,91.77,300.0,1.0,5.01,54.59,0.0,0.0,13.14,23.0
580,51.64,90.0,3.69,24.96,92.1,300.0,1.0,5.38,58.42,0.0,0.0,14.07,23.0
581,51.64,90.0,3.67,24.87,91.27,300.0,1.0,5.49,60.18,0.0,0.0,14.53,23.0
582,51.64,90.0,3.75,25.0,93.75,300.0,1.0,4.91,52.34,0.0,0.0,13.77,23.0
583,51.64,90.0,3.77,24.91,93.91,300.0,1.0,5.14,54.75,0.0,0.0,14.3,23.0
585,53.11,0.0,3.736,10.265,38.35,126.0,1.0,-25.42,-662.71,0.0,0.0,40.99,23.0
586,53.11,0.0,3.649,10.162,37.08,126.0,1.0,-28.86,-778.21,0.0,0.0,39.14,23.0
587,53.11,0.0,3.801,10.281,39.08,126.0,1.0,-25.02,-640.36,0.0,0.0,39.27,23.0
588,53.11,0.0,3.712,10.197,37.85,126.0,1.0,-17.18,-453.75,0.0,0.0,42.98,23.0
589,53.11,0.0,3.808,10.117,38.53,126.0,1.0,-27.22,-706.6,0.0,0.0,39.13,23.0
590,53.11,0.0,3.765,10.139,38.17,126.0,1.0,-26.69,-699.05,0.0,0.0,39.49,23.0
591,53.11,0.0,3.658,10.269,37.56,126.0,1.0,-24.71,-657.73,0.0,0.0,39.76,23.0
592,53.11,0.0,3.667,10.292,37.74,126.0,1.0,-26.0,-688.94,0.0,0.0,40.75,23.0
593,53.11,0.0,3.708,10.159,37.67,126.0,1.0,-27.17,-721.35,0.0,0.0,39.44,23.0
594,53.11,0.0,3.791,10.248,38.85,126.0,1.0,-22.19,-571.22,0.0,0.0,37.94,23.0
595,52.73,90.0,3.77,9.78,36.87,126.0,1.0,-6.37,-172.66,0.0,0.0,15.51,23.0
596,52.73,90.0,3.78,9.88,37.35,126.0,1.0,-5.83,-156.08,0.0,0.0,14.6,23.0
597,52.73,90.0,3.78,9.95,37.61,126.0,1.0,-6.54,-173.81,0.0,0.0,14.72,23.0
598,52.73,90.0,3.92,10.07,39.47,126.0,1.0,-6.0,-152.0,0.0,0.0,13.83,23.0
599,52.73,90.0,3.81,9.82,37.41,126.0,1.0,-6.09,-162.64,0.0,0.0,13.93,23.0
600,52.73,90.0,3.76,9.9,37.22,126.0,1.0,-6.31,-169.54,0.0,0.0,14.45,23.0
601,52.73,90.0,3.93,9.93,39.02,126.0,1.0,-6.09,-155.93,0.0,0.0,13.62,23.0
602,52.73,90.0,3.95,9.83,38.83,126.0,1.0,-6.31,-162.54,0.0,0.0,13.82,23.0
603,52.73,90.0,3.91,9.84,38.47,126.0,1.0,-5.96,-154.99,0.0,0.0,13.36,23.0
604,52.73,90.0,3.79,9.85,37.33,126.0,1.0,-6.29,-168.57,0.0,0.0,14.15,23.0
647,53.31,0.0,3.8,25.0,95.0,145.0,-1.0,25.0,263.16,3.2821687783046416,5.0,37.25,28.12142857142857
648,53.31,0.0,3.8,25.0,95.0,145.0,1.0,73.74,776.18,0.0,0.0,38.2,28.12142857142857
650,53.31,0.0,3.8,25.0,95.0,145.0,-1.0,20.0,210.53,4.413450651007325,5.0,37.55,28.12142857142857
651,53.31,0.0,3.8,25.1,95.38,145.0,-1.0,20.0,209.69,4.536987475130602,5.0,37.75,28.12142857142857
652,53.31,0.0,3.8,25.1,95.38,145.0,1.0,75.08,787.17,0.0,0.0,36.2,28.12142857142857
653,53.31,0.0,3.8,25.0,95.0,145.0,-1.0,25.0,263.16,2.9628426812012423,5.0,37.35,28.12142857142857
654,53.31,0.0,3.8,25.0,95.0,145.0,-1.0,18.0,189.47,5.168332455625744,5.0,37.5,28.12142857142857
655,50.81,0.0,3.7,24.7,91.39,145.0,1.0,-43.32,-474.04,0.0,0.0,38.96,28.12142857142857
656,50.81,0.0,3.7,25.0,92.5,145.0,1.0,-42.3,-457.32,0.0,0.0,39.43,28.12142857142857
657,50.81,0.0,3.7,24.8,91.76,145.0,1.0,-42.7,-465.34,0.0,0.0,38.9,28.12142857142857
658,52.32,0.0,3.8,24.8,94.24,145.0,1.0,-43.04,-456.75,0.0,0.0,37.76,28.12142857142857
659,52.32,0.0,3.7,24.7,91.39,145.0,-1.0,27.83,304.52,2.630427875025024,5.0,37.945,28.12142857142857
660,52.32,0.0,3.7,24.9,92.13,145.0,-1.0,16.7,181.24,5.804564655426015,5.0,39.195,28.12142857142857
661,52.32,0.0,3.7,24.4,90.28,145.0,-1.0,23.19,256.89,3.387389826338729,5.0,39.099999999999994,28.12142857142857
662,52.32,0.0,3.7,24.7,91.39,145.0,-1.0,23.19,253.77,3.36285930295868,5.0,39.335,28.12142857142857
663,52.32,0.0,3.8,24.5,93.1,145.0,1.0,67.9,729.31,0.0,0.0,37.01,28.12142857142857
664,52.32,0.0,3.8,24.7,93.86,145.0,1.0,79.31,845.02,0.0,0.0,39.33,28.12142857142857
665,52.32,0.0,3.7,24.8,91.76,145.0,-1.0,16.7,181.98,5.833532767592629,5.0,38.635000000000005,28.12142857142857
666,52.32,0.0,3.8,24.8,94.24,145.0,1.0,-41.94,-445.08,0.0,0.0,38.41,28.12142857142857
667,52.32,0.0,3.7,24.8,91.76,145.0,1.0,-40.68,-443.29,0.0,0.0,39.52,28.12142857142857
668,52.32,0.0,3.7,25.0,92.5,145.0,-1.0,32.47,351.01,3.4316853446860116,1.0,39.379999999999995,28.12142857142857
669,52.32,0.0,3.8,24.8,94.24,145.0,-1.0,23.19,246.09,3.55339751012388,5.0,37.480000000000004,28.12142857142857
670,52.32,0.0,3.7,24.7,91.39,145.0,-1.0,30.0,328.26,3.362670929725667,1.0,38.55,28.12142857142857
671,52.32,0.0,3.8,24.8,94.24,145.0,1.0,-41.0,-435.06,0.0,0.0,37.97,28.12142857142857
672,52.32,0.0,3.8,24.6,93.48,145.0,1.0,-41.49,-443.86,0.0,0.0,38.41,28.12142857142857
673,52.32,0.0,3.75,24.9,93.38,145.0,-1.0,18.55,198.7,5.65778321280759,5.0,38.405,28.12142857142857
674,52.32,0.0,3.8,24.8,94.24,145.0,1.0,76.6,812.77,0.0,0.0,39.61,28.12142857142857
675,50.66,0.0,3.9,24.6,95.94,145.0,1.0,76.06,792.76,0.0,0.0,36.3,28.12142857142857
677,50.66,0.0,3.8,24.7,93.86,145.0,-1.0,27.83,296.51,4.335197045077562,1.0,38.22,28.12142857142857
679,50.66,0.0,3.7,24.7,91.39,145.0,1.0,72.57,794.02,0.0,0.0,38.03,28.12142857142857
681,50.66,0.0,3.8,24.8,94.24,145.0,1.0,76.46,811.34,0.0,0.0,37.85,28.12142857142857
682,50.66,0.0,3.8,24.8,94.24,145.0,1.0,-42.48,-450.76,0.0,0.0,38.6,28.12142857142857
683,50.66,0.0,3.8,24.8,94.24,145.0,-1.0,16.7,177.19,5.870333077896974,5.0,38.5,28.12142857142857
684,50.66,0.0,3.7,24.7,91.39,145.0,1.0,-41.54,-454.5,0.0,0.0,38.96,28.12142857142857
685,50.66,0.0,3.8,24.8,94.24,145.0,1.0,75.7,803.27,0.0,0.0,36.6,28.12142857142857
751,53.31,0.0,3.67,25.25,92.67,145.0,1.0,-46.82,-505.21,0.0,0.0,40.01,44.15
752,53.31,0.0,3.7,25.34,93.76,145.0,1.0,-55.06,-587.26,0.0,0.0,40.04,44.15
753,53.31,0.0,3.7,25.12,92.94,145.0,1.0,-51.47,-553.82,0.0,0.0,40.88,44.15
754,53.31,0.0,3.68,25.29,93.14,145.0,1.0,78.18,839.32,0.0,0.0,38.03,44.15
755,53.31,0.0,3.75,25.33,95.06,145.0,1.0,75.95,798.89,0.0,0.0,39.54,44.15
756,53.31,0.0,3.69,25.22,92.99,145.0,1.0,70.66,759.87,0.0,0.0,39.39,44.15
883,53.31,0.0,3.82,25.0,95.43,145.0,1.0,75.01,786.02,0.0,0.0,37.91,30.443137254901963
884,53.31,0.0,3.82,25.0,95.43,145.0,1.0,77.02,807.08,0.0,0.0,41.45,30.443137254901963
885,53.31,0.0,3.82,25.0,95.43,145.0,1.0,76.62,802.89,0.0,0.0,39.25,30.443137254901963
886,53.31,0.0,3.82,25.0,95.43,145.0,1.0,75.98,796.19,0.0,0.0,40.83,30.443137254901963
887,53.31,0.0,3.82,25.0,95.43,145.0,1.0,-55.96,-586.4,0.0,0.0,43.04,30.443137254901963
888,53.31,0.0,3.82,25.0,95.43,145.0,1.0,-52.26,-547.63,0.0,0.0,41.09,30.443137254901963
889,53.31,0.0,3.82,25.0,95.43,145.0,1.0,-54.8,-574.24,0.0,0.0,39.75,30.443137254901963
890,53.31,0.0,3.82,25.0,95.43,145.0,1.0,-57.37,-601.17,0.0,0.0,40.05,30.443137254901963
891,53.31,0.0,3.85,25.37,97.76,145.0,10.0,-50.0,-511.47,0.3010299956639812,2.8,39.13,30.443137254901963
893,53.31,0.0,3.79,25.22,95.5,145.0,10.0,-38.0,-397.9,5.479330527707678,4.85,41.19,49.5
894,53.31,0.0,3.81,25.62,97.61,145.0,10.0,-45.0,-461.01,2.469822015978163,4.0,41.18,28.0
895,53.31,0.0,3.74,25.38,94.92,145.0,10.0,-40.0,-421.4,5.0802114725318805,4.5,39.99,30.443137254901963
896,53.31,0.0,3.74,25.5,95.29,145.0,10.0,-42.0,-440.78,3.7685641095135733,4.7,42.18,34.4
897,50.66,0.0,3.78,24.75,93.49,145.0,-1.0,25.0,267.42,3.3483048630481607,2.5,39.025000000000006,43.6
898,50.66,0.0,3.79,24.74,93.86,145.0,-1.0,25.0,266.35,4.215796132589833,2.5,38.05,32.6
899,50.66,0.0,3.83,24.79,95.04,145.0,-1.0,17.0,178.87,5.953092036768397,4.32,39.225,30.443137254901963
900,50.66,0.0,3.79,24.62,93.32,145.0,-1.0,25.0,267.89,4.656835780078811,2.0,39.7,32.5
901,50.29,0.0,3.77,24.61,92.85,145.0,-1.0,17.5,188.48,5.609812035461795,4.1,38.675,45.0
902,50.29,0.0,3.81,24.66,93.95,145.0,-1.0,20.0,212.87,5.497554361304037,3.13,38.6,31.0
903,50.29,0.0,3.81,24.76,94.25,145.0,-1.0,17.0,180.37,5.836186715107154,4.32,39.05,30.443137254901963
904,50.29,0.0,3.76,24.7,92.8,145.0,-1.0,20.0,215.51,5.439094161184332,3.13,39.1,30.443137254901963
905,50.29,0.0,3.81,24.91,94.92,145.0,-1.0,20.0,210.7,5.42838913831827,3.13,37.95,30.443137254901963
906,50.29,0.0,3.87,24.96,96.69,145.0,-1.0,20.0,206.84,5.311416887321614,3.13,37.175,29.1
907,50.29,0.0,3.81,24.91,94.92,145.0,-1.0,25.0,263.38,4.6652337918846865,2.0,38.95,30.443137254901963
908,50.29,0.0,3.83,24.71,94.56,145.0,-1.0,20.0,211.51,5.189158921951052,3.13,37.2,30.443137254901963
909,50.29,0.0,3.82,24.79,94.63,145.0,-1.0,17.5,184.93,5.728460921835572,4.1,38.525000000000006,40.7
912,50.29,0.0,3.92,24.81,97.24,145.0,-1.0,25.0,257.09,4.64423173331632,2.0,37.849999999999994,30.443137254901963
914,50.29,0.0,3.77,24.6,92.73,145.0,1.0,76.43,824.23,0.0,0.0,38.57,30.443137254901963
915,50.29,0.0,3.8,24.72,94.01,145.0,1.0,71.86,764.42,0.0,0.0,39.1,30.443137254901963
916,50.29,0.0,3.73,24.92,93.05,145.0,1.0,65.5,703.94,0.0,0.0,38.75,30.443137254901963
917,50.29,0.0,3.84,24.75,95.14,145.0,1.0,73.65,774.16,0.0,0.0,38.05,30.443137254901963
918,50.29,0.0,3.75,24.86,93.15,145.0,1.0,72.18,774.84,0.0,0.0,36.74,30.443137254901963
919,51.47,0.0,3.67,24.87,91.2,145.0,1.0,72.8,798.23,0.0,0.0,39.2,30.443137254901963
920,51.47,0.0,3.66,24.72,90.38,145.0,1.0,73.99,818.65,0.0,0.0,39.73,30.443137254901963
921,51.47,0.0,3.72,24.64,91.65,145.0,1.0,72.7,793.25,0.0,0.0,38.72,30.443137254901963
922,51.47,0.0,3.74,24.72,92.55,145.0,1.0,71.94,777.33,0.0,0.0,39.0,30.443137254901963
923,51.47,0.0,3.73,24.77,92.47,145.0,1.0,72.36,782.48,0.0,0.0,39.59,30.443137254901963
924,51.47,0.0,3.68,24.72,90.89,145.0,1.0,71.58,787.57,0.0,0.0,39.38,30.443137254901963
925,51.47,0.0,3.78,24.6,92.91,145.0,1.0,71.46,769.16,0.0,0.0,38.02,30.443137254901963
926,51.47,0.0,3.72,24.56,91.43,145.0,1.0,71.44,781.34,0.0,0.0,40.18,30.443137254901963
927,51.47,0.0,3.69,24.86,91.64,145.0,1.0,73.38,800.76,0.0,0.0,41.38,30.443137254901963
928,51.47,0.0,3.74,24.82,92.76,145.0,1.0,74.37,801.78,0.0,0.0,39.31,30.443137254901963
929,51.47,0.0,3.72,24.82,92.32,145.0,1.0,72.46,784.9,0.0,0.0,39.8,30.443137254901963
930,51.47,0.0,3.75,24.52,92.03,145.0,1.0,70.45,765.5,0.0,0.0,39.03,30.443137254901963
931,51.47,0.0,3.74,24.56,91.85,145.0,1.0,73.65,801.81,0.0,0.0,40.99,30.443137254901963
932,51.47,0.0,3.75,24.64,92.48,145.0,1.0,68.14,736.79,0.0,0.0,37.85,30.443137254901963
933,51.47,0.0,3.82,24.84,94.82,145.0,1.0,71.37,752.7,0.0,0.0,37.26,30.443137254901963
934,51.47,0.0,3.69,24.88,91.9,145.0,1.0,73.81,803.13,0.0,0.0,38.9,30.443137254901963
935,51.47,0.0,3.8,24.77,94.03,145.0,1.0,72.63,772.41,0.0,0.0,40.11,30.443137254901963
936,49.49,0.0,3.71,24.78,91.95,145.0,1.0,76.87,836.03,0.0,0.0,39.7,30.443137254901963
937,49.49,0.0,3.76,25.03,94.13,145.0,1.0,68.84,731.37,0.0,0.0,37.74,30.443137254901963
938,49.49,0.0,3.77,25.0,94.18,145.0,1.0,75.06,796.99,0.0,0.0,39.28,30.443137254901963
939,49.49,0.0,3.71,24.91,92.4,145.0,1.0,76.27,825.4,0.0,0.0,40.08,30.443137254901963
940,49.49,0.0,3.82,24.87,95.02,145.0,1.0,66.4,698.83,0.0,0.0,38.94,30.443137254901963
941,49.49,0.0,3.83,25.02,95.91,145.0,1.0,66.66,695.03,0.0,0.0,38.14,30.443137254901963
942,49.49,0.0,3.79,24.77,93.8,145.0,1.0,71.79,765.39,0.0,0.0,38.66,30.443137254901963
943,49.49,0.0,3.79,24.98,94.57,145.0,-1.0,17.0,179.75,5.910061698508087,4.33,38.35,30.443137254901963
944,49.49,0.0,3.84,24.86,95.5,145.0,-1.0,25.0,261.78,4.563516681843913,2.0,38.475,30.0
955,49.07,0.0,3.85,25.2,96.93,145.0,-1.0,17.0,175.38,6.152307000294602,4.32,37.735,34.3
959,52.47,0.0,3.83,25.33,97.01,145.0,1.0,-52.11,-537.14,0.0,0.0,38.9,30.443137254901963
960,52.47,0.0,3.88,25.41,98.58,145.0,1.0,-53.23,-539.97,0.0,0.0,38.16,30.443137254901963
961,52.47,0.0,3.81,25.35,96.67,145.0,1.0,-51.19,-529.53,0.0,0.0,39.07,30.443137254901963
962,52.47,0.0,3.89,25.41,98.78,145.0,1.0,-50.17,-507.89,0.0,0.0,38.06,30.443137254901963
963,52.47,0.0,3.88,25.35,98.45,145.0,1.0,-50.01,-508.0,0.0,0.0,37.44,30.443137254901963
964,52.47,0.0,3.91,25.4,99.3,145.0,1.0,-52.09,-524.56,0.0,0.0,38.58,30.443137254901963
965,52.47,0.0,3.95,25.34,100.18,145.0,1.0,-53.4,-533.04,0.0,0.0,38.46,30.443137254901963
966,52.47,0.0,3.86,25.41,98.07,145.0,1.0,-52.09,-531.15,0.0,0.0,38.03,30.443137254901963
967,49.79,0.0,3.84,25.27,97.05,145.0,1.0,-49.57,-510.78,0.0,0.0,39.33,30.443137254901963
968,49.79,0.0,3.78,25.37,95.89,145.0,1.0,-50.74,-529.16,0.0,0.0,39.06,30.443137254901963
969,49.79,0.0,3.81,25.41,96.81,145.0,1.0,-51.47,-531.65,0.0,0.0,39.8,30.443137254901963
970,49.79,0.0,3.81,25.45,96.88,145.0,1.0,-49.25,-508.38,0.0,0.0,39.03,30.443137254901963
971,49.79,0.0,3.76,25.31,95.09,145.0,1.0,-49.73,-522.98,0.0,0.0,38.51,30.443137254901963
972,49.79,0.0,3.79,25.19,95.55,145.0,1.0,-45.94,-480.82,0.0,0.0,39.24,30.443137254901963
973,49.79,0.0,3.79,25.15,95.25,145.0,1.0,-49.97,-524.6,0.0,0.0,38.88,30.443137254901963
974,49.79,0.0,3.8,25.27,95.96,145.0,1.0,-50.82,-529.59,0.0,0.0,39.4,30.443137254901963
975,49.79,0.0,3.8,25.41,96.57,145.0,1.0,-47.31,-489.89,0.0,0.0,38.34,30.443137254901963
976,49.79,0.0,3.82,25.3,96.72,145.0,1.0,-51.21,-529.46,0.0,0.0,38.63,30.443137254901963
977,49.79,0.0,3.77,25.38,95.75,145.0,1.0,-46.82,-488.99,0.0,0.0,39.37,30.443137254901963
978,49.79,0.0,3.76,25.26,94.99,145.0,1.0,-48.86,-514.38,0.0,0.0,38.6,30.443137254901963
979,49.79,0.0,3.85,25.45,97.97,145.0,1.0,-51.07,-521.3,0.0,0.0,39.3,30.443137254901963
980,49.79,0.0,3.81,25.53,97.26,145.0,1.0,-52.07,-535.4,0.0,0.0,38.9,30.443137254901963
981,49.79,0.0,3.81,25.48,96.99,145.0,1.0,-52.53,-541.58,0.0,0.0,40.1,30.443137254901963
982,49.79,0.0,3.83,25.38,97.21,145.0,1.0,-50.49,-519.4,0.0,0.0,39.2,30.443137254901963
983,49.79,0.0,3.82,25.34,96.86,145.0,1.0,-52.12,-538.04,0.0,0.0,39.2,30.443137254901963
984,49.79,0.0,3.83,25.45,97.54,145.0,1.0,-52.64,-539.69,0.0,0.0,38.9,30.443137254901963
985,51.11,0.0,3.77,25.23,95.11,145.0,1.0,76.27,801.95,0.0,0.0,42.59,30.443137254901963
997,53.73,90.0,6.33,25.04,158.45,145.0,1.0,8.54,53.9,0.0,0.0,14.02,30.443137254901963
998,53.73,90.0,6.32,25.21,159.3,145.0,1.0,8.24,51.73,0.0,0.0,14.73,30.443137254901963
999,53.73,90.0,6.31,25.29,159.59,145.0,1.0,8.63,54.08,0.0,0.0,14.35,30.443137254901963
1000,53.73,90.0,6.29,25.0,157.19,145.0,1.0,8.81,56.05,0.0,0.0,14.07,30.443137254901963
1001,53.73,90.0,6.35,25.18,159.84,145.0,1.0,8.59,53.74,0.0,0.0,13.84,30.443137254901963
1002,53.73,90.0,6.35,25.2,160.0,145.0,1.0,9.19,57.44,0.0,0.0,13.88,30.443137254901963
1003,53.73,90.0,6.31,25.11,158.39,145.0,1.0,9.49,59.92,0.0,0.0,14.01,30.443137254901963
1004,53.73,90.0,6.33,25.23,159.69,145.0,1.0,8.73,54.67,0.0,0.0,14.16,30.443137254901963
1005,53.73,90.0,6.33,25.27,159.96,145.0,1.0,9.08,56.76,0.0,0.0,14.69,30.443137254901963
1006,53.73,90.0,6.38,24.99,159.53,145.0,1.0,7.91,49.58,0.0,0.0,14.09,30.443137254901963
1007,53.73,90.0,6.36,25.11,159.68,145.0,1.0,8.39,52.54,0.0,0.0,14.42,30.443137254901963
1008,53.73,90.0,6.3,25.24,159.07,145.0,1.0,8.31,52.24,0.0,0.0,14.39,30.443137254901963
1009,53.73,90.0,6.36,25.24,160.51,145.0,1.0,9.11,56.76,0.0,0.0,13.9,30.443137254901963
1010,53.73,90.0,6.33,25.13,159.05,145.0,1.0,-27.16,-170.78,0.0,0.0,15.1,30.443137254901963
1011,53.73,90.0,6.34,25.26,160.05,145.0,1.0,9.11,56.92,0.0,0.0,13.78,30.443137254901963
1012,53.73,90.0,6.32,25.16,159.01,145.0,1.0,8.22,51.69,0.0,0.0,7.74,30.443137254901963
1013,53.73,90.0,6.3,25.27,159.13,145.0,1.0,-26.7,-167.77,0.0,0.0,14.7,30.443137254901963
1014,53.73,90.0,6.36,25.19,160.3,145.0,1.0,8.69,54.21,0.0,0.0,14.6,30.443137254901963
1015,53.73,90.0,6.32,25.19,159.2,145.0,1.0,8.14,51.13,0.0,0.0,14.29,30.443137254901963
1016,53.73,90.0,6.29,25.3,159.21,145.0,1.0,8.01,50.31,0.0,0.0,13.93,30.443137254901963
1017,53.73,90.0,6.28,25.25,158.51,145.0,1.0,8.27,52.17,0.0,0.0,14.17,30.443137254901963
1018,53.73,90.0,6.31,25.22,159.19,145.0,1.0,-26.02,-163.42,0.0,0.0,15.3,30.443137254901963
1019,53.73,90.0,6.33,25.17,159.4,145.0,1.0,8.34,52.32,0.0,0.0,13.74,30.443137254901963
1020,53.73,90.0,6.39,25.2,161.03,145.0,1.0,8.23,51.11,0.0,0.0,13.66,30.443137254901963
1021,53.73,90.0,6.26,25.24,157.93,145.0,1.0,8.26,52.29,0.0,0.0,14.0,30.443137254901963
1022,53.73,90.0,6.28,25.19,158.21,145.0,1.0,8.36,52.85,0.0,0.0,13.6,30.443137254901963
1023,53.73,90.0,6.3,25.16,158.6,145.0,1.0,8.85,55.82,0.0,0.0,14.19,30.443137254901963
1024,53.73,90.0,6.31,25.21,159.17,145.0,1.0,-27.04,-169.88,0.0,0.0,15.03,30.443137254901963
1025,53.73,90.0,6.38,25.06,159.98,145.0,1.0,-26.45,-165.34,0.0,0.0,15.22,30.443137254901963
1026,53.73,90.0,6.39,25.2,161.1,145.0,1.0,-26.1,-162.01,0.0,0.0,14.95,30.443137254901963
1027,53.73,90.0,6.29,24.91,156.76,145.0,1.0,8.95,57.07,0.0,0.0,13.88,30.443137254901963
1028,53.73,90.0,6.32,25.14,158.81,145.0,1.0,8.45,53.18,0.0,0.0,13.54,30.443137254901963
1029,53.73,90.0,6.3,25.31,159.47,145.0,1.0,-27.22,-170.66,0.0,0.0,14.9,30.443137254901963
1030,53.73,90.0,6.28,25.31,158.95,145.0,1.0,-26.76,-168.36,0.0,0.0,15.1,30.443137254901963
1031,53.73,90.0,6.26,25.33,158.57,145.0,1.0,-26.14,-164.85,0.0,0.0,14.75,30.443137254901963
1032,53.73,90.0,6.35,25.24,160.29,145.0,1.0,-27.52,-171.69,0.0,0.0,15.03,30.443137254901963
1033,54.75,90.0,6.31,25.05,158.04,145.0,1.0,-26.59,-168.23,0.0,0.0,14.7,30.443137254901963
1034,54.75,90.0,6.26,25.01,156.54,145.0,1.0,-26.72,-170.71,0.0,0.0,15.0,30.443137254901963
1035,54.75,90.0,6.47,25.0,161.77,145.0,1.0,-26.65,-164.74,0.0,0.0,14.7,30.443137254901963
1036,54.75,90.0,6.28,25.15,158.04,145.0,1.0,-25.65,-162.3,0.0,0.0,15.01,30.443137254901963
1037,54.75,90.0,6.3,24.98,157.4,145.0,1.0,-26.14,-166.08,0.0,0.0,15.11,30.443137254901963
1038,54.75,90.0,6.26,25.11,157.09,145.0,1.0,-25.11,-159.83,0.0,0.0,15.1,30.443137254901963
1039,54.75,90.0,6.36,25.05,159.39,145.0,1.0,-26.12,-163.9,0.0,0.0,14.8,30.443137254901963
1040,54.75,90.0,6.34,25.03,158.62,145.0,1.0,-23.6,-148.79,0.0,0.0,14.65,30.443137254901963
1041,54.75,90.0,6.36,24.95,158.61,145.0,1.0,-26.08,-164.43,0.0,0.0,15.16,30.443137254901963
1042,54.75,90.0,6.3,25.04,157.75,145.0,1.0,-25.88,-164.05,0.0,0.0,14.39,30.443137254901963
1043,54.75,90.0,6.33,25.0,158.18,145.0,1.0,-25.56,-161.59,0.0,0.0,15.05,30.443137254901963
1044,54.75,90.0,6.34,25.07,158.94,145.0,1.0,-26.68,-167.88,0.0,0.0,15.1,30.443137254901963
1045,54.75,90.0,6.36,25.12,159.67,145.0,1.0,-26.09,-163.39,0.0,0.0,15.14,30.443137254901963
1046,54.75,90.0,6.39,25.1,160.49,145.0,1.0,-26.65,-166.06,0.0,0.0,15.66,30.443137254901963
1047,54.75,90.0,6.27,25.15,157.67,145.0,1.0,-26.2,-166.17,0.0,0.0,15.28,30.443137254901963
1048,54.75,90.0,6.46,25.02,161.63,145.0,1.0,-25.45,-157.47,0.0,0.0,15.0,30.443137254901963
1075,52.55,0.0,3.78,24.9,94.12,145.0,-1.0,18.0,191.24,5.502153892871361,5.0,35.875,27.59130434782608
1078,49.45,0.0,3.88,25.31,98.19,145.0,-1.0,29.46,300.0,4.107515225651465,1.5,37.349999999999994,30.4
1079,49.45,0.0,3.84,25.19,96.65,145.0,-1.0,28.99,300.0,3.0881360887005513,2.0,36.04,30.4
1080,49.45,0.0,3.85,25.28,97.43,145.0,-1.0,29.23,300.0,3.3811150807098507,1.75,32.655,32.0
1081,49.45,0.0,3.71,25.07,93.08,145.0,-1.0,27.92,300.0,4.2069607291557105,1.5,38.129999999999995,29.3
1082,49.45,0.0,3.88,25.25,97.97,145.0,-1.0,25.0,255.18,4.701403906447556,2.0,36.24,29.8
1083,49.45,0.0,3.83,25.21,96.64,145.0,-1.0,35.0,362.18,3.197280558125619,1.02,35.349999999999994,28.1
1084,49.45,0.0,3.84,25.35,97.42,145.0,-1.0,35.0,359.29,2.7558748556724915,1.02,35.224999999999994,34.9
1086,49.45,0.0,3.8,25.28,96.08,145.0,-1.0,25.0,260.21,4.547602429785681,2.0,36.685,28.5
1087,50.65,0.0,3.77,25.02,94.24,145.0,-1.0,25.0,265.27,4.31722734917642,2.0,37.0,29.2
1089,53.09,0.0,3.73,25.46,95.06,145.0,-1.0,17.0,178.83,5.9994772292285665,4.33,34.655,28.0
1091,51.2,0.0,3.74,25.21,94.37,145.0,10.0,-44.31,-469.48,5.296281174399547,3.35,38.79,30.443137254901963
1092,51.2,0.0,3.7,25.28,93.46,145.0,10.0,-43.97,-470.47,3.3027637084729817,3.31,39.29,30.443137254901963
1093,49.07,0.0,3.77,25.23,95.05,145.0,10.0,-43.04,-452.8,3.749427099121749,3.57,39.27,31.5
1094,49.07,0.0,3.82,25.16,96.19,145.0,10.0,-43.55,-452.77,4.203848463746235,3.57,37.13,32.0
1095,49.07,0.0,3.87,25.13,97.25,145.0,10.0,-40.81,-419.63,5.927176273204661,4.16,38.58,33.8
1098,49.49,0.0,3.85,24.89,95.89,145.0,10.0,-45.11,-470.44,2.6711728427150834,3.31,39.33,30.443137254901963
1099,51.2,0.0,3.76,25.21,94.8,145.0,10.0,-44.6,-470.46,2.5998830720736876,3.31,39.79,30.443137254901963
1100,51.2,0.0,3.72,25.26,93.89,145.0,10.0,-43.76,-466.07,3.516403148447403,3.37,39.92,30.443137254901963
1104,56.66,90.0,6.36,25.13,159.77,145.0,10.0,-23.03,-144.17,3.562768543016519,3.0,13.8,30.443137254901963
1105,56.66,90.0,6.3,25.03,157.74,145.0,10.0,-24.68,-156.47,2.7573960287930244,2.59,14.2,30.4
1106,56.66,90.0,6.39,24.85,158.72,145.0,10.0,-25.01,-157.59,2.754348335711019,2.59,14.6,28.8
1144,53.09,0.0,3.73,25.44,94.89,145.0,-1.0,17.0,179.15,6.16370241453279,4.33,35.735,26.5
1145,53.09,0.0,3.65,25.44,92.78,145.0,0.1,45.0,485.0,3.723044991643445,2.16,35.58,26.8
1146,53.09,0.0,3.74,25.39,94.97,145.0,0.1,55.0,579.12,3.083860800866573,1.5,36.84,26.3
1148,53.09,0.0,3.75,25.51,95.75,145.0,0.1,25.0,261.1,5.518799427546235,5.0,35.6,25.0
1149,53.09,0.0,3.72,25.48,94.8,145.0,0.1,20.0,210.97,5.268170629834625,5.0,36.36,23.0
1150,53.54,0.0,3.79,25.56,96.79,145.0,10.0,-20.0,-206.64,5.395925428467096,5.0,35.22,23.3
1151,53.09,0.0,3.7,25.53,94.47,145.0,10.0,-40.0,-423.4,0.0,2.73,36.7,22.9
1152,53.09,0.0,3.77,25.22,95.07,145.0,10.0,-30.0,-315.57,5.787825185380205,3.57,35.94,26.0
1153,53.09,0.0,3.75,25.49,95.5,145.0,10.0,-35.0,-366.48,5.654339251455213,3.57,35.62,27.6
1154,53.54,0.0,3.76,25.46,95.66,145.0,10.0,-40.0,-418.16,0.6020599913279624,2.73,34.21,21.5
1156,52.55,0.0,3.73,24.71,92.18,145.0,-1.0,20.0,216.97,4.320914453045575,5.0,36.519999999999996,27.59130434782608
1157,50.81,0.0,3.85,24.55,94.52,145.0,-1.0,17.01,179.97,5.834315773598671,4.32,38.099999999999994,32.10476190476191
1158,50.81,0.0,3.75,24.71,92.66,145.0,-1.0,16.68,180.01,5.829535977866126,4.32,38.0,32.10476190476191
1159,50.81,0.0,3.77,24.71,93.16,145.0,-1.0,16.77,180.02,5.81868898208072,4.32,37.224999999999994,32.10476190476191
1160,50.81,0.0,3.8,24.59,93.44,145.0,-1.0,28.03,299.97,3.8294967497201826,1.52,37.769999999999996,32.10476190476191
1161,50.81,0.0,3.88,24.59,95.41,145.0,-1.0,24.81,260.04,4.407645797062556,2.0,37.275000000000006,33.2
1162,50.81,0.0,3.95,24.67,97.45,145.0,-1.0,20.49,210.27,5.130497804316687,3.13,36.36,32.10476190476191
1163,50.81,0.0,3.86,24.77,95.61,145.0,-1.0,24.86,260.01,4.608579514826188,2.0,38.05,32.10476190476191
1164,50.81,0.0,3.82,24.68,94.28,145.0,-1.0,19.8,210.02,5.332404118994238,3.13,37.615,31.9
1165,50.81,0.0,3.86,24.84,95.88,145.0,-1.0,20.14,210.05,5.2252265510880465,3.13,37.485,32.10476190476191
1166,50.81,0.0,3.85,24.62,94.79,145.0,-1.0,24.64,259.95,4.487308099109349,2.0,37.275,33.1
1168,52.97,0.0,3.72,24.85,92.44,280.0,0.1,20.01,216.45,6.293473048156108,8.3,40.0,23.0
1169,52.97,0.0,3.73,24.86,92.73,280.0,0.1,21.99,237.12,5.7135913347584735,6.8,39.6,23.0
1171,53.62,0.0,3.7,24.83,91.87,280.0,0.1,25.28,275.22,5.186560828852073,5.0,39.75,23.0
1173,53.62,0.0,3.72,24.65,91.7,280.0,0.1,28.8,314.05,4.991934549718948,3.8,40.13,23.0
1174,53.62,0.0,3.7,24.77,91.65,280.0,0.1,32.17,350.97,4.668199484198662,2.92,41.2,23.0
1175,53.62,0.0,3.78,24.84,93.9,280.0,0.1,35.14,374.25,4.280578370368076,2.7,40.0,23.0
1176,53.62,0.0,3.6,24.76,89.14,280.0,0.1,35.09,393.69,4.284656282788515,2.42,40.22,23.0
1177,53.62,0.0,3.59,24.66,88.53,280.0,0.1,36.46,411.87,4.129045059887958,2.14,41.27,23.0
1178,53.62,0.0,3.71,24.91,92.42,280.0,0.1,42.85,463.69,3.57978359661681,1.84,39.0,23.0
1188,53.4,0.0,3.62,25.36,91.8,145.0,-1.0,32.33,352.17,3.2880255353883627,2.0,41.955,30.5
1189,53.4,0.0,3.63,25.38,92.13,145.0,-1.0,32.33,350.92,3.34966598409663,2.0,45.93,31.7
1190,53.4,0.0,3.67,25.48,93.51,145.0,-1.0,32.33,345.73,3.2234959409623944,2.0,49.91,29.2
1191,53.4,0.0,3.67,25.37,93.11,145.0,-1.0,32.33,347.23,3.302114376956201,2.0,41.825,30.0
1193,53.31,0.0,3.78,25.3,95.63,145.0,1.0,-42.65,-445.97,0.0,0.0,38.56,44.15
1194,53.31,0.0,3.71,25.3,93.86,145.0,1.0,73.82,786.47,0.0,0.0,39.41,44.15
1195,53.31,0.0,3.75,25.3,94.8,145.0,1.0,77.59,818.47,0.0,0.0,39.36,44.15
1206,53.31,0.0,3.71,25.25,93.75,145.0,-1.0,25.15,268.26,4.803491256954348,1.0,38.67,34.2
1207,50.82,0.0,3.66,24.79,90.85,145.0,-1.0,20.0,220.15,5.637010139789675,2.25,39.739999999999995,44.15
1208,50.82,0.0,3.73,24.8,92.45,145.0,-1.0,17.0,183.89,6.176683522229599,4.32,39.605000000000004,44.15
1209,50.82,0.0,3.68,24.75,91.13,145.0,-1.0,20.0,219.47,5.680830272795469,2.25,40.265,44.15
1210,50.82,0.0,3.66,24.76,90.57,145.0,-1.0,28.0,309.15,4.618894929662588,0.9,40.345,44.15
1212,50.82,0.0,3.73,24.8,92.57,145.0,-1.0,17.0,183.65,6.026698697982396,3.0,39.245000000000005,44.15
1213,50.82,0.0,3.66,25.07,91.65,145.0,-1.0,20.0,218.22,5.626219199767275,2.25,38.8,44.15
1214,50.82,0.0,3.72,24.78,92.22,145.0,-1.0,17.0,184.35,6.116287217345921,3.0,38.775,44.15
1215,50.82,0.0,3.74,24.75,92.58,145.0,-1.0,25.0,270.04,4.793434145077811,1.2,39.260000000000005,44.15
1216,50.82,0.0,3.65,24.82,90.59,145.0,-1.0,25.0,275.96,4.884846321198446,1.2,39.95,44.15
1217,53.54,0.0,3.73,25.32,94.54,145.0,1.0,78.94,834.95,0.0,0.0,38.57,27.59130434782608
1218,53.54,0.0,3.74,25.4,94.98,145.0,1.0,79.74,839.48,0.0,0.0,39.1,27.59130434782608
1219,53.54,0.0,3.71,25.41,94.37,145.0,1.0,81.24,860.89,0.0,0.0,38.5,27.59130434782608
1220,53.54,0.0,3.76,25.41,95.55,145.0,1.0,80.3,840.4,0.0,0.0,39.22,27.59130434782608
1221,53.54,0.0,3.72,25.42,94.66,145.0,1.0,78.72,831.58,0.0,0.0,39.33,27.59130434782608
1222,53.54,0.0,3.73,25.72,95.85,145.0,1.0,79.14,825.71,0.0,0.0,36.4,27.59130434782608
1229,56.66,90.0,6.2,25.03,155.08,145.0,1.0,9.14,58.92,0.0,0.0,14.71,27.59130434782608
1230,56.66,90.0,6.17,25.16,155.3,145.0,1.0,8.59,55.31,0.0,0.0,15.21,27.59130434782608
1231,56.66,90.0,6.21,25.14,156.18,145.0,1.0,8.96,57.37,0.0,0.0,14.93,27.59130434782608
1232,56.66,90.0,6.29,24.9,156.54,145.0,1.0,9.0,57.5,0.0,0.0,14.49,27.59130434782608
1233,56.66,90.0,6.16,25.16,155.09,145.0,1.0,8.72,56.23,0.0,0.0,15.08,27.59130434782608
1234,56.66,90.0,6.28,25.19,158.17,145.0,1.0,9.23,58.34,0.0,0.0,14.48,27.59130434782608
1265,53.19,0.0,3.66,24.98,91.43,280.0,0.1,18.48,202.13,6.166734043211645,7.0,23.81,60.0
1266,53.19,0.0,3.79,24.95,94.56,280.0,0.1,24.55,259.62,5.261365183658459,3.7,20.950000000000003,60.0
1267,53.19,0.0,3.69,24.96,92.1,280.0,0.1,44.54,483.59,3.563955464995813,3.0,21.75,60.0
1268,53.19,0.0,3.77,24.89,93.84,280.0,0.1,31.23,332.82,4.257846501591155,2.3,20.5,60.0
1269,53.19,0.0,3.76,24.96,93.85,280.0,0.1,34.63,368.99,4.100852826657301,1.9,20.5,60.0
1270,53.19,0.0,3.78,24.83,93.86,280.0,0.1,39.16,417.23,3.821579027912009,1.6,20.86,60.0
1295,56.66,90.0,6.36,24.97,158.76,145.0,10.0,-17.89,-112.71,5.549743630216195,3.56,13.74,35.6
1297,56.66,90.0,6.3,25.12,158.28,145.0,10.0,-17.8,-112.45,5.595489608153664,3.2,14.15,30.443137254901963
1299,56.66,90.0,6.33,25.08,158.76,145.0,10.0,-19.01,-119.74,4.892745556320075,2.45,14.54,30.443137254901963
1302,56.66,90.0,6.28,24.97,156.91,145.0,-1.0,2.35,15.0,5.653277170584984,3.5,15.07,24.2
1303,56.66,90.0,6.37,25.13,160.13,145.0,-1.0,5.12,32.0,4.189237580166831,1.8,14.58,26.7
1304,56.66,90.0,6.37,25.1,159.87,145.0,-1.0,3.2,20.02,5.327855279161386,3.0,14.280000000000001,28.9
1307,56.66,90.0,6.27,25.06,157.05,145.0,-1.0,5.5,34.99,3.8767949762007006,1.55,14.969999999999999,24.2
1308,56.66,90.0,6.34,25.01,158.51,145.0,-1.0,3.96,25.0,5.045932910099003,3.04,14.73,30.443137254901963
1309,56.66,90.0,6.26,25.12,157.31,145.0,-1.0,2.81,17.83,6.146134550046609,6.1,15.37,30.443137254901963
1310,56.66,90.0,6.32,25.08,158.45,145.0,0.1,5.7,36.0,4.315802469737045,1.53,14.45,23.0
1311,56.66,90.0,6.26,25.01,156.66,145.0,0.1,5.01,32.0,4.276875221131548,3.0,14.6,22.6
1312,56.66,90.0,6.34,25.11,159.14,145.0,0.1,4.3,26.99,5.080561554321455,4.5,14.5,30.443137254901963
1313,56.66,90.0,6.31,25.04,157.91,145.0,0.1,6.0,38.0,4.121723945637367,2.27,15.04,30.443137254901963
1314,54.75,90.0,6.36,25.03,159.09,145.0,0.1,3.82,24.0,5.59530438443742,5.69,14.87,30.443137254901963
1316,51.2,0.0,3.76,25.13,94.41,145.0,-1.0,25.0,264.79,4.970100365087651,2.0,38.295,30.443137254901963
1317,54.75,90.0,6.33,25.03,158.39,145.0,10.0,-21.67,-136.83,4.284836637642396,2.73,15.76,30.443137254901963
1319,56.66,90.0,6.33,25.09,158.82,145.0,-1.0,4.26,26.82,4.715510306677597,2.54,15.115,30.443137254901963
1320,56.66,90.0,6.35,25.19,159.96,145.0,-1.0,4.26,26.63,4.737232411440803,2.54,14.715,30.443137254901963
1322,56.66,90.0,6.32,25.02,158.03,145.0,-1.0,4.26,26.95,4.192037502713247,2.54,14.504999999999999,23.9
1323,56.66,90.0,6.35,25.1,159.48,145.0,-1.0,7.48,46.93,2.708420900134713,0.84,14.545,21.9
1324,56.66,90.0,6.49,24.95,161.93,145.0,10.0,-21.55,-133.09,4.371824907328892,2.73,15.23,22.4
1325,49.07,0.0,3.79,25.23,95.63,145.0,-1.0,32.55,340.37,3.6334684555795866,1.22,38.605000000000004,33.6
1326,50.65,0.0,3.84,25.17,96.73,145.0,-1.0,32.47,335.68,3.5089335260500327,1.22,38.47,30.443137254901963
1327,51.11,0.0,3.74,25.44,95.21,145.0,-1.0,32.81,344.64,3.762453482363547,1.22,38.900000000000006,30.443137254901963
1328,50.66,0.0,3.86,24.92,96.27,145.0,-1.0,32.15,333.91,3.579440597139797,1.22,38.349999999999994,30.443137254901963
1329,51.11,0.0,3.82,25.28,96.65,145.0,-1.0,32.61,337.43,3.682145076373832,1.22,37.485,30.443137254901963
1330,49.07,0.0,3.81,25.23,96.04,145.0,-1.0,16.9,175.97,6.2391219703552405,4.56,38.525,30.443137254901963
1369,51.11,0.0,3.82,25.3,96.56,145.0,-1.0,16.95,175.53,6.071128699937522,4.56,39.545,30.443137254901963
1370,55.05,90.0,6.39,25.12,160.62,145.0,-1.0,4.33,26.95,4.2484392081415105,2.54,15.315,30.443137254901963
1371,55.05,90.0,6.14,24.98,153.27,145.0,-1.0,4.13,26.95,4.315655525231531,2.54,14.795,30.443137254901963
1372,55.05,90.0,6.14,25.05,153.87,145.0,10.0,-23.6,-153.36,2.693726948923647,2.73,15.76,30.443137254901963
1373,55.05,90.0,6.09,25.18,153.45,145.0,-1.0,7.2,46.91,2.45484486000851,0.84,15.455,30.443137254901963
1374,55.05,90.0,6.0,25.04,150.3,145.0,10.0,-23.05,-153.35,2.8488047010518036,2.73,15.32,30.443137254901963
1375,55.05,90.0,6.17,25.11,154.87,145.0,10.0,-23.75,-153.35,2.690196080028514,2.73,15.48,30.443137254901963
1376,55.05,90.0,6.1,25.13,153.4,145.0,-1.0,4.13,26.95,3.9146604305892216,2.54,14.48,30.443137254901963
1377,55.05,90.0,6.09,24.98,152.21,145.0,10.0,-23.34,-153.34,2.439332693830263,2.73,16.13,30.443137254901963
1378,55.05,90.0,6.06,25.1,152.09,145.0,-1.0,7.14,46.92,0.7781512503836436,0.84,15.665000000000001,30.443137254901963
1379,55.05,90.0,6.11,25.14,153.67,145.0,-1.0,4.14,26.95,4.00650882777529,2.54,16.185000000000002,27.6
1380,55.05,90.0,5.98,25.03,149.74,145.0,10.0,-22.96,-153.36,2.6866362692622934,2.73,15.81,27.5
1381,55.05,90.0,6.12,25.07,153.49,145.0,10.0,-22.96,-149.61,2.2329961103921536,2.73,14.98,30.443137254901963
1382,55.05,90.0,6.07,25.12,152.54,145.0,-1.0,7.16,46.92,2.568201724066995,0.84,15.975,30.443137254901963
1383,55.05,90.0,6.09,25.08,152.82,145.0,-1.0,4.12,26.95,3.994449137014036,2.54,15.149999999999999,30.443137254901963
1384,55.05,90.0,6.18,25.1,155.12,145.0,10.0,-23.79,-153.35,2.1931245983544616,2.73,15.4,30.443137254901963
1385,55.05,90.0,6.01,25.12,151.03,145.0,10.0,-20.67,-136.84,4.397679353778606,2.73,15.5,30.443137254901963
1386,55.05,90.0,6.31,25.14,158.7,145.0,10.0,-21.72,-136.84,3.714078164981856,2.73,15.52,30.443137254901963
1387,55.05,90.0,6.04,25.13,151.81,145.0,10.0,-17.46,-115.01,6.3829077837185055,3.86,16.61,27.5
1388,55.05,90.0,6.09,25.1,152.94,145.0,-1.0,7.18,46.93,2.3710678622717363,0.84,14.835,30.443137254901963
1389,55.05,90.0,6.08,25.18,153.09,145.0,-1.0,7.18,46.93,2.290034611362518,0.84,14.51,30.443137254901963
1390,55.05,90.0,6.0,25.14,150.74,145.0,10.0,-17.19,-114.05,6.193868664274395,4.94,14.91,30.443137254901963
1391,55.05,90.0,6.17,24.99,154.11,145.0,-1.0,4.15,26.95,4.032659046039924,2.54,15.809999999999999,30.443137254901963
1392,55.05,90.0,6.07,25.06,152.03,145.0,10.0,-20.8,-136.84,4.510531605849078,2.73,16.05,30.443137254901963
1393,55.05,90.0,6.1,25.06,152.8,145.0,10.0,-20.91,-136.84,4.016615547557177,2.73,16.62,30.443137254901963
1394,55.05,90.0,6.17,25.02,154.39,145.0,10.0,-28.01,-181.42,0.0,0.02,15.15,30.443137254901963
1395,55.05,90.0,6.21,24.96,155.06,145.0,-1.0,7.28,46.92,2.5728716022004803,0.84,15.315000000000001,30.443137254901963
1396,55.05,90.0,6.06,25.13,152.37,145.0,0.1,4.57,30.0,3.8534548413680665,3.41,14.85,30.443137254901963
1397,55.05,90.0,6.27,24.97,156.46,145.0,-1.0,7.34,46.93,2.7363965022766426,0.84,14.760000000000002,30.443137254901963
1435,56.59,10.0,6.24,25.23,157.35,145.0,1.0,61.4,390.21,0.0,0.0,35.87,30.443137254901963
1436,56.59,10.0,6.22,25.21,156.72,145.0,1.0,59.94,382.43,0.0,0.0,34.08,30.443137254901963
1437,56.59,10.0,6.19,25.22,156.03,145.0,1.0,60.68,388.93,0.0,0.0,37.89,30.443137254901963
1438,56.59,10.0,6.24,25.15,156.96,145.0,1.0,65.34,416.32,0.0,0.0,35.98,30.443137254901963
1439,56.59,10.0,6.14,25.24,154.99,145.0,1.0,60.72,391.78,0.0,0.0,37.24,30.443137254901963
1447,56.59,10.0,6.17,25.23,155.65,145.0,1.0,-59.3,-380.96,0.0,0.0,35.43,30.443137254901963
1448,56.59,10.0,6.15,25.22,155.21,145.0,1.0,-57.77,-372.21,0.0,0.0,37.03,30.443137254901963
1449,56.59,10.0,6.18,25.21,155.73,145.0,1.0,-58.6,-376.26,0.0,0.0,36.19,30.443137254901963
1450,56.59,10.0,6.18,25.19,155.59,145.0,1.0,-59.64,-383.31,0.0,0.0,35.91,30.443137254901963
1451,56.59,10.0,6.13,24.98,153.02,145.0,1.0,-58.5,-382.27,0.0,0.0,36.75,30.443137254901963
1457,56.59,60.0,6.1,25.24,153.98,145.0,1.0,12.08,78.47,0.0,0.0,14.13,30.443137254901963
1458,56.59,60.0,6.12,25.25,154.51,145.0,1.0,-23.64,-153.01,0.0,0.0,13.9,30.443137254901963
1459,56.59,60.0,6.1,25.12,153.25,145.0,1.0,-23.86,-155.67,0.0,0.0,14.23,30.443137254901963
1460,56.59,60.0,6.1,25.15,153.35,145.0,1.0,-23.09,-150.59,0.0,0.0,13.23,30.443137254901963
1461,56.59,60.0,6.11,25.22,154.03,145.0,1.0,-24.03,-156.03,0.0,0.0,13.38,30.443137254901963
1462,56.59,60.0,6.13,25.22,154.51,145.0,1.0,-24.23,-156.8,0.0,0.0,13.55,30.443137254901963
1463,56.59,60.0,6.14,25.2,154.79,145.0,1.0,10.52,67.98,0.0,0.0,13.67,30.443137254901963
1464,56.59,60.0,6.19,25.22,156.11,145.0,1.0,11.19,71.69,0.0,0.0,13.38,30.443137254901963
1465,56.59,60.0,6.22,25.26,157.03,145.0,1.0,11.13,70.88,0.0,0.0,13.06,30.443137254901963
1466,56.59,60.0,6.1,25.17,153.62,145.0,1.0,11.09,72.16,0.0,0.0,13.25,30.443137254901963
1625,53.73,90.0,6.21,25.51,158.48,145.0,10.0,-18.05,-113.86,5.033142177060625,4.96,14.63,30.443137254901963
1626,53.73,90.0,6.27,25.56,160.37,145.0,10.0,-18.26,-113.86,5.177646141838193,4.96,14.93,25.0
1627,53.73,90.0,6.35,25.46,161.78,145.0,0.1,4.97,30.74,5.162624140307846,3.25,14.5,21.8
1649,50.87,0.0,3.61,24.85,89.59,145.0,0.1,26.08,290.94,5.72113186048972,6.19,40.25,38.0
1650,50.82,0.0,3.67,24.77,90.7,145.0,0.1,35.41,389.95,4.273325424275121,3.35,39.89,51.0
1651,50.87,0.0,3.58,24.83,88.78,145.0,0.1,26.06,293.17,5.726819272957204,6.19,40.86,44.15
1652,50.87,0.0,3.63,24.86,90.12,145.0,0.1,35.55,394.24,4.3437432950100945,3.35,39.82,44.15
1653,50.87,0.0,3.6,24.93,89.5,145.0,0.1,26.17,291.92,5.407016791185454,6.19,39.75,44.15
1654,50.82,0.0,3.58,24.74,88.4,145.0,0.1,35.38,399.91,4.45638121798532,3.35,39.13,44.15
1655,50.82,0.0,3.64,24.85,90.44,145.0,0.1,44.96,496.5,3.570776368794748,2.09,39.44,49.0
1656,50.82,0.0,3.68,24.75,90.83,145.0,0.1,44.8,492.41,3.401745082237063,2.09,40.53,44.15
1657,50.82,0.0,3.62,24.8,89.64,145.0,0.1,44.89,500.68,3.4720246977002813,2.09,40.02,44.15
1658,50.82,0.0,3.68,24.66,90.7,145.0,-1.0,16.52,181.88,6.254246358796541,4.56,39.685,44.15
1659,50.82,0.0,3.76,24.83,93.22,145.0,-1.0,16.64,178.42,6.262245997359259,4.56,39.864999999999995,44.15
1660,50.87,0.0,3.71,24.8,91.88,145.0,-1.0,16.62,180.73,6.172820315900704,4.56,39.655,49.0
1661,50.87,0.0,3.7,24.73,91.33,145.0,-1.0,23.99,262.52,3.5626496722119168,2.17,39.730000000000004,44.15
1662,50.87,0.0,3.62,24.86,89.97,145.0,-1.0,24.12,267.87,4.824223490360817,2.17,40.379999999999995,44.15
1663,50.87,0.0,3.64,24.85,90.34,145.0,-1.0,24.1,266.43,4.784453242390176,2.17,40.11,44.0
1664,50.87,0.0,3.6,24.86,89.32,145.0,-1.0,39.26,439.26,2.6314437690131722,0.82,40.045,44.15
1665,50.87,0.0,3.67,24.84,90.98,145.0,-1.0,39.22,430.31,2.546542663478131,0.82,40.135,44.15
1666,50.87,0.0,3.8,24.83,94.33,145.0,-1.0,39.23,415.56,2.401400540781544,0.82,39.68,45.0
1759,55.05,90.0,6.05,25.09,151.86,145.0,1.0,8.25,54.33,0.0,0.0,14.75,30.443137254901963
1760,55.05,90.0,6.02,25.2,151.6,145.0,1.0,8.81,58.11,0.0,0.0,15.28,30.443137254901963
1761,55.05,90.0,6.17,25.1,154.76,145.0,1.0,7.88,50.92,0.0,0.0,13.9,30.443137254901963
1762,55.05,90.0,6.14,25.1,154.05,145.0,1.0,8.22,53.33,0.0,0.0,14.23,30.443137254901963
1763,55.05,90.0,6.05,25.22,152.67,145.0,1.0,8.11,53.09,0.0,0.0,13.74,30.443137254901963
1764,0.0,0.0,6.34,25.34,160.66,145.0,1.0,-87.57,-545.08,0.0,0.0,41.43,30.443137254901963
1765,0.0,0.0,6.31,25.36,160.02,145.0,1.0,-98.94,-618.29,0.0,0.0,41.9,30.443137254901963
1766,0.0,0.0,6.41,25.16,161.25,145.0,1.0,-97.82,-606.62,0.0,0.0,42.11,30.443137254901963
1767,0.0,0.0,6.37,25.08,159.86,145.0,1.0,-89.15,-557.66,0.0,0.0,41.13,30.443137254901963
1768,0.0,0.0,6.26,25.36,158.75,145.0,1.0,-88.81,-559.42,0.0,0.0,42.1,30.443137254901963
1769,56.59,60.0,6.05,25.2,152.48,145.0,0.1,5.34,34.99,5.3612158221214585,4.82,13.05,30.443137254901963
1770,0.0,0.0,6.4,25.29,161.75,145.0,10.0,-76.67,-474.0,4.893573138568593,0.6,41.36,38.8
1771,0.0,0.0,6.32,25.37,160.36,145.0,10.0,-76.01,-474.0,4.269396182694991,0.6,41.97,34.4
1772,56.66,90.0,6.27,25.22,158.11,145.0,-1.0,2.8,17.69,5.6721412852125805,5.89,16.14,30.443137254901963
1773,56.66,90.0,6.28,25.24,158.42,145.0,0.1,7.6,48.0,0.6020599913279624,0.02,15.64,30.443137254901963
1774,56.66,90.0,6.31,25.22,159.05,145.0,0.1,7.64,48.0,1.919078092376074,1.34,14.92,30.443137254901963
1775,56.66,90.0,6.32,25.24,159.5,145.0,0.1,7.66,48.0,2.0530784434834195,1.34,14.93,30.443137254901963
1776,56.66,90.0,6.31,25.35,159.96,145.0,0.1,7.68,48.0,2.8785217955012063,1.34,15.13,30.443137254901963
1777,56.66,90.0,6.31,25.09,158.3,145.0,0.1,7.6,48.0,2.9222062774390163,1.34,15.02,30.443137254901963
1778,0.0,0.0,6.35,25.17,159.89,145.0,10.0,-77.56,-485.1,1.9030899869919435,0.5,41.43,30.443137254901963
1779,0.0,0.0,6.25,25.34,158.48,145.0,10.0,-80.0,-504.79,2.942008053022313,2.0,41.02,30.443137254901963
1789,53.73,90.0,6.3,25.37,159.89,145.0,0.1,5.04,31.5,4.956869269489412,3.1,14.43,30.443137254901963
1790,56.59,60.0,6.06,25.19,152.59,145.0,0.1,8.29,54.35,3.598133645813238,1.5,14.62,27.0
1791,56.59,60.0,6.14,25.21,154.71,145.0,0.1,8.41,54.35,3.3830969299490943,2.0,13.93,27.3
1792,56.59,60.0,6.07,25.2,152.86,145.0,0.1,8.31,54.35,3.5990092398233435,2.0,14.49,30.443137254901963
1793,56.59,60.0,6.05,25.19,152.5,145.0,0.1,8.29,54.35,3.5692568333286103,1.0,13.55,30.443137254901963
1794,56.59,60.0,6.05,25.19,152.5,145.0,0.1,8.29,54.35,3.3725438007590705,2.0,13.87,30.443137254901963
1795,56.59,10.0,6.21,25.23,156.76,145.0,0.1,44.35,282.92,3.0770043267933502,1.5,36.4,30.443137254901963
1796,56.59,10.0,6.13,25.19,154.35,145.0,0.1,43.69,283.03,3.1341771075767664,1.5,36.31,30.443137254901963
1797,56.59,10.0,6.15,25.23,155.23,145.0,0.1,43.92,282.92,3.185542154854375,1.5,36.66,31.8
1798,56.59,10.0,6.08,25.09,152.46,145.0,0.1,43.13,282.92,3.070037866607755,1.5,36.2,30.443137254901963
1799,56.59,10.0,6.17,25.11,154.85,145.0,0.1,43.81,282.92,3.0141003215196207,1.5,36.71,34.2
1802,53.73,90.0,6.39,25.5,163.03,145.0,0.1,5.07,31.1,5.192034711788002,3.1,13.88,30.443137254901963
1920,56.59,60.0,6.06,25.18,152.67,145.0,0.1,5.14,33.67,5.7553968688013954,5.2,13.06,30.443137254901963
1921,56.59,60.0,6.13,25.16,154.31,145.0,0.1,5.2,33.7,5.5449741534889725,5.2,14.15,30.443137254901963
1922,53.73,90.0,6.25,25.48,159.23,145.0,0.1,6.48,40.67,3.911956189072687,1.86,14.26,30.443137254901963
1923,53.73,90.0,6.28,25.55,160.39,145.0,0.1,6.52,40.67,3.946746935033585,1.86,14.08,30.443137254901963
1924,53.73,90.0,6.27,25.5,159.95,145.0,0.1,6.51,40.67,3.9928185200666797,1.86,14.5,30.443137254901963
1926,56.66,90.0,6.32,25.18,159.05,145.0,-1.0,5.67,35.65,3.699837725867246,1.45,15.465,30.443137254901963
1927,56.66,90.0,6.38,25.13,160.41,145.0,-1.0,5.72,35.65,3.530071568837378,1.45,14.92,30.443137254901963
1928,56.66,90.0,6.33,25.03,158.54,145.0,-1.0,5.65,35.65,3.91301868374796,1.45,15.275,30.443137254901963
1929,0.0,0.0,6.37,25.04,159.48,145.0,10.0,-71.77,-450.02,4.105782597814442,0.67,42.35,30.443137254901963
1930,0.0,0.0,6.34,25.3,160.47,145.0,10.0,-68.52,-427.0,6.140764710008936,0.74,41.22,29.9
1950,53.31,0.0,3.69,25.11,92.66,145.0,10.0,-38.53,-415.79,2.776701183988411,1.58,39.98,23.0
1951,53.31,0.0,3.68,25.16,92.59,145.0,10.0,-35.71,-385.7,4.548082170520596,1.86,40.6,23.0
1952,53.31,0.0,3.76,25.13,94.49,145.0,10.0,-32.07,-339.44,4.872907622279761,2.34,39.47,23.0
1955,53.31,0.0,3.73,25.11,93.66,145.0,10.0,-22.43,-239.48,5.82911650328449,4.83,40.59,23.0
2210,51.94,0.0,3.82,10.32,39.96,136.0,1.0,-23.5,-596.4,0.0,0.0,37.2,28.12142857142857
2212,51.94,0.0,3.88,9.79,37.95,136.0,1.0,-25.5,-671.89,0.0,0.0,39.95,28.12142857142857
2213,52.41,0.0,3.76,25.47,95.73,145.0,-1.0,24.7,257.92,4.274827255438105,2.17,38.775000000000006,28.12142857142857
2214,52.28,0.0,3.76,25.23,94.79,145.0,-1.0,16.89,178.04,6.140644092283868,2.28,39.400000000000006,28.12142857142857
2215,52.41,0.0,3.78,25.36,95.62,145.0,-1.0,24.58,256.75,4.668665415454492,2.17,37.625,28.12142857142857
2217,52.28,0.0,3.79,25.34,95.81,145.0,-1.0,24.51,255.26,4.8477823530039865,2.17,39.6,28.12142857142857
2219,54.75,90.0,6.32,24.97,157.62,145.0,1.0,-23.3,-147.8,0.0,0.0,15.75,28.12142857142857
2220,54.75,90.0,6.42,25.03,160.5,145.0,1.0,-24.77,-154.18,0.0,0.0,14.75,28.12142857142857
2221,55.4,90.0,5.96,25.2,149.47,145.0,1.0,-23.0,-153.3,0.0,0.0,16.95,28.12142857142857
2222,55.4,90.0,6.06,25.26,152.71,145.0,1.0,-22.69,-148.27,0.0,0.0,16.4,28.12142857142857
2224,53.62,0.0,3.57,25.24,90.0,145.0,1.0,-39.04,-433.35,0.0,0.0,42.65,28.12142857142857
2226,52.97,0.0,3.71,25.17,93.03,145.0,1.0,-40.87,-438.35,0.0,0.0,42.05,28.12142857142857
2227,52.47,0.0,3.77,25.43,95.67,145.0,1.0,-35.75,-373.39,0.0,0.0,39.05,28.12142857142857
2228,54.75,90.0,6.24,25.07,156.19,145.0,1.0,-13.91,-88.98,0.0,0.0,11.5,60.08
2229,54.75,90.0,6.27,24.99,156.44,145.0,1.0,-15.13,-96.63,0.0,0.0,10.75,60.08
2230,54.75,90.0,6.3,24.98,157.12,145.0,1.0,-14.52,-92.32,0.0,0.0,11.15,60.08
2231,54.75,90.0,6.38,25.02,159.56,145.0,1.0,-15.01,-94.01,0.0,0.0,11.0,60.08
2232,54.75,90.0,6.11,25.05,152.93,145.0,1.0,9.39,61.38,0.0,0.0,10.0,60.08
2233,54.75,90.0,6.17,25.11,154.81,145.0,1.0,7.93,51.18,0.0,0.0,10.6,60.08
2234,54.75,90.0,6.19,24.94,154.13,145.0,1.0,8.5,55.1,0.0,0.0,9.3,60.08
2236,54.75,90.0,6.26,24.95,155.94,145.0,1.0,9.15,58.58,0.0,0.0,10.6,60.08
2239,51.61,30.0,3.82,24.78,94.58,145.0,1.0,6.95,73.46,0.0,0.0,8.4,60.08
2240,51.61,30.0,3.82,24.86,94.77,145.0,1.0,6.95,73.24,0.0,0.0,9.05,60.08
2241,51.61,30.0,3.83,24.99,95.56,145.0,1.0,6.47,67.56,0.0,0.0,7.9,60.08
2242,51.61,30.0,3.85,24.55,94.36,145.0,1.0,6.83,72.38,0.0,0.0,8.5,60.08
2244,52.41,0.0,3.64,25.38,92.09,145.0,-1.0,17.0,184.05,5.992979650690281,4.56,39.575,28.12142857142857
2245,53.4,0.0,3.65,25.38,92.29,145.0,-1.0,24.66,266.62,4.891258616904139,2.17,40.25,28.12142857142857
2247,52.41,0.0,3.68,25.34,92.9,145.0,-1.0,40.0,429.53,1.505149978319906,0.41,39.455,28.12142857142857
2248,52.41,0.0,3.68,25.49,93.6,145.0,-1.0,24.7,263.73,4.282191456275556,2.17,39.625,28.12142857142857
2250,52.41,0.0,3.71,25.3,93.55,145.0,-1.0,40.0,426.73,2.823474229170301,0.41,39.825,28.12142857142857
2251,52.28,0.0,3.72,25.37,94.26,145.0,-1.0,24.58,260.5,4.833344763389635,2.17,39.1,28.12142857142857
2252,52.41,0.0,3.72,25.33,94.19,145.0,-1.0,17.0,180.41,5.019386341792188,2.28,38.775000000000006,28.12142857142857
2253,52.41,0.0,3.73,25.44,94.7,145.0,-1.0,17.0,179.15,5.928097172117339,4.56,39.025,28.12142857142857
2254,52.41,0.0,3.75,25.29,94.67,145.0,-1.0,16.9,178.47,5.999621564673743,2.28,38.425,28.12142857142857
2279,50.82,0.0,3.63,24.77,89.8,145.0,-1.0,12.38,137.84,7.29786122948452,8.09,39.955,43.0
2367,56.59,60.0,6.14,25.22,154.83,145.0,0.1,5.22,33.71,5.628742353007628,5.2,13.23,30.443137254901963
2368,56.59,60.0,6.09,25.22,153.49,145.0,0.1,5.17,33.68,6.012196695282973,5.2,14.09,30.443137254901963
2401,51.94,0.0,3.92,10.01,39.24,136.0,1.0,-24.4,-621.83,0.0,0.0,36.1,28.12142857142857
2416,52.97,0.0,3.6,25.21,90.56,145.0,1.0,-38.31,-422.69,0.0,0.0,44.25,61.3
2441,52.38,0.0,3.69,25.6,94.26,145.0,1.0,109.1,1156.5,0.0,0.0,49.3,28.12142857142857
2575,52.38,0.0,3.73,25.6,95.36,145.0,1.0,84.18,882.94,0.0,0.0,39.8,28.12142857142857
2577,53.62,0.0,3.7,25.23,93.04,145.0,1.0,99.31,1065.26,0.0,0.0,39.55,28.12142857142857
2597,53.84,0.0,3.58,24.92,89.14,145.0,10.0,-35.0,-392.4,4.962170376600235,5.1,43.85,28.12142857142857
2598,52.3,0.0,3.58,25.21,90.14,145.0,10.0,-35.0,-387.88,5.88349563358854,5.1,43.35,28.12142857142857
2599,54.31,0.0,3.64,25.01,90.88,145.0,10.0,-43.0,-473.08,5.69320970751774,4.2,43.55,28.12142857142857
2600,54.31,0.0,3.61,24.93,89.8,145.0,10.0,-35.0,-389.52,5.9627991549544275,5.1,43.61,22.7
2679,54.75,90.0,6.3,25.12,158.26,145.0,0.1,3.17,20.0,6.129639307477761,8.2,14.4,30.443137254901963
2706,51.11,0.0,3.81,25.34,96.47,145.0,10.0,-40.42,-418.99,4.797848981363836,4.17,39.55,30.443137254901963
2707,51.11,0.0,3.77,25.3,95.29,145.0,10.0,-39.93,-419.0,0.3010299956639812,0.02,39.61,30.443137254901963
2709,51.11,0.0,3.76,25.37,95.38,145.0,10.0,-35.91,-376.49,0.0,0.02,39.66,30.443137254901963
2711,51.11,0.0,3.8,25.36,96.44,145.0,10.0,-40.42,-419.07,3.6058435390580894,3.31,38.32,30.7
2712,51.11,0.0,3.79,25.31,95.92,145.0,10.0,-42.24,-440.34,5.554016448585713,3.0,39.2,33.5
2713,51.11,0.0,3.78,25.34,95.79,145.0,10.0,-40.14,-419.05,4.969755945482622,3.31,39.08,28.4
2715,49.07,0.0,3.88,25.13,97.42,145.0,10.0,-42.89,-440.28,5.036660827605983,3.78,36.9,30.443137254901963
2718,51.2,0.0,3.74,25.24,94.31,145.0,10.0,-41.52,-440.27,3.663229634532868,3.78,39.81,30.443137254901963
2842,53.84,0.0,3.59,25.03,89.79,145.0,-1.0,16.73,186.18,5.784948770260692,4.56,44.6,26.3
2892,52.89,0.0,3.72,25.25,93.85,145.0,1.0,87.77,935.27,0.0,0.0,38.38,27.59130434782608
2893,52.89,0.0,3.74,25.19,94.22,145.0,1.0,84.58,897.62,0.0,0.0,41.51,27.59130434782608
2894,52.89,0.0,3.67,25.22,92.55,145.0,1.0,81.74,883.23,0.0,0.0,35.18,27.59130434782608
2895,52.38,0.0,3.78,25.21,95.38,145.0,1.0,87.79,920.44,0.0,0.0,37.71,27.59130434782608
2910,52.89,0.0,3.68,25.2,92.72,145.0,1.0,87.26,940.99,0.0,0.0,37.7,27.59130434782608
2911,52.89,0.0,3.65,25.17,91.88,145.0,1.0,86.18,920.42,0.0,0.0,38.6,27.59130434782608
2912,52.89,0.0,3.71,25.23,93.68,145.0,1.0,79.0,843.38,0.0,0.0,38.75,27.59130434782608
2913,52.89,0.0,3.73,25.25,94.17,145.0,1.0,-42.33,-460.12,0.0,0.0,42.34,27.59130434782608
2914,52.89,0.0,3.65,25.24,92.04,145.0,1.0,-39.16,-425.33,0.0,0.0,39.15,27.59130434782608
2915,52.89,0.0,3.67,25.17,92.3,145.0,1.0,86.13,933.16,0.0,0.0,39.91,27.59130434782608
2916,52.04,0.0,3.7,25.28,93.63,145.0,1.0,86.13,919.9,0.0,0.0,39.4,27.59130434782608
3051,53.84,0.0,3.63,24.98,90.64,145.0,0.1,26.31,290.27,5.609154556764665,6.19,40.83,31.2
3053,52.3,0.0,3.64,25.2,91.62,145.0,0.1,26.52,289.46,5.749266219519278,6.19,39.8,27.6
3064,52.38,0.0,3.67,25.51,93.58,145.0,0.1,26.84,286.83,5.556151677886138,6.19,38.325,26.3
3201,52.38,0.0,3.62,25.61,92.61,145.0,0.1,21.29,229.89,6.463868661843904,9.93,40.455,33.7
3202,53.62,0.0,3.66,25.25,92.07,145.0,10.0,-43.56,-473.12,3.9030899869919438,4.2,40.150000000000006,34.1
3204,53.4,0.0,3.74,25.43,95.07,145.0,10.0,-44.98,-473.12,4.4276808163314625,4.2,38.46,32.4
3713,53.73,90.0,6.21,25.43,157.92,145.0,1.0,39.51,250.1894943,0.0,0.0,16.32,-36.78
3714,53.73,90.0,6.21,25.44,157.98,145.0,1.0,37.34,236.3554421,0.0,0.0,16.31,-36.78
3715,53.73,90.0,6.2,25.3,156.86,145.0,1.0,37.77,240.7879638,0.0,0.0,16.84,-36.78
3716,53.73,90.0,6.2,25.44,157.73,145.0,1.0,37.79,239.5896734,0.0,0.0,16.5,-36.78
3717,53.73,90.0,6.21,25.34,157.36,145.0,1.0,34.34,218.223783,0.0,0.0,16.45,-36.78
3718,53.73,90.0,6.16,25.46,156.83,145.0,1.0,10.42,66.43984452,0.0,0.0,16.08,-36.78
3719,53.73,90.0,6.18,25.5,157.59,145.0,1.0,10.4,65.99403515,0.0,0.0,16.09,-36.78
3720,53.73,90.0,6.15,25.52,156.95,145.0,1.0,9.84,62.69592476,0.0,0.0,15.87,-36.78
3721,53.73,90.0,6.15,25.52,156.95,145.0,1.0,10.16,64.73481663,0.0,0.0,16.2,-36.78
3722,53.73,90.0,6.15,25.52,156.95,145.0,1.0,10.43,66.45513164,0.0,0.0,16.1,-36.78
3723,51.61,30.0,3.85,24.71,95.13,145.0,1.0,14.48,152.2071615,0.0,0.0,19.15,-36.78
3724,51.61,30.0,3.89,24.5,95.31,145.0,1.0,14.16,148.5756256,0.0,0.0,18.4,-36.78
3725,51.61,30.0,3.88,24.76,96.07,145.0,1.0,14.9,155.0971804,0.0,0.0,18.1,-36.78
3726,51.61,30.0,3.86,24.76,95.57,145.0,1.0,14.9,155.9007927,0.0,0.0,18.29,-36.78
3727,51.61,30.0,3.9,24.69,96.29,145.0,1.0,14.6,151.6237239,0.0,0.0,18.88,-36.78
3728,53.5,0.0,3.86,25.35,97.85,145.0,1.0,97.3,994.3689896,0.0,0.0,36.42,-36.78
3729,53.5,0.0,3.85,25.34,97.56,145.0,1.0,93.8,961.4694698,0.0,0.0,37.37,-36.78
3730,53.5,0.0,3.83,25.41,97.32,145.0,1.0,92.7,952.5248073,0.0,0.0,37.61,-36.78
3731,53.5,0.0,3.82,25.42,97.1,145.0,1.0,93.4,961.8513682,0.0,0.0,38.59,-36.78
3732,53.5,0.0,3.78,25.28,95.56,145.0,1.0,97.1,1016.132543,0.0,0.0,38.12,-36.78
3743,53.28,0.0,3.75,25.35,95.06,145.0,-1.0,20.28,213.3333333,5.992222921767967,3.2,37.93,-30.0
3744,53.28,0.0,3.75,25.37,95.14,145.0,-1.0,20.3,213.3333333,5.5550956583105675,3.2,37.0,-37.1
3745,53.28,0.0,3.75,25.4,95.25,145.0,-1.0,24.64,258.687664,5.151188984260521,2.2,37.19,-40.7
3746,53.28,0.0,3.75,25.4,95.25,145.0,-1.0,24.64,258.687664,4.905477460877743,2.2,37.4,-37.0
3747,53.28,0.0,3.75,25.23,94.61,145.0,-1.0,24.47,258.6529533,4.951619184484154,2.2,39.16,-38.8
3748,53.28,0.0,3.75,25.44,95.4,145.0,0.1,46.05,482.7044025,3.8661691476337707,3.2,36.44,-38.3
3749,53.28,0.0,3.75,25.34,95.03,145.0,0.1,45.87,482.715075,3.630427875025024,3.2,39.44,-36.2
3785,54.6,90.0,6.04,25.0,150.9,145.0,1.0,6.68,44.23560542,0.0,0.0,15.06,30.443137254901963
3786,54.6,90.0,6.07,25.03,152.0,145.0,1.0,6.34,41.70523999,0.0,0.0,13.61,30.443137254901963
3788,54.6,90.0,6.09,24.93,151.72,145.0,1.0,6.41,42.24220181,0.0,0.0,14.77,30.443137254901963
3789,54.6,90.0,6.07,25.21,153.11,145.0,1.0,7.26,47.43034471,0.0,0.0,13.89,30.443137254901963
3790,54.6,90.0,6.05,24.83,150.24,145.0,1.0,7.05,46.89111986,0.0,0.0,15.0,30.443137254901963
3791,54.6,90.0,6.19,24.98,154.69,145.0,1.0,-25.58,-165.3901014,0.0,0.0,15.29,30.443137254901963
3792,54.6,90.0,6.06,24.84,150.63,145.0,1.0,-25.14,-166.8952447,0.0,0.0,15.35,30.443137254901963
3793,54.6,90.0,6.04,24.96,150.66,145.0,1.0,-25.28,-167.7739667,0.0,0.0,15.13,30.443137254901963
3794,54.6,90.0,6.08,24.81,150.78,145.0,1.0,-25.55,-169.4627989,0.0,0.0,15.59,30.443137254901963
3795,54.6,90.0,6.07,25.0,151.73,145.0,1.0,-26.34,-173.5717426,0.0,0.0,16.14,30.443137254901963
3796,52.41,0.0,3.89,25.24,98.2,145.0,1.0,-52.0,-529.5093481,0.0,0.0,39.91,30.443137254901963
3797,52.41,0.0,3.85,25.02,96.23,145.0,1.0,-46.71,-485.374857,0.0,0.0,40.76,30.443137254901963
3798,52.41,0.0,3.86,25.16,97.05,145.0,1.0,86.36,889.8406527,0.0,0.0,41.5,30.443137254901963
3799,52.41,0.0,3.88,25.12,97.47,145.0,1.0,-49.65,-509.3899796,0.0,0.0,41.32,30.443137254901963
3800,52.41,0.0,3.84,25.16,96.63,145.0,1.0,86.27,892.7920917,0.0,0.0,42.1,30.443137254901963
3801,52.41,0.0,3.87,25.14,97.36,145.0,1.0,85.9,882.2681561,0.0,0.0,39.59,30.443137254901963
3802,52.41,0.0,3.91,25.17,98.32,145.0,1.0,91.26,928.2146328,0.0,0.0,40.34,30.443137254901963
3803,52.41,0.0,3.89,25.1,97.54,145.0,1.0,-50.43,-516.9855518,0.0,0.0,40.6,30.443137254901963
3804,52.41,0.0,3.89,25.15,97.93,145.0,1.0,-49.36,-504.0727374,0.0,0.0,39.33,30.443137254901963
3805,52.41,0.0,3.83,25.07,96.02,145.0,1.0,90.98,947.4880257,0.0,0.0,42.38,30.443137254901963
3931,52.41,0.0,3.83,25.76,98.66,145.0,1.0,-63.41,-642.7241984,0.0,0.0,40.3,23.0
3932,52.41,0.0,3.9,25.63,99.96,145.0,1.0,-57.11,-571.3439897,0.0,0.0,39.63,23.0
3933,52.41,0.0,3.9,25.57,99.72,145.0,1.0,-65.33,-655.1099179,0.0,0.0,39.74,23.0
3934,52.41,0.0,3.91,25.46,99.55,145.0,1.0,-61.59,-618.7390424,0.0,0.0,42.2,23.0
3935,52.41,0.0,3.81,25.42,96.85,145.0,1.0,-55.4,-572.0174042,0.0,0.0,40.42,23.0
