nr,Laminate,smax,Ncycles,smean
1,0.0,-412.37,0.0,-0.0
6,0.0,-405.23,0.0,-0.0
11,0.0,-391.71,0.0,-0.0
16,0.0,812.25,0.0,0.0
21,0.0,288.41,2.8981764834976764,0.0
26,0.0,285.42,2.671172842715084,0.0
31,0.0,859.1,0.0,0.0
41,0.0,879.47,0.0,0.0
46,0.0,-470.5,0.0,-0.0
51,0.0,841.84,0.0,0.0
56,0.0,-505.91,0.0,-0.0
61,0.0,-593.44,0.0,-0.0
66,0.0,751.74,0.0,0.0
71,0.0,306.99,4.135291704475752,0.0
76,0.0,262.27,4.386052848940389,0.0
247,1.0,768.15,0.0,0.0
248,1.0,-523.64,0.0,-0.0
252,1.0,-461.06,0.0,-0.0
253,1.0,207.96,5.27894099287388,0.0
257,1.0,-459.35,0.0,-0.0
258,1.0,254.86,3.568319085095112,0.0
262,1.0,231.07,4.08536194368613,0.0
263,1.0,259.92,3.8884041677370464,0.0
277,1.0,230.85,4.798795616224465,0.0
278,1.0,-451.04,0.0,-0.0
282,1.0,-440.17,0.0,-0.0
283,1.0,259.95,3.36417563277062,0.0
287,1.0,-484.12,0.0,-0.0
288,1.0,260.93,3.1383026981662816,0.0
292,1.0,801.18,0.0,0.0
293,1.0,260.0,4.065467672465651,0.0
307,1.0,791.68,0.0,0.0
308,1.0,-519.16,0.0,-0.0
312,1.0,-426.8,0.0,-0.0
313,1.0,389.92,2.143014800254095,0.0
317,1.0,-419.38,0.0,-0.0
322,1.0,227.46,4.786353846576918,0.0
323,1.0,259.79,3.2579184503140586,0.0
442,1.0,795.39,0.0,0.0
443,1.0,796.24,0.0,0.0
444,1.0,786.3,0.0,0.0
445,1.0,-393.42,0.0,-0.0
446,1.0,-397.56,0.0,-0.0
447,1.0,-472.63,0.0,-0.0
448,1.0,777.23,0.0,0.0
449,1.0,794.18,0.0,0.0
450,1.0,778.08,0.0,0.0
451,1.0,-473.09,0.0,-0.0
452,1.0,-491.99,0.0,-0.0
453,1.0,-486.89,0.0,-0.0
454,1.0,-504.44,0.0,-0.0
455,1.0,-489.61,0.0,-0.0
456,1.0,-480.62,0.0,-0.0
457,1.0,-488.33,0.0,-0.0
458,1.0,-478.89,0.0,-0.0
459,1.0,-493.86,0.0,-0.0
460,1.0,776.41,0.0,0.0
461,1.0,263.16,3.290479813330673,0.0
462,1.0,153.85,6.473181761847048,0.0
463,1.0,190.29,4.575199395159225,0.0
464,1.0,390.6,4.24062412018726,214.83000000000004
465,1.0,341.77,4.633801623517603,187.9735
466,1.0,292.95,5.3559014819344775,161.1225
467,1.0,244.12,5.989951458347746,134.26600000000002
468,1.0,210.53,4.569993887567447,0.0
469,1.0,341.77,4.373132774549157,187.9735
471,1.0,823.85,0.0,0.0
472,1.0,799.95,0.0,0.0
473,1.0,834.17,0.0,0.0
474,1.0,823.58,0.0,0.0
475,1.0,855.76,0.0,0.0
476,1.0,-561.5,0.0,-0.0
477,1.0,-565.95,0.0,-0.0
478,1.0,-567.05,0.0,-0.0
479,1.0,-555.14,0.0,-0.0
480,1.0,-553.77,0.0,-0.0
505,1.0,862.06,0.0,0.0
506,1.0,864.66,0.0,0.0
507,1.0,840.96,0.0,0.0
508,1.0,814.56,0.0,0.0
509,1.0,809.6,0.0,0.0
510,1.0,-599.65,0.0,-0.0
511,1.0,-553.49,0.0,-0.0
512,1.0,-591.05,0.0,-0.0
513,1.0,-627.63,0.0,-0.0
514,1.0,-569.5,0.0,-0.0
547,1.0,215.28,4.239799818447099,0.0
548,1.0,258.1,2.993436230497612,0.0
549,1.0,265.83,3.163757523981956,0.0
551,1.0,213.06,5.235639531288081,0.0
552,1.0,246.36,3.4092566520389096,0.0
553,1.0,378.99,3.311753861055754,0.0
554,1.0,195.44,5.92641705242081,0.0
555,1.0,199.25,5.612730890748342,0.0
556,1.0,297.98,5.011709970528454,0.0
557,1.0,270.85,2.9532763366673045,0.0
558,1.0,243.03,4.964542466079137,0.0
559,1.0,399.54,2.9003671286564705,0.0
560,1.0,303.78,3.0281644194244697,0.0
561,1.0,348.46,2.9036325160842376,0.0
562,1.0,332.17,2.681241237375587,0.0
563,1.0,787.68,0.0,0.0
564,1.0,772.31,0.0,0.0
565,1.0,785.17,0.0,0.0
566,1.0,712.73,0.0,0.0
568,1.0,782.3,0.0,0.0
569,1.0,813.48,0.0,0.0
570,1.0,828.29,0.0,0.0
571,1.0,808.0,0.0,0.0
572,1.0,708.98,0.0,0.0
585,1.0,-662.71,0.0,-0.0
586,1.0,-778.21,0.0,-0.0
587,1.0,-640.36,0.0,-0.0
588,1.0,-453.75,0.0,-0.0
589,1.0,-706.6,0.0,-0.0
590,1.0,-699.05,0.0,-0.0
591,1.0,-657.73,0.0,-0.0
592,1.0,-688.94,0.0,-0.0
593,1.0,-721.35,0.0,-0.0
594,1.0,-571.22,0.0,-0.0
647,1.0,263.16,3.2821687783046416,0.0
648,1.0,776.18,0.0,0.0
649,1.0,188.72,4.789460841626458,0.0
650,1.0,210.53,4.413450651007325,0.0
651,1.0,209.69,4.536987475130602,0.0
652,1.0,787.17,0.0,0.0
653,1.0,263.16,2.9628426812012423,0.0
654,1.0,189.47,5.168332455625744,0.0
655,1.0,-474.04,0.0,-0.0
656,1.0,-457.32,0.0,-0.0
657,1.0,-465.34,0.0,-0.0
658,1.0,-456.75,0.0,-0.0
659,1.0,304.52,2.630427875025024,0.0
660,1.0,181.24,5.804564655426015,0.0
661,1.0,256.89,3.387389826338729,0.0
662,1.0,253.77,3.36285930295868,0.0
663,1.0,729.31,0.0,0.0
664,1.0,845.02,0.0,0.0
665,1.0,181.98,5.833532767592629,0.0
666,1.0,-445.08,0.0,-0.0
667,1.0,-443.29,0.0,-0.0
668,1.0,351.01,3.431685344686012,0.0
669,1.0,246.09,3.55339751012388,0.0
670,1.0,328.26,3.362670929725667,0.0
671,1.0,-435.06,0.0,-0.0
672,1.0,-443.86,0.0,-0.0
673,1.0,198.7,5.65778321280759,0.0
674,1.0,812.77,0.0,0.0
675,1.0,792.76,0.0,0.0
676,1.0,811.54,0.0,0.0
677,1.0,296.51,4.335197045077562,0.0
678,1.0,867.41,0.0,0.0
679,1.0,794.02,0.0,0.0
680,1.0,799.02,0.0,0.0
681,1.0,811.34,0.0,0.0
682,1.0,-450.76,0.0,-0.0
683,1.0,177.19,5.870333077896974,0.0
684,1.0,-454.5,0.0,-0.0
685,1.0,803.27,0.0,0.0
686,1.0,159.17,6.4067937003384055,0.0
751,1.0,-505.21,0.0,-0.0
752,1.0,-587.26,0.0,-0.0
753,1.0,-553.82,0.0,-0.0
754,1.0,839.32,0.0,0.0
755,1.0,798.89,0.0,0.0
756,1.0,759.87,0.0,0.0
841,0.0,190.07,5.726824160761906,0.0
842,0.0,-384.41,0.0,-0.0
843,0.0,-400.79,0.0,-0.0
844,0.0,866.67,0.0,0.0
845,0.0,831.27,0.0,0.0
846,0.0,-396.19,0.0,-0.0
847,0.0,-498.15,0.0,-0.0
848,0.0,-508.72,0.0,-0.0
849,0.0,-502.21,0.0,-0.0
850,0.0,873.96,0.0,0.0
851,0.0,843.65,0.0,0.0
852,0.0,838.82,0.0,0.0
862,1.0,802.61,0.0,0.0
863,1.0,824.4,0.0,0.0
864,1.0,-435.64,0.0,-0.0
865,1.0,-540.02,0.0,-0.0
866,1.0,850.81,0.0,0.0
867,1.0,826.56,0.0,0.0
868,1.0,-532.39,0.0,-0.0
869,1.0,-496.07,0.0,-0.0
870,1.0,-489.63,0.0,-0.0
871,1.0,-494.41,0.0,-0.0
872,1.0,842.02,0.0,0.0
873,1.0,877.02,0.0,0.0
883,1.0,786.02,0.0,0.0
884,1.0,807.08,0.0,0.0
885,1.0,802.89,0.0,0.0
886,1.0,796.19,0.0,0.0
887,1.0,-586.4,0.0,-0.0
888,1.0,-547.63,0.0,-0.0
889,1.0,-574.24,0.0,-0.0
890,1.0,-601.17,0.0,-0.0
891,1.0,-511.47,0.3010299956639812,-2813.085
893,1.0,-397.9,5.479330527707678,-2188.45
894,1.0,-461.01,2.469822015978163,-2535.555
895,1.0,-421.4,5.0802114725318805,-2317.7
896,1.0,-440.78,3.768564109513573,-2424.29
897,1.0,267.42,3.3483048630481607,0.0
898,1.0,266.35,4.215796132589833,0.0
899,1.0,178.87,5.953092036768397,0.0
900,1.0,267.89,4.656835780078811,0.0
901,1.0,188.48,5.609812035461795,0.0
902,1.0,212.87,5.497554361304037,0.0
903,1.0,180.37,5.836186715107154,0.0
904,1.0,215.51,5.439094161184332,0.0
905,1.0,210.7,5.42838913831827,0.0
906,1.0,206.84,5.311416887321614,0.0
907,1.0,263.38,4.665233791884687,0.0
908,1.0,211.51,5.189158921951052,0.0
909,1.0,184.93,5.728460921835572,0.0
911,1.0,179.74,5.820594183681315,0.0
912,1.0,257.09,4.64423173331632,0.0
914,1.0,824.23,0.0,0.0
915,1.0,764.42,0.0,0.0
916,1.0,703.94,0.0,0.0
917,1.0,774.16,0.0,0.0
918,1.0,774.84,0.0,0.0
919,1.0,798.23,0.0,0.0
920,1.0,818.65,0.0,0.0
921,1.0,793.25,0.0,0.0
922,1.0,777.33,0.0,0.0
923,1.0,782.48,0.0,0.0
924,1.0,787.57,0.0,0.0
925,1.0,769.16,0.0,0.0
926,1.0,781.34,0.0,0.0
927,1.0,800.76,0.0,0.0
928,1.0,801.78,0.0,0.0
929,1.0,784.9,0.0,0.0
930,1.0,765.5,0.0,0.0
931,1.0,801.81,0.0,0.0
932,1.0,736.79,0.0,0.0
933,1.0,752.7,0.0,0.0
934,1.0,803.13,0.0,0.0
935,1.0,772.41,0.0,0.0
936,1.0,836.03,0.0,0.0
937,1.0,731.37,0.0,0.0
938,1.0,796.99,0.0,0.0
939,1.0,825.4,0.0,0.0
940,1.0,698.83,0.0,0.0
941,1.0,695.03,0.0,0.0
942,1.0,765.39,0.0,0.0
943,1.0,179.75,5.910061698508087,0.0
944,1.0,261.78,4.563516681843913,0.0
945,1.0,561.49,3.0751818546186915,308.8195
948,1.0,570.66,2.6434526764861874,313.863
949,1.0,556.62,2.9222062774390163,306.141
950,1.0,567.04,3.0273496077747564,311.872
951,1.0,375.19,4.713616529020051,206.3545
952,1.0,369.68,4.784774152292145,203.324
953,1.0,368.26,4.114277296561586,202.543
954,1.0,372.66,4.70008037753763,204.963
955,1.0,175.38,6.152307000294602,0.0
956,1.0,366.17,4.860607485040609,201.3935
957,1.0,558.85,2.989449817666692,307.36750000000006
958,1.0,653.87,2.305351369446624,359.62850000000003
959,1.0,-537.14,0.0,-0.0
960,1.0,-539.97,0.0,-0.0
961,1.0,-529.53,0.0,-0.0
962,1.0,-507.89,0.0,-0.0
963,1.0,-508.0,0.0,-0.0
964,1.0,-524.56,0.0,-0.0
965,1.0,-533.04,0.0,-0.0
966,1.0,-531.15,0.0,-0.0
967,1.0,-510.78,0.0,-0.0
968,1.0,-529.16,0.0,-0.0
969,1.0,-531.65,0.0,-0.0
970,1.0,-508.38,0.0,-0.0
971,1.0,-522.98,0.0,-0.0
972,1.0,-480.82,0.0,-0.0
973,1.0,-524.6,0.0,-0.0
974,1.0,-529.59,0.0,-0.0
975,1.0,-489.89,0.0,-0.0
976,1.0,-529.46,0.0,-0.0
977,1.0,-488.99,0.0,-0.0
978,1.0,-514.38,0.0,-0.0
979,1.0,-521.3,0.0,-0.0
980,1.0,-535.4,0.0,-0.0
981,1.0,-541.58,0.0,-0.0
982,1.0,-519.4,0.0,-0.0
983,1.0,-538.04,0.0,-0.0
984,1.0,-539.69,0.0,-0.0
985,1.0,801.95,0.0,0.0
1074,1.0,189.62,5.574916326017971,0.0
1075,1.0,191.24,5.502153892871361,0.0
1077,1.0,464.92,0.0,0.0
1078,1.0,300.0,4.107515225651465,0.0
1079,1.0,300.0,3.088136088700552,0.0
1080,1.0,300.0,3.3811150807098507,0.0
1081,1.0,300.0,4.206960729155711,0.0
1082,1.0,255.18,4.701403906447556,0.0
1083,1.0,362.18,3.197280558125619,0.0
1084,1.0,359.29,2.7558748556724915,0.0
1085,1.0,362.39,3.000434077479319,0.0
1086,1.0,260.21,4.547602429785681,0.0
1087,1.0,265.27,4.31722734917642,0.0
1088,1.0,207.48,5.483443221373189,0.0
1089,1.0,178.83,5.999477229228567,0.0
1091,1.0,-469.48,5.296281174399547,-2582.1400000000003
1092,1.0,-470.47,3.3027637084729817,-2587.585
1093,1.0,-452.8,3.749427099121749,-2490.4
1094,1.0,-452.77,4.203848463746235,-2490.235
1095,1.0,-419.63,5.927176273204661,-2307.965
1098,1.0,-470.44,2.671172842715084,-2587.42
1099,1.0,-470.46,2.599883072073688,-2587.53
1100,1.0,-466.07,3.516403148447403,-2563.385
1107,1.0,369.74,4.89630570746608,203.35700000000003
1108,1.0,271.53,6.2581867139513845,149.3415
1109,1.0,562.82,2.9827233876685453,309.55100000000004
1110,1.0,266.19,5.543424812407923,146.4045
1111,1.0,271.18,6.262675535864857,149.14900000000003
1112,1.0,263.48,6.106642641378158,144.91400000000002
1144,1.0,179.15,6.16370241453279,0.0
1145,1.0,485.0,3.723044991643445,266.75
1146,1.0,579.12,3.083860800866573,318.516
1147,1.0,366.68,4.742355863317775,201.674
1148,1.0,261.1,5.518799427546235,143.60500000000002
1149,1.0,210.97,5.268170629834625,116.0335
1150,1.0,-206.64,5.395925428467096,-1136.52
1151,1.0,-423.4,0.0,-2328.7
1152,1.0,-315.57,5.787825185380205,-1735.635
1153,1.0,-366.48,5.654339251455213,-2015.64
1154,1.0,-418.16,0.6020599913279624,-2299.88
1156,1.0,216.97,4.320914453045575,0.0
1157,1.0,179.97,5.834315773598671,0.0
1158,1.0,180.01,5.829535977866126,0.0
1159,1.0,180.02,5.81868898208072,0.0
1160,1.0,299.97,3.829496749720183,0.0
1161,1.0,260.04,4.407645797062556,0.0
1162,1.0,210.27,5.130497804316687,0.0
1163,1.0,260.01,4.608579514826188,0.0
1164,1.0,210.02,5.332404118994238,0.0
1165,1.0,210.05,5.225226551088047,0.0
1166,1.0,259.95,4.487308099109349,0.0
1168,1.0,216.45,6.293473048156108,119.0475
1169,1.0,237.12,5.7135913347584735,130.41600000000005
1171,1.0,275.22,5.186560828852073,151.37100000000004
1173,1.0,314.05,4.991934549718948,172.72750000000002
1174,1.0,350.97,4.668199484198662,193.03350000000003
1175,1.0,374.25,4.280578370368076,205.8375
1176,1.0,393.69,4.284656282788515,216.5295
1177,1.0,411.87,4.129045059887958,226.5285
1178,1.0,463.69,3.57978359661681,255.0295
1188,1.0,352.17,3.2880255353883627,0.0
1189,1.0,350.92,3.34966598409663,0.0
1190,1.0,345.73,3.2234959409623944,0.0
1191,1.0,347.23,3.302114376956201,0.0
1193,1.0,-445.97,0.0,-0.0
1194,1.0,786.47,0.0,0.0
1195,1.0,818.47,0.0,0.0
1206,1.0,268.26,4.803491256954348,0.0
1207,1.0,220.15,5.637010139789675,0.0
1208,1.0,183.89,6.176683522229599,0.0
1209,1.0,219.47,5.680830272795469,0.0
1210,1.0,309.15,4.618894929662588,0.0
1211,1.0,-546.01,0.0,-0.0
1212,1.0,183.65,6.026698697982396,0.0
1213,1.0,218.22,5.626219199767275,0.0
1214,1.0,184.35,6.116287217345921,0.0
1215,1.0,270.04,4.793434145077811,0.0
1216,1.0,275.96,4.884846321198446,0.0
1217,1.0,834.95,0.0,0.0
1218,1.0,839.48,0.0,0.0
1219,1.0,860.89,0.0,0.0
1220,1.0,840.4,0.0,0.0
1221,1.0,831.58,0.0,0.0
1222,1.0,825.71,0.0,0.0
1265,1.0,202.13,6.166734043211645,111.1715
1266,1.0,259.62,5.261365183658459,142.79100000000005
1267,1.0,483.59,3.563955464995813,265.97450000000003
1268,1.0,332.82,4.257846501591155,183.051
1269,1.0,368.99,4.100852826657301,202.94450000000003
1270,1.0,417.23,3.821579027912009,229.4765
1282,1.0,277.01,5.2762319579218335,152.3555
1283,1.0,198.67,6.751548529380677,109.2685
1284,1.0,308.07,4.977723605288848,169.4385
1285,1.0,395.16,4.136720567156407,217.338
1286,1.0,404.56,4.26245108973043,222.508
1287,1.0,398.78,3.322219294733919,219.329
1288,1.0,568.1,2.510545010206612,312.45500000000004
1316,1.0,264.79,4.970100365087651,0.0
1325,1.0,340.37,3.633468455579586,0.0
1326,1.0,335.68,3.5089335260500327,0.0
1327,1.0,344.64,3.762453482363547,0.0
1328,1.0,333.91,3.579440597139797,0.0
1329,1.0,337.43,3.682145076373832,0.0
1330,1.0,175.97,6.2391219703552405,0.0
1347,1.0,667.7,0.0,0.0
1348,1.0,647.89,0.0,0.0
1349,1.0,679.75,0.0,0.0
1350,1.0,605.01,0.0,0.0
1351,1.0,629.73,0.0,0.0
1352,1.0,517.67,0.0,0.0
1353,1.0,609.09,0.0,0.0
1354,1.0,628.41,0.0,0.0
1369,1.0,175.53,6.071128699937522,0.0
1515,1.0,392.67,4.364550995353972,215.96850000000003
1516,1.0,390.67,4.087532975734094,214.86850000000004
1517,1.0,643.81,4.3979400086720375,354.0955
1518,1.0,393.06,4.42206429813628,216.183
1519,1.0,404.17,4.463415151521223,222.2935
1520,1.0,288.9,5.208820123905915,158.895
1521,1.0,-440.49,4.0,-242.2695
1522,1.0,763.3,4.0,419.815
1523,1.0,-441.96,2.903089986991944,-243.078
1524,1.0,-433.1,2.3010299956639813,-238.20500000000004
1525,1.0,907.13,2.3010299956639813,498.9215
1526,1.0,-426.53,2.6989700043360187,-234.5915
1527,1.0,906.21,2.6989700043360187,498.41550000000007
1528,1.0,566.05,2.813580988568192,311.3275
1529,1.0,828.35,2.903089986991944,455.5925
1530,1.0,278.7,5.26744161136926,153.285
1531,1.0,280.51,5.272744093598112,154.28050000000002
1532,1.0,280.02,5.24863034486369,154.011
1533,1.0,277.26,5.294000818826948,152.493
1534,1.0,279.19,5.175282719143905,153.55450000000002
1535,1.0,275.25,5.68577576446583,151.38750000000002
1536,1.0,-421.43,5.698970004336019,-231.7865
1537,1.0,-455.83,4.0,-250.7065
1538,1.0,678.75,4.0,373.31250000000006
1539,1.0,278.95,4.882439150567529,153.4225
1540,1.0,661.51,5.698970004336019,363.8305
1541,1.0,-419.07,5.903089986991944,-230.4885
1542,1.0,503.3,5.903089986991944,276.81500000000005
1543,1.0,-419.84,5.698970004336019,-230.912
1544,1.0,717.35,5.698970004336019,394.5425
1545,1.0,-430.42,5.903089986991944,-236.731
1546,1.0,383.07,4.3979400086720375,210.6885
1547,1.0,-430.85,2.3010299956639813,-236.96750000000003
1548,1.0,890.27,2.6989700043360187,489.6485
1549,1.0,-427.71,2.6989700043360187,-235.2405
1550,1.0,783.42,2.6989700043360187,430.881
1551,1.0,790.99,2.903089986991944,435.0445
1552,1.0,281.42,3.860278099752235,154.78100000000003
1553,1.0,284.69,4.319564066092164,156.57950000000002
1554,1.0,660.49,5.903089986991944,363.2695000000001
1555,1.0,282.46,5.852363474853029,155.353
1556,1.0,-592.49,2.903089986991944,-325.8695
1557,1.0,645.05,4.3979400086720375,354.77750000000003
1558,1.0,-589.63,4.6020599913279625,-324.29650000000004
1559,1.0,566.63,4.6020599913279625,311.6465
1560,1.0,274.87,5.358125285276649,151.1785
1591,1.0,-639.35,0.0,-0.0
1592,1.0,-609.62,0.0,-0.0
1593,1.0,-602.38,0.0,-0.0
1594,1.0,-532.33,0.0,-0.0
1595,1.0,-576.22,0.0,-0.0
1596,1.0,-462.17,0.0,-0.0
1597,1.0,-446.61,0.0,-0.0
1598,1.0,-446.58,0.0,-0.0
1649,1.0,290.94,5.72113186048972,160.01700000000002
1650,1.0,389.95,4.273325424275121,214.47250000000005
1651,1.0,293.17,5.726819272957204,161.2435
1652,1.0,394.24,4.343743295010095,216.832
1653,1.0,291.92,5.407016791185454,160.556
1654,1.0,399.91,4.45638121798532,219.95050000000003
1655,1.0,496.5,3.570776368794748,273.07500000000005
1656,1.0,492.41,3.401745082237063,270.82550000000003
1657,1.0,500.68,3.4720246977002813,275.374
1658,1.0,181.88,6.254246358796541,0.0
1659,1.0,178.42,6.262245997359259,0.0
1660,1.0,180.73,6.172820315900704,0.0
1661,1.0,262.52,3.5626496722119168,0.0
1662,1.0,267.87,4.824223490360817,0.0
1663,1.0,266.43,4.784453242390176,0.0
1664,1.0,439.26,2.631443769013172,0.0
1665,1.0,430.31,2.546542663478131,0.0
1666,1.0,415.56,2.401400540781544,0.0
1764,2.0,-545.08,0.0,-0.0
1765,2.0,-618.29,0.0,-0.0
1766,2.0,-606.62,0.0,-0.0
1767,2.0,-557.66,0.0,-0.0
1768,2.0,-559.42,0.0,-0.0
1770,2.0,-474.0,4.893573138568593,-2607.0
1771,2.0,-474.0,4.269396182694991,-2607.0
1778,2.0,-485.1,1.9030899869919435,-2668.05
1779,2.0,-504.79,2.942008053022313,-2776.3450000000003
1830,1.0,705.32,0.0,0.0
1831,1.0,718.61,0.0,0.0
1832,1.0,664.2,0.0,0.0
1833,1.0,678.15,0.0,0.0
1834,1.0,730.11,0.0,0.0
1835,1.0,711.28,0.0,0.0
1836,1.0,700.81,0.0,0.0
1863,1.0,-625.11,0.0,-0.0
1864,1.0,-607.88,0.0,-0.0
1865,1.0,-650.28,0.0,-0.0
1866,1.0,-646.14,0.0,-0.0
1867,1.0,-606.51,0.0,-0.0
1868,1.0,-437.51,0.0,-0.0
1869,1.0,-576.4,0.0,-0.0
1929,2.0,-450.02,4.105782597814442,-2475.11
1930,2.0,-427.0,6.140764710008936,-2348.5
1945,1.0,427.9,4.330007700872759,235.345
1946,1.0,421.51,4.204119982655925,231.8305
1947,1.0,402.33,5.240299582002712,221.2815
1948,1.0,306.77,5.425044874551388,168.7235
1949,1.0,197.6,6.716712668497517,108.68
1950,1.0,-415.79,2.776701183988411,-2286.8450000000003
1951,1.0,-385.7,4.548082170520596,-2121.35
1952,1.0,-339.44,4.872907622279761,-1866.92
1955,1.0,-239.48,5.82911650328449,-1317.14
1974,1.0,-591.53,3.0,-0.0
1975,1.0,-606.57,3.397940008672037,-0.0
1976,1.0,343.11,3.345569756056392,0.0
1977,1.0,-559.21,4.0,-0.0
1978,1.0,592.87,4.0,0.0
1979,1.0,-540.99,4.3979400086720375,-0.0
1980,1.0,507.66,4.3979400086720375,0.0
1981,1.0,-598.77,4.0,-329.3235
1982,1.0,653.25,4.0,359.2875
1983,1.0,-534.9,2.6989700043360187,-294.195
1984,1.0,792.58,2.6989700043360187,435.919
1985,1.0,-587.61,2.3010299956639813,-323.18550000000005
1986,1.0,811.37,2.3010299956639813,446.2535
1987,1.0,-539.31,4.3979400086720375,-296.6205
1988,1.0,279.03,5.658029531652442,153.4665
1989,1.0,504.18,4.3979400086720375,277.29900000000004
1990,1.0,381.41,4.35479968526329,209.7755
1991,1.0,376.68,4.226548353841412,207.174
1992,1.0,609.95,5.301029995663981,335.4725
1993,1.0,381.32,4.176698846118572,209.726
1994,1.0,544.74,5.698970004336019,0.0
1995,1.0,383.92,5.903089986991944,0.0
1996,1.0,-565.09,5.301029995663981,-0.0
1997,1.0,582.55,5.301029995663981,0.0
1998,1.0,384.97,4.151400498035618,211.7335
1999,1.0,378.28,4.414622429922522,208.054
2019,1.0,210.17,5.193124598354461,0.0
2020,1.0,212.99,5.077367905284157,0.0
2021,1.0,181.1,5.934750874663579,0.0
2022,1.0,181.21,5.838849090737256,0.0
2023,1.0,181.37,5.905256048748451,0.0
2024,1.0,265.07,4.535914097995172,0.0
2025,1.0,159.97,6.138618118278388,0.0
2026,1.0,210.11,5.356981400993131,0.0
2187,1.0,594.13,5.698927441391174,0.0
2188,1.0,-581.44,5.698961318359521,-0.0
2189,1.0,-591.39,4.397905263723669,-0.0
2190,1.0,516.47,4.602016559708155,0.0
2191,1.0,-596.11,4.60219026013319,-0.0
2192,1.0,-577.88,5.69897695299214,-0.0
2193,1.0,-567.01,4.00026049854739,-0.0
2194,1.0,-559.19,5.301082107875139,-0.0
2195,1.0,711.46,3.3967222785037734,0.0
2196,1.0,920.38,3.0008677215312267,0.0
2197,1.0,-581.83,5.301027824186143,-0.0
2198,1.0,612.85,4.398078960675112,0.0
2199,1.0,652.06,5.698917017176944,0.0
2200,1.0,700.78,5.300988735728322,0.0
2201,1.0,783.79,3.397940008672037,0.0
2202,1.0,761.95,3.999956568380192,0.0
2203,1.0,749.13,3.999869692108268,0.0
2204,1.0,467.68,4.601886238782375,0.0
2205,1.0,670.75,3.602277084300193,0.0
2206,1.0,604.71,5.903037325593351,0.0
2207,1.0,873.28,3.0008677215312267,0.0
2208,1.0,596.17,4.398078960675112,0.0
2209,1.0,-688.71,0.0,-0.0
2210,1.0,-596.4,0.0,-0.0
2211,1.0,-528.96,0.0,-0.0
2212,1.0,-671.89,0.0,-0.0
2213,1.0,257.92,4.274827255438105,0.0
2214,1.0,178.04,6.140644092283868,0.0
2215,1.0,256.75,4.668665415454492,0.0
2216,1.0,417.21,2.656098202012832,0.0
2217,1.0,255.26,4.8477823530039865,0.0
2218,1.0,176.27,6.04980740997314,0.0
2224,1.0,-433.35,0.0,-0.0
2225,1.0,-550.3,0.0,-0.0
2226,1.0,-438.35,0.0,-0.0
2227,1.0,-373.39,0.0,-0.0
2243,1.0,436.1,2.3521825181113627,0.0
2244,1.0,184.05,5.992979650690281,0.0
2245,1.0,266.62,4.891258616904139,0.0
2246,1.0,431.07,2.4771212547196626,0.0
2247,1.0,429.53,1.505149978319906,0.0
2248,1.0,263.73,4.282191456275556,0.0
2249,1.0,428.48,2.359835482339888,0.0
2250,1.0,426.73,2.823474229170301,0.0
2251,1.0,260.5,4.833344763389635,0.0
2252,1.0,180.41,5.019386341792188,0.0
2253,1.0,179.15,5.928097172117339,0.0
2254,1.0,178.47,5.999621564673743,0.0
2279,1.0,137.84,7.29786122948452,0.0
2382,1.0,582.12,5.698972610095093,0.0
2384,1.0,595.91,4.601712416694041,0.0
2385,1.0,590.27,4.6020599913279625,0.0
2386,1.0,476.37,5.903090529859707,0.0
2387,1.0,554.7,4.602125130614923,0.0
2388,1.0,481.4,5.903089986991944,0.0
2390,1.0,597.59,4.39776625612645,0.0
2391,1.0,609.89,3.3988077302032647,0.0
2392,1.0,604.28,4.000086850211649,0.0
2393,1.0,555.72,2.9995654882259823,0.0
2395,1.0,349.53,3.563243701140398,0.0
2398,1.0,353.47,3.4838724542226736,0.0
2399,1.0,349.84,3.545801757159276,0.0
2400,1.0,342.26,3.380030247967831,0.0
2401,1.0,-621.83,0.0,-0.0
2402,1.0,-40.49,0.0,-0.0
2403,1.0,-38.92,0.0,-0.0
2404,1.0,-39.75,0.0,-0.0
2405,1.0,-39.61,0.0,-0.0
2406,1.0,-39.27,0.0,-0.0
2407,1.0,-39.35,0.0,-0.0
2408,1.0,-39.17,0.0,-0.0
2409,1.0,660.73,0.0,0.0
2410,1.0,801.55,0.0,0.0
2411,1.0,780.71,0.0,0.0
2412,1.0,726.18,0.0,0.0
2413,1.0,834.78,0.0,0.0
2414,1.0,-374.35,0.0,-0.0
2415,1.0,-325.84,0.0,-0.0
2416,1.0,-422.69,0.0,-0.0
2417,1.0,-452.02,0.0,-0.0
2418,1.0,-393.88,0.0,-0.0
2440,1.0,965.85,0.0,0.0
2441,1.0,1156.5,0.0,0.0
2442,1.0,1113.51,0.0,0.0
2573,1.0,1049.54,0.0,0.0
2574,1.0,1106.98,0.0,0.0
2575,1.0,882.94,0.0,0.0
2576,1.0,1043.05,0.0,0.0
2577,1.0,1065.26,0.0,0.0
2578,1.0,-584.57,0.0,-0.0
2579,1.0,635.67,3.6020599913279625,0.0
2594,1.0,-596.31,3.0,-0.0
2595,1.0,140.87,6.239521200565928,0.0
2597,1.0,-392.4,4.962170376600235,-2158.2
2598,1.0,-387.88,5.88349563358854,-2133.34
2599,1.0,-473.08,5.69320970751774,-2601.94
2600,1.0,-389.52,5.962799154954428,-2142.36
2617,1.0,-460.96,5.156030959765567,-2535.28
2618,1.0,424.32,2.4471580313422194,0.0
2619,1.0,257.46,4.951740535791213,0.0
2620,1.0,306.63,3.204933522354145,0.0
2706,1.0,-418.99,4.797848981363836,-2304.445
2707,1.0,-419.0,0.3010299956639812,-2304.5
2708,1.0,-440.34,2.9786369483844743,-2421.87
2709,1.0,-376.49,0.0,-2070.695
2710,1.0,-440.35,3.8140477209956,-2421.925
2711,1.0,-419.07,3.6058435390580894,-2304.885
2712,1.0,-440.34,5.554016448585713,-2421.87
2713,1.0,-419.05,4.969755945482622,-2304.775
2714,1.0,-421.91,4.199206479161658,-2320.505
2715,1.0,-440.28,5.036660827605983,-2421.54
2716,1.0,267.52,6.034125297971858,147.136
2717,1.0,270.04,6.184148933658721,148.52200000000002
2718,1.0,-440.27,3.663229634532868,-2421.485
2720,1.0,800.15,2.303196057420489,440.0825
2721,1.0,762.08,2.303196057420489,419.14400000000006
2722,1.0,356.78,7.042688343474213,0.0
2723,1.0,357.72,6.962626142308939,0.0
2724,1.0,446.66,6.161962129827658,0.0
2725,1.0,444.34,6.165271338817579,0.0
2726,1.0,443.18,6.176296776475162,0.0
2727,1.0,418.63,5.720240364143812,0.0
2728,1.0,361.36,6.463174989067412,0.0
2729,1.0,364.22,6.183733223546676,0.0
2730,1.0,354.53,6.040498698281761,0.0
2731,1.0,428.24,5.718934936784383,0.0
2732,1.0,425.99,5.7202569052927545,0.0
2733,1.0,389.46,6.110196310504653,0.0
2756,1.0,-506.25,6.711817179752216,-0.0
2757,1.0,795.64,5.301025652697447,4376.02
2758,1.0,-579.53,6.699129708478671,-0.0
2759,1.0,229.8,6.39409814734712,126.39
2760,1.0,-391.32,5.353352570551598,-2152.26
2761,1.0,508.33,6.723117628203055,0.0
2762,1.0,-597.16,5.903084015401762,-3284.38
2764,1.0,230.01,6.380744914937657,126.5055
2765,1.0,570.42,6.300983089326948,313.731
2766,1.0,-389.39,5.657129504486177,-2141.645
2767,1.0,227.21,6.580733205436984,124.96550000000002
2768,1.0,727.86,5.69896739856131,4003.23
2769,1.0,342.82,6.941714072673244,0.0
2770,1.0,874.47,5.301038681466761,4809.585
2771,1.0,470.06,5.70956928349098,0.0
2772,1.0,-546.62,5.301023481197894,-3006.41
2773,1.0,142.24,6.256539037674751,0.0
2774,1.0,466.83,6.034586348470829,0.0
2776,1.0,-521.7,6.698970786065383,-0.0
2777,1.0,572.78,6.385978034937552,315.029
2818,1.0,469.89,5.573030659551436,0.0
2823,1.0,512.43,5.903066643036167,0.0
2825,1.0,748.86,6.302963507178835,0.0
2826,1.0,647.18,6.327796074400413,0.0
2830,1.0,689.36,5.300997422356324,0.0
2834,1.0,-582.57,3.6021685513789974,-0.0
2835,1.0,-515.62,3.602385590105105,-0.0
2839,1.0,-553.99,3.3100557377508912,-0.0
2842,1.0,186.18,5.784948770260692,0.0
2843,1.0,-390.13,4.997521807234277,-2145.715
2844,1.0,-445.87,5.6377198246098335,-2452.285
2848,1.0,-483.23,2.7902851640332416,-2657.7650000000003
2849,1.0,-437.54,5.0799947857458445,-2406.4700000000003
2892,1.0,935.27,0.0,0.0
2893,1.0,897.62,0.0,0.0
2894,1.0,883.23,0.0,0.0
2895,1.0,920.44,0.0,0.0
2910,1.0,940.99,0.0,0.0
2911,1.0,920.42,0.0,0.0
2912,1.0,843.38,0.0,0.0
2913,1.0,-460.12,0.0,-0.0
2914,1.0,-425.33,0.0,-0.0
2915,1.0,933.16,0.0,0.0
2916,1.0,919.9,0.0,0.0
2947,1.0,613.33,5.301029995663981,0.0
2948,1.0,633.55,2.903089986991944,348.4525
2949,1.0,378.33,4.307880955988253,208.0815
2950,1.0,634.49,4.0,0.0
2977,1.0,734.03,2.903089986991944,403.7165
2978,1.0,339.5,3.4265112613645754,0.0
2979,1.0,318.55,2.761175813155732,0.0
2980,1.0,252.64,4.48665713133888,0.0
2981,1.0,528.97,4.6020599913279625,0.0
2982,1.0,375.36,4.460431740513778,206.44800000000004
2983,1.0,505.22,5.903089986991944,277.87100000000004
2984,1.0,-619.35,2.903089986991944,-340.64250000000004
2985,1.0,277.02,5.762692064900431,152.361
2986,1.0,-562.37,5.698970004336019,-309.30350000000004
2987,1.0,277.04,5.697374955250711,152.372
2988,1.0,-602.83,5.301029995663981,-331.5565
2989,1.0,175.83,5.679516926940339,0.0
2990,1.0,332.49,2.832508912706236,0.0
2991,1.0,724.49,3.0,0.0
3015,1.0,349.75,6.74647017899506,0.0
3016,1.0,376.13,6.503627962324396,0.0
3017,1.0,374.66,6.521091512280718,0.0
3024,1.0,365.03,6.679790807857726,0.0
3045,1.0,232.98,6.556636296659391,128.139
3051,1.0,290.27,5.609154556764665,159.6485
3052,1.0,289.46,5.041112277305815,159.203
3053,1.0,289.46,5.749266219519278,159.203
3054,1.0,298.9,5.424927349433793,164.395
3055,1.0,-358.21,6.415434457462931,-1970.155
3056,1.0,289.46,5.665297622277418,159.203
3064,1.0,286.83,5.556151677886138,157.75650000000002
3065,1.0,-583.62,6.30101501224589,-320.99100000000004
3066,1.0,-558.88,5.698955238072606,-3073.84
3067,1.0,233.98,6.347968982665645,128.689
3068,1.0,620.06,6.698962881848111,341.033
3069,1.0,233.31,6.270570773028736,128.3205
3070,1.0,231.42,6.226847524214765,127.281
3071,1.0,-554.66,5.698970004336019,-305.063
3072,1.0,-498.28,6.306378056866777,-0.0
3077,1.0,218.58,6.171679365974973,120.21900000000002
3078,1.0,229.98,6.047751745147548,126.489
3080,1.0,-561.11,5.889345409945054,-0.0
3156,1.0,381.0,6.601712525354577,0.0
3157,1.0,294.3437155,5.301029995663981,161.889043525
3158,1.0,694.1,5.300986564044174,381.75500000000005
3184,1.0,707.72,5.544009720889472,389.246
3187,1.0,761.46,5.698964792770966,0.0
3188,1.0,711.5,5.6989682671546165,391.3250000000001
3201,1.0,229.89,6.463868661843904,126.4395
3202,1.0,-473.12,3.903089986991944,-2602.16
3203,1.0,524.45,5.903019951359962,0.0
3204,1.0,-473.12,4.427680816331463,-2602.16
3328,1.0,279.29,5.79726823348484,153.60950000000005
3329,1.0,656.3624815,4.000043427276863,360.999364825
3330,1.0,640.6917387,5.301029995663981,352.38045628500004
3331,1.0,564.2269563,5.698970872924114,310.324825965
3332,1.0,383.35,4.188084373714938,210.84250000000003
3333,1.0,596.7469371,3.397940008672037,0.0
3334,1.0,564.805058,3.6020599913279625,0.0
3335,1.0,341.27,3.24551266781415,0.0
3336,1.0,180.09,5.843533004201485,0.0
3337,1.0,255.95,4.3887936723235015,0.0
3338,1.0,537.7574371,5.903089986991944,0.0
3339,1.0,554.333019,5.698970004336019,0.0
3350,1.0,534.8154362,4.3979400086720375,0.0
3351,1.0,277.81,5.759229552645151,152.7955
3352,1.0,735.4648095,3.0,0.0
3353,1.0,381.34,4.319584873110106,209.737
3354,1.0,722.9292719,2.6989700043360187,397.61109954500006
3355,1.0,802.4821203,2.3010299956639813,441.36516616500006
3422,1.0,326.12,6.360030207426812,0.0
3423,1.0,329.47,6.310677172004016,0.0
3424,1.0,333.77,6.501496213843095,0.0
3425,1.0,355.52,7.0593345484030925,0.0
3426,1.0,379.23,6.902006319977842,0.0
3427,1.0,371.15,6.607743491945309,0.0
3428,1.0,378.9,6.791611290064078,0.0
3508,1.0,613.9974817,5.698897036733609,337.698614935
3509,1.0,520.1392074,6.698923011130699,286.07656407
3510,1.0,287.8320619,5.698871842690425,158.307634045
3511,1.0,-571.1167816,5.698891824292861,-314.11422988
3546,1.0,394.7483493,4.550032570573743,217.111592115
3547,1.0,755.0103411,4.000086850211649,415.2556876050001
3548,1.0,553.504942,5.902991173756879,0.0
3549,1.0,390.9285579,4.58692470814482,215.010706845
3550,1.0,566.627432,4.39776625612645,311.6450876
3551,1.0,754.8915823,3.9998262474544126,415.190370265
3552,1.0,282.8474153,5.439597927268876,155.56607841500002
3588,1.0,283.1096767,5.202787915033841,155.71032218500002
3589,1.0,258.5114908,6.004461959239178,142.18131994
3590,1.0,282.4380049,5.745646184525931,155.340902695
3591,1.0,315.7094976,5.010041168971806,173.64022368000002
3592,1.0,317.4966689,5.108842288381394,174.623167895
3593,1.0,330.0330033,4.855900585780354,181.51815181500004
3594,1.0,399.3217001,4.358924215388512,219.626935055
3595,1.0,379.3604651,4.367486376167786,208.648255805
3596,1.0,372.4448078,4.306596566797276,204.84464429
3605,1.0,557.8231293,3.6020599913279625,0.0
3606,1.0,579.5105414,4.3979400086720375,318.73079777
3608,1.0,341.3093018,3.4466924663715277,0.0
3609,1.0,382.3621718,4.397853141088609,210.29919449
3610,1.0,465.4101295,4.6020599913279625,0.0
3611,1.0,579.4173932,3.397940008672037,0.0
3612,1.0,409.2339979,5.698970004336019,225.078698845
3613,1.0,453.4480949,5.903089986991944,249.396452195
3614,1.0,380.3285506,4.246449338267045,209.18070283000003
3623,1.0,382.5154878,5.903001490475367,210.38351829
3626,1.0,716.4832873,3.999217565530104,0.0
3627,1.0,708.2277666,4.000130268805227,389.52527163
3728,1.0,994.3689896,0.0,0.0
3729,1.0,961.4694698,0.0,0.0
3730,1.0,952.5248073,0.0,0.0
3731,1.0,961.8513682,0.0,0.0
3732,1.0,1016.132543,0.0,0.0
3743,1.0,213.3333333,5.992222921767967,0.0
3744,1.0,213.3333333,5.555095658310568,0.0
3745,1.0,258.687664,5.151188984260521,0.0
3746,1.0,258.687664,4.905477460877743,0.0
3747,1.0,258.6529533,4.951619184484154,0.0
3748,1.0,482.7044025,3.8661691476337703,265.48742137500005
3749,1.0,482.715075,3.630427875025024,265.49329125
3750,1.0,381.3228121,4.541279627182781,209.72754665500003
3751,1.0,381.3260009,4.673297439759636,209.729300495
3752,1.0,381.3799943,4.594171479114912,209.75899686500003
3768,3.0,210.6048571,5.395754359792703,115.832671405
3769,3.0,217.5726149,5.172486169686935,119.664938195
3770,3.0,217.6836524,5.209182464317315,119.72600882
3771,3.0,230.1147546,5.239414608223811,126.56311503
3772,3.0,230.1147546,5.080330604196845,126.56311503
3773,3.0,243.0251774,4.940939616249092,133.66384757
3774,3.0,272.3343793,4.191199419701518,149.78390861500003
3775,3.0,296.373573,4.011781830548107,163.00546515000002
3776,3.0,361.4806246,3.216429830876251,198.81434353
3777,3.0,204.4631382,5.579148834440838,112.45472601000002
3778,3.0,210.1262859,5.071053112910271,115.569457245
3779,3.0,231.1365226,4.546061218173806,127.12508743
3780,3.0,178.5799324,6.167309062393546,98.21896282
3781,3.0,237.5257419,4.181786440174192,130.63915804500002
3782,3.0,240.0254427,3.8294324336175984,132.013993485
3783,3.0,297.4676578,3.09795107099415,163.60721179
3784,3.0,356.3664873,2.60959440922522,196.00156801500003
3796,3.0,-529.5093481,0.0,-0.0
3797,3.0,-485.374857,0.0,-0.0
3798,3.0,889.8406527,0.0,0.0
3799,3.0,-509.3899796,0.0,-0.0
3800,3.0,892.7920917,0.0,0.0
3801,3.0,882.2681561,0.0,0.0
3802,3.0,928.2146328,0.0,0.0
3803,3.0,-516.9855518,0.0,-0.0
3804,3.0,-504.0727374,0.0,-0.0
3805,3.0,947.4880257,0.0,0.0
3931,3.0,-642.7241984,0.0,-0.0
3932,3.0,-571.3439897,0.0,-0.0
3933,3.0,-655.1099179,0.0,-0.0
3934,3.0,-618.7390424,0.0,-0.0
3935,3.0,-572.0174042,0.0,-0.0
