nr,Fibre Volume Fraction,taverage,waverage,Lnominal,R-value1,Ffatigue,smax,Ncycles,f,Temp.
461,53.31,3.8,25.0,145.0,-1.0,25.0,263.16,1952.0,5.0,27.387671232876706
462,53.31,3.9,25.0,145.0,-1.0,15.0,153.85,2972910.0,5.0,27.387671232876706
463,53.31,3.9,25.0,145.0,-1.0,18.55,190.29,37601.0,5.0,27.387671232876706
464,53.31,3.8,25.0,145.0,0.1,37.11,390.6,17403.0,5.0,27.387671232876706
465,53.31,3.8,25.0,145.0,0.1,32.47,341.77,43033.0,5.0,27.387671232876706
466,53.31,3.8,25.0,145.0,0.1,27.83,292.95,226935.0,5.0,27.387671232876706
467,53.31,3.8,25.0,145.0,0.1,23.19,244.12,977128.0,5.0,27.387671232876706
468,53.31,3.8,25.0,145.0,-1.0,20.0,210.53,37153.0,5.0,27.387671232876706
469,53.31,3.8,25.0,145.0,0.1,32.47,341.77,23612.0,5.0,27.387671232876706
547,52.55,3.74,24.84,145.0,-1.0,20.0,215.28,17370.0,5.0,27.387671232876706
548,52.55,3.92,24.71,145.0,-1.0,25.0,258.1,985.0,5.0,27.387671232876706
549,52.55,3.78,24.88,145.0,-1.0,25.0,265.83,1458.0,5.0,27.387671232876706
551,52.55,3.7,24.99,145.0,-1.0,19.7,213.06,172044.0,5.0,27.387671232876706
552,52.55,3.74,24.8,145.0,-1.0,22.85,246.36,2566.0,5.0,31.4
553,52.55,3.66,24.8,145.0,-1.0,34.4,378.99,2050.0,5.0,34.4
554,52.55,3.7,25.03,145.0,-1.0,18.1,195.44,844145.0,5.0,35.4
555,50.87,3.65,24.75,145.0,-1.0,18.0,199.25,409950.0,5.0,27.387671232876706
556,50.87,3.72,24.8,145.0,-1.0,27.49,297.98,102733.0,5.0,27.387671232876706
557,50.87,3.71,24.78,145.0,-1.0,24.9,270.85,898.0,5.0,31.4
558,50.87,3.65,24.77,145.0,-1.0,21.97,243.03,92160.0,5.0,32.8
559,50.87,3.7,24.83,145.0,-1.0,36.71,399.54,795.0,5.0,27.4
560,50.87,3.73,24.8,145.0,-1.0,28.1,303.78,1067.0,5.0,30.6
561,50.87,3.64,24.83,145.0,-1.0,31.49,348.46,801.0,5.0,29.0
562,50.87,3.73,24.71,145.0,-1.0,30.62,332.17,480.0,5.0,35.8
647,53.31,3.8,25.0,145.0,-1.0,25.0,263.16,1915.0,5.0,27.387671232876706
649,53.31,3.8,25.1,145.0,-1.0,18.0,188.72,61583.0,5.0,27.387671232876706
650,53.31,3.8,25.0,145.0,-1.0,20.0,210.53,25909.0,5.0,27.387671232876706
651,53.31,3.8,25.1,145.0,-1.0,20.0,209.69,34434.0,5.0,27.387671232876706
653,53.31,3.8,25.0,145.0,-1.0,25.0,263.16,918.0,5.0,27.387671232876706
654,53.31,3.8,25.0,145.0,-1.0,18.0,189.47,147344.0,5.0,27.387671232876706
659,52.32,3.7,24.7,145.0,-1.0,27.83,304.52,427.0,5.0,27.387671232876706
660,52.32,3.7,24.9,145.0,-1.0,16.7,181.24,637624.0,5.0,27.387671232876706
661,52.32,3.7,24.4,145.0,-1.0,23.19,256.89,2440.0,5.0,27.387671232876706
662,52.32,3.7,24.7,145.0,-1.0,23.19,253.77,2306.0,5.0,27.387671232876706
665,52.32,3.7,24.8,145.0,-1.0,16.7,181.98,681605.0,5.0,27.387671232876706
668,52.32,3.7,25.0,145.0,-1.0,32.47,351.01,2702.0,1.0,27.387671232876706
669,52.32,3.8,24.8,145.0,-1.0,23.19,246.09,3576.0,5.0,27.387671232876706
670,52.32,3.7,24.7,145.0,-1.0,30.0,328.26,2305.0,1.0,27.387671232876706
673,52.32,3.75,24.9,145.0,-1.0,18.55,198.7,454761.0,5.0,27.387671232876706
677,50.66,3.8,24.7,145.0,-1.0,27.83,296.51,21637.0,1.0,27.387671232876706
683,50.66,3.8,24.8,145.0,-1.0,16.7,177.19,741879.0,5.0,27.387671232876706
686,50.66,3.8,24.8,145.0,-1.0,15.0,159.17,2551489.0,5.0,27.387671232876706
891,53.31,3.85,25.37,145.0,10.0,-50.0,-511.47,2.0,2.8,27.387671232876706
892,53.31,3.78,25.08,145.0,10.0,-40.0,-421.56,1000000.0,1.7,27.387671232876706
893,53.31,3.79,25.22,145.0,10.0,-38.0,-397.9,301530.0,4.85,49.5
894,53.31,3.81,25.62,145.0,10.0,-45.0,-461.01,295.0,4.0,28.0
895,53.31,3.74,25.38,145.0,10.0,-40.0,-421.4,120285.0,4.5,27.387671232876706
896,53.31,3.74,25.5,145.0,10.0,-42.0,-440.78,5869.0,4.7,34.4
897,50.66,3.78,24.75,145.0,-1.0,25.0,267.42,2230.0,2.5,43.6
898,50.66,3.79,24.74,145.0,-1.0,25.0,266.35,16436.0,2.5,32.6
899,50.66,3.83,24.79,145.0,-1.0,17.0,178.87,897619.0,4.32,27.387671232876706
900,50.66,3.79,24.62,145.0,-1.0,25.0,267.89,45377.0,2.0,32.5
901,50.29,3.77,24.61,145.0,-1.0,17.5,188.48,407204.0,4.1,45.0
902,50.29,3.81,24.66,145.0,-1.0,20.0,212.87,314452.0,3.13,31.0
903,50.29,3.81,24.76,145.0,-1.0,17.0,180.37,685783.0,4.32,27.387671232876706
904,50.29,3.76,24.7,145.0,-1.0,20.0,215.51,274849.0,3.13,27.387671232876706
905,50.29,3.81,24.91,145.0,-1.0,20.0,210.7,268157.0,3.13,27.387671232876706
906,50.29,3.87,24.96,145.0,-1.0,20.0,206.84,204841.0,3.13,29.1
907,50.29,3.81,24.91,145.0,-1.0,25.0,263.38,46263.0,2.0,27.387671232876706
908,50.29,3.83,24.71,145.0,-1.0,20.0,211.51,154582.0,3.13,27.387671232876706
909,50.29,3.82,24.79,145.0,-1.0,17.5,184.93,535132.0,4.1,40.7
910,50.29,3.76,24.75,145.0,-1.0,15.0,161.31,1250000.0,5.55,29.0
911,50.29,3.87,24.44,145.0,-1.0,17.0,179.74,661598.0,4.32,27.387671232876706
912,50.29,3.92,24.81,145.0,-1.0,25.0,257.09,44079.0,2.0,27.387671232876706
943,49.49,3.79,24.98,145.0,-1.0,17.0,179.75,812946.0,4.33,27.387671232876706
944,49.49,3.84,24.86,145.0,-1.0,25.0,261.78,36603.0,2.0,30.0
945,49.49,3.85,24.97,145.0,0.1,54.0,561.49,1189.0,1.5,27.387671232876706
946,49.49,3.85,24.89,145.0,-1.0,17.0,177.31,380132.0,4.32,27.387671232876706
947,51.2,3.99,25.13,145.0,-1.0,17.0,169.42,1598170.0,4.32,27.387671232876706
948,51.2,3.76,25.19,145.0,0.1,54.0,570.66,440.0,1.5,27.387671232876706
949,51.2,3.83,25.33,145.0,0.1,54.0,556.62,836.0,1.5,27.387671232876706
950,51.2,3.79,25.15,145.0,0.1,54.0,567.04,1065.0,1.5,27.387671232876706
951,51.2,3.76,24.81,145.0,0.1,35.0,375.19,51715.0,3.6,27.387671232876706
952,51.2,3.75,25.27,145.0,0.1,35.0,369.68,60922.0,3.6,27.387671232876706
953,49.07,3.76,25.26,145.0,0.1,35.0,368.26,13010.0,3.6,27.387671232876706
954,49.07,3.72,25.23,145.0,0.1,35.0,372.66,50128.0,3.6,31.2
955,49.07,3.85,25.2,145.0,-1.0,17.0,175.38,1420061.0,4.32,34.3
956,49.07,3.79,25.24,145.0,0.1,35.0,366.17,72545.0,3.6,25.8
957,50.65,3.84,25.18,145.0,0.1,54.0,558.85,976.0,1.5,32.0
958,50.65,3.88,25.21,145.0,0.1,64.0,653.87,202.0,1.0,27.387671232876706
1075,52.55,3.78,24.9,145.0,-1.0,18.0,191.24,317800.0,5.0,27.387671232876706
1078,49.45,3.88,25.31,145.0,-1.0,29.46,300.0,12809.0,1.5,30.4
1079,49.45,3.84,25.19,145.0,-1.0,28.99,300.0,1225.0,2.0,30.4
1080,49.45,3.85,25.28,145.0,-1.0,29.23,300.0,2405.0,1.75,32.0
1081,49.45,3.71,25.07,145.0,-1.0,27.92,300.0,16105.0,1.5,29.3
1082,49.45,3.88,25.25,145.0,-1.0,25.0,255.18,50281.0,2.0,29.8
1083,49.45,3.83,25.21,145.0,-1.0,35.0,362.18,1575.0,1.02,28.1
1084,49.45,3.84,25.35,145.0,-1.0,35.0,359.29,570.0,1.02,34.9
1085,49.45,3.83,25.22,145.0,-1.0,35.0,362.39,1001.0,1.02,33.0
1086,49.45,3.8,25.28,145.0,-1.0,25.0,260.21,35286.0,2.0,28.5
1087,50.65,3.77,25.02,145.0,-1.0,25.0,265.27,20760.0,2.0,29.2
1088,50.65,3.83,25.19,145.0,-1.0,20.0,207.48,304399.0,3.13,26.8
1089,53.09,3.73,25.46,145.0,-1.0,17.0,178.83,998797.0,4.33,28.0
1091,51.2,3.74,25.21,145.0,10.0,-44.31,-469.48,197825.0,3.35,27.387671232876706
1092,51.2,3.7,25.28,145.0,10.0,-43.97,-470.47,2008.0,3.31,27.387671232876706
1093,49.07,3.77,25.23,145.0,10.0,-43.04,-452.8,5616.0,3.57,31.5
1094,49.07,3.82,25.16,145.0,10.0,-43.55,-452.77,15990.0,3.57,32.0
1095,49.07,3.87,25.13,145.0,10.0,-40.81,-419.63,845622.0,4.16,33.8
1098,49.49,3.85,24.89,145.0,10.0,-45.11,-470.44,469.0,3.31,27.387671232876706
1099,51.2,3.76,25.21,145.0,10.0,-44.6,-470.46,398.0,3.31,27.387671232876706
1100,51.2,3.72,25.26,145.0,10.0,-43.76,-466.07,3284.0,3.37,27.387671232876706
1104,56.66,6.36,25.13,145.0,10.0,-23.03,-144.17,3654.0,3.0,27.387671232876706
1105,56.66,6.3,25.03,145.0,10.0,-24.68,-156.47,572.0,2.59,30.4
1106,56.66,6.39,24.85,145.0,10.0,-25.01,-157.59,568.0,2.59,28.8
1107,51.2,3.74,25.29,145.0,0.1,35.0,369.74,78760.0,3.6,27.387671232876706
1108,51.2,3.74,25.13,145.0,0.1,25.5,271.53,1812119.0,6.7,27.387671232876706
1109,51.2,3.82,25.1,145.0,0.1,54.0,562.82,961.0,1.5,27.387671232876706
1110,49.07,3.8,25.21,145.0,0.1,25.5,266.19,349482.0,6.7,28.0
1111,49.07,3.74,25.16,145.0,0.1,25.5,271.18,1830946.0,6.7,25.6
1112,49.07,3.83,25.25,145.0,0.1,25.5,263.48,1278329.0,6.7,27.387671232876706
1144,53.09,3.73,25.44,145.0,-1.0,17.0,179.15,1457815.0,4.33,26.5
1145,53.09,3.65,25.44,145.0,0.1,45.0,485.0,5285.0,2.16,26.8
1146,53.09,3.74,25.39,145.0,0.1,55.0,579.12,1213.0,1.5,26.3
1147,53.09,3.75,25.45,145.0,0.1,35.0,366.68,55253.0,3.57,25.3
1148,53.09,3.75,25.51,145.0,0.1,25.0,261.1,330217.0,5.0,25.0
1149,53.09,3.72,25.48,145.0,0.1,20.0,210.97,185426.0,5.0,23.0
1150,53.54,3.79,25.56,145.0,10.0,-20.0,-206.64,248843.0,5.0,23.3
1151,53.09,3.7,25.53,145.0,10.0,-40.0,-423.4,1.0,2.73,22.9
1152,53.09,3.77,25.22,145.0,10.0,-30.0,-315.57,613515.0,3.57,26.0
1153,53.09,3.75,25.49,145.0,10.0,-35.0,-366.48,451169.0,3.57,27.6
1154,53.54,3.76,25.46,145.0,10.0,-40.0,-418.16,4.0,2.73,21.5
1155,53.54,3.73,25.55,145.0,10.0,-25.0,-262.33,1310500.0,5.0,25.5
1156,52.55,3.73,24.71,145.0,-1.0,20.0,216.97,20937.0,5.0,27.387671232876706
1157,50.81,3.85,24.55,145.0,-1.0,17.01,179.97,682835.0,4.32,27.387671232876706
1158,50.81,3.75,24.71,145.0,-1.0,16.68,180.01,675361.0,4.32,27.387671232876706
1159,50.81,3.77,24.71,145.0,-1.0,16.77,180.02,658702.0,4.32,27.387671232876706
1160,50.81,3.8,24.59,145.0,-1.0,28.03,299.97,6753.0,1.52,27.387671232876706
1161,50.81,3.88,24.59,145.0,-1.0,24.81,260.04,25565.0,2.0,33.2
1162,50.81,3.95,24.67,145.0,-1.0,20.49,210.27,135051.0,3.13,27.387671232876706
1163,50.81,3.86,24.77,145.0,-1.0,24.86,260.01,40605.0,2.0,27.387671232876706
1164,50.81,3.82,24.68,145.0,-1.0,19.8,210.02,214983.0,3.13,31.9
1165,50.81,3.86,24.84,145.0,-1.0,20.14,210.05,167968.0,3.13,27.387671232876706
1166,50.81,3.85,24.62,145.0,-1.0,24.64,259.95,30712.0,2.0,33.1
1167,52.97,3.67,24.89,280.0,0.1,17.81,195.0,0.0,10.0,27.387671232876706
1168,52.97,3.72,24.85,280.0,0.1,20.01,216.45,1965500.0,8.3,27.387671232876706
1169,52.97,3.73,24.86,280.0,0.1,21.99,237.12,517120.0,6.8,27.387671232876706
1170,52.97,3.84,24.86,280.0,0.1,24.25,254.0,0.0,5.9,27.387671232876706
1171,53.62,3.7,24.83,280.0,0.1,25.28,275.22,153660.0,5.0,27.387671232876706
1172,53.62,3.75,24.93,280.0,0.1,27.39,293.0,0.0,4.4,27.387671232876706
1173,53.62,3.72,24.65,280.0,0.1,28.8,314.05,98160.0,3.8,27.387671232876706
1174,53.62,3.7,24.77,280.0,0.1,32.17,350.97,46580.0,2.92,27.387671232876706
1175,53.62,3.78,24.84,280.0,0.1,35.14,374.25,19080.0,2.7,27.387671232876706
1176,53.62,3.6,24.76,280.0,0.1,35.09,393.69,19260.0,2.42,27.387671232876706
1177,53.62,3.59,24.66,280.0,0.1,36.46,411.87,13460.0,2.14,27.387671232876706
1178,53.62,3.71,24.91,280.0,0.1,42.85,463.69,3800.0,1.84,27.387671232876706
1187,53.4,3.67,25.35,145.0,-1.0,25.0,268.72,130393.0,2.0,30.7
1188,53.4,3.62,25.36,145.0,-1.0,32.33,352.17,1941.0,2.0,30.5
1189,53.4,3.63,25.38,145.0,-1.0,32.33,350.92,2237.0,2.0,31.7
1190,53.4,3.67,25.48,145.0,-1.0,32.33,345.73,1673.0,2.0,29.2
1191,53.4,3.67,25.37,145.0,-1.0,32.33,347.23,2005.0,2.0,30.0
1206,53.31,3.71,25.25,145.0,-1.0,25.15,268.26,63605.0,1.0,34.2
1207,50.82,3.66,24.79,145.0,-1.0,20.0,220.15,433521.0,2.25,27.387671232876706
1208,50.82,3.73,24.8,145.0,-1.0,17.0,183.89,1502047.0,4.32,27.387671232876706
1209,50.82,3.68,24.75,145.0,-1.0,20.0,219.47,479546.0,2.25,27.387671232876706
1210,50.82,3.66,24.76,145.0,-1.0,28.0,309.15,41581.0,0.9,27.387671232876706
1212,50.82,3.73,24.8,145.0,-1.0,17.0,183.65,1063405.0,3.0,27.387671232876706
1213,50.82,3.66,25.07,145.0,-1.0,20.0,218.22,422882.0,2.25,27.387671232876706
1214,50.82,3.72,24.78,145.0,-1.0,17.0,184.35,1307035.0,3.0,27.387671232876706
1215,50.82,3.74,24.75,145.0,-1.0,25.0,270.04,62149.0,1.2,27.387671232876706
1216,50.82,3.65,24.82,145.0,-1.0,25.0,275.96,76709.0,1.2,27.387671232876706
1265,53.19,3.66,24.98,280.0,0.1,18.48,202.13,1468027.0,7.0,60.0
1266,53.19,3.79,24.95,280.0,0.1,24.55,259.62,182543.0,3.7,60.0
1267,53.19,3.69,24.96,280.0,0.1,44.54,483.59,3664.0,3.0,60.0
1268,53.19,3.77,24.89,280.0,0.1,31.23,332.82,18107.0,2.3,60.0
1269,53.19,3.76,24.96,280.0,0.1,34.63,368.99,12614.0,1.9,60.0
1270,53.19,3.78,24.83,280.0,0.1,39.16,417.23,6631.0,1.6,60.0
1283,52.28,3.81,24.89,280.0,0.1,18.84,198.67,5643500.0,7.0,27.387671232876706
1285,52.28,3.76,24.66,280.0,0.1,36.64,395.16,13700.0,1.6,27.387671232876706
1286,52.28,3.81,25.25,280.0,0.1,38.92,404.56,18300.0,1.6,27.387671232876706
1287,52.28,3.81,25.32,280.0,0.1,38.47,398.78,2100.0,1.6,27.387671232876706
1288,52.97,3.8,24.94,280.0,0.1,53.84,568.1,324.0,0.8,27.387671232876706
1295,56.66,6.36,24.97,145.0,10.0,-17.89,-112.71,354604.0,3.56,35.6
1296,56.66,6.36,24.96,145.0,10.0,-19.88,-125.16,187657.0,2.66,25.4
1297,56.66,6.3,25.12,145.0,10.0,-17.8,-112.45,393994.0,3.2,27.387671232876706
1298,56.66,6.35,25.11,145.0,10.0,-15.93,-99.97,1607683.0,3.53,27.387671232876706
1299,56.66,6.33,25.08,145.0,10.0,-19.01,-119.74,78117.0,2.45,27.387671232876706
1302,56.66,6.28,24.97,145.0,-1.0,2.35,15.0,450067.0,3.5,24.2
1303,56.66,6.37,25.13,145.0,-1.0,5.12,32.0,15461.0,1.8,26.7
1304,56.66,6.37,25.1,145.0,-1.0,3.2,20.02,212743.0,3.0,28.9
1306,56.66,6.4,25.08,145.0,-1.0,6.4,39.88,6.0,2.59,25.4
1307,56.66,6.27,25.06,145.0,-1.0,5.5,34.99,7530.0,1.55,24.2
1308,56.66,6.34,25.01,145.0,-1.0,3.96,25.0,111156.0,3.04,27.387671232876706
1309,56.66,6.26,25.12,145.0,-1.0,2.81,17.83,1400021.0,6.1,27.387671232876706
1310,56.66,6.32,25.08,145.0,0.1,5.7,36.0,20692.0,1.53,23.0
1311,56.66,6.26,25.01,145.0,0.1,5.01,32.0,18918.0,3.0,22.6
1312,56.66,6.34,25.11,145.0,0.1,4.3,26.99,120382.0,4.5,27.387671232876706
1313,56.66,6.31,25.04,145.0,0.1,6.0,38.0,13235.0,2.27,27.387671232876706
1314,54.75,6.36,25.03,145.0,0.1,3.82,24.0,393826.0,5.69,27.387671232876706
1315,51.2,3.74,25.3,145.0,-1.0,17.0,179.52,2000011.0,4.32,27.387671232876706
1316,51.2,3.76,25.13,145.0,-1.0,25.0,264.79,93347.0,2.0,27.387671232876706
1317,54.75,6.33,25.03,145.0,10.0,-21.67,-136.83,19268.0,2.73,27.387671232876706
1318,56.66,6.32,25.17,145.0,-1.0,4.26,26.76,45598.0,2.54,27.387671232876706
1319,56.66,6.33,25.09,145.0,-1.0,4.26,26.82,51941.0,2.54,27.387671232876706
1320,56.66,6.35,25.19,145.0,-1.0,4.26,26.63,54605.0,2.54,27.387671232876706
1321,56.66,6.27,25.15,145.0,0.1,3.31,21.0,1292567.0,7.44,27.387671232876706
1322,56.66,6.32,25.02,145.0,-1.0,4.26,26.95,15561.0,2.54,23.9
1323,56.66,6.35,25.1,145.0,-1.0,7.48,46.93,511.0,0.84,21.9
1324,56.66,6.49,24.95,145.0,10.0,-21.55,-133.09,23541.0,2.73,22.4
1325,49.07,3.79,25.23,145.0,-1.0,32.55,340.37,4300.0,1.22,33.6
1326,50.65,3.84,25.17,145.0,-1.0,32.47,335.68,3228.0,1.22,27.387671232876706
1327,51.11,3.74,25.44,145.0,-1.0,32.81,344.64,5787.0,1.22,27.387671232876706
1328,50.66,3.86,24.92,145.0,-1.0,32.15,333.91,3797.0,1.22,27.387671232876706
1329,51.11,3.82,25.28,145.0,-1.0,32.61,337.43,4810.0,1.22,27.387671232876706
1330,49.07,3.81,25.23,145.0,-1.0,16.9,175.97,1734291.0,4.56,27.387671232876706
1369,51.11,3.82,25.3,145.0,-1.0,16.95,175.53,1177955.0,4.56,27.387671232876706
1370,55.05,6.39,25.12,145.0,-1.0,4.33,26.95,17719.0,2.54,27.387671232876706
1371,55.05,6.14,24.98,145.0,-1.0,4.13,26.95,20685.0,2.54,27.387671232876706
1372,55.05,6.14,25.05,145.0,10.0,-23.6,-153.36,494.0,2.73,27.387671232876706
1373,55.05,6.09,25.18,145.0,-1.0,7.2,46.91,285.0,0.84,27.387671232876706
1374,55.05,6.0,25.04,145.0,10.0,-23.05,-153.35,706.0,2.73,27.387671232876706
1375,55.05,6.17,25.11,145.0,10.0,-23.75,-153.35,490.0,2.73,27.387671232876706
1376,55.05,6.1,25.13,145.0,-1.0,4.13,26.95,8216.0,2.54,27.387671232876706
1377,55.05,6.09,24.98,145.0,10.0,-23.34,-153.34,275.0,2.73,27.387671232876706
1378,55.05,6.06,25.1,145.0,-1.0,7.14,46.92,6.0,0.84,27.387671232876706
1379,55.05,6.11,25.14,145.0,-1.0,4.14,26.95,10151.0,2.54,27.6
1380,55.05,5.98,25.03,145.0,10.0,-22.96,-153.36,486.0,2.73,27.5
1381,55.05,6.12,25.07,145.0,10.0,-22.96,-149.61,171.0,2.73,27.387671232876706
1382,55.05,6.07,25.12,145.0,-1.0,7.16,46.92,370.0,0.84,27.387671232876706
1383,55.05,6.09,25.08,145.0,-1.0,4.12,26.95,9873.0,2.54,27.387671232876706
1384,55.05,6.18,25.1,145.0,10.0,-23.79,-153.35,156.0,2.73,27.387671232876706
1385,55.05,6.01,25.12,145.0,10.0,-20.67,-136.84,24985.0,2.73,27.387671232876706
1386,55.05,6.31,25.14,145.0,10.0,-21.72,-136.84,5177.0,2.73,27.387671232876706
1387,55.05,6.04,25.13,145.0,10.0,-17.46,-115.01,2414948.0,3.86,27.5
1388,55.05,6.09,25.1,145.0,-1.0,7.18,46.93,235.0,0.84,27.387671232876706
1389,55.05,6.08,25.18,145.0,-1.0,7.18,46.93,195.0,0.84,27.387671232876706
1390,55.05,6.0,25.14,145.0,10.0,-17.19,-114.05,1562675.0,4.94,27.387671232876706
1391,55.05,6.17,24.99,145.0,-1.0,4.15,26.95,10781.0,2.54,27.387671232876706
1392,55.05,6.07,25.06,145.0,10.0,-20.8,-136.84,32399.0,2.73,27.387671232876706
1393,55.05,6.1,25.06,145.0,10.0,-20.91,-136.84,10390.0,2.73,27.387671232876706
1394,55.05,6.17,25.02,145.0,10.0,-28.01,-181.42,1.0,0.02,27.387671232876706
1395,55.05,6.21,24.96,145.0,-1.0,7.28,46.92,374.0,0.84,27.387671232876706
1396,55.05,6.06,25.13,145.0,0.1,4.57,30.0,7136.0,3.41,27.387671232876706
1397,55.05,6.27,24.97,145.0,-1.0,7.34,46.93,545.0,0.84,27.387671232876706
1623,53.73,6.29,25.5,145.0,10.0,-5.06,-31.5,538325.0,3.1,27.387671232876706
1624,53.73,6.23,25.52,145.0,-1.0,2.81,17.69,2505205.0,5.89,27.6
1625,53.73,6.21,25.51,145.0,10.0,-18.05,-113.86,107930.0,4.96,27.387671232876706
1626,53.73,6.27,25.56,145.0,10.0,-18.26,-113.86,150538.0,4.96,25.0
1627,53.73,6.35,25.46,145.0,0.1,4.97,30.74,145420.0,3.25,21.8
1649,50.87,3.61,24.85,145.0,0.1,26.08,290.94,526177.0,6.19,38.0
1650,50.82,3.67,24.77,145.0,0.1,35.41,389.95,18764.0,3.35,51.0
1651,50.87,3.58,24.83,145.0,0.1,26.06,293.17,533113.0,6.19,27.387671232876706
1652,50.87,3.63,24.86,145.0,0.1,35.55,394.24,22067.0,3.35,27.387671232876706
1653,50.87,3.6,24.93,145.0,0.1,26.17,291.92,255280.0,6.19,27.387671232876706
1654,50.82,3.58,24.74,145.0,0.1,35.38,399.91,28601.0,3.35,27.387671232876706
1655,50.82,3.64,24.85,145.0,0.1,44.96,496.5,3722.0,2.09,49.0
1656,50.82,3.68,24.75,145.0,0.1,44.8,492.41,2522.0,2.09,27.387671232876706
1657,50.82,3.62,24.8,145.0,0.1,44.89,500.68,2965.0,2.09,27.387671232876706
1658,50.82,3.68,24.66,145.0,-1.0,16.52,181.88,1795752.0,4.56,27.387671232876706
1659,50.82,3.76,24.83,145.0,-1.0,16.64,178.42,1829136.0,4.56,27.387671232876706
1660,50.87,3.71,24.8,145.0,-1.0,16.62,180.73,1488745.0,4.56,49.0
1661,50.87,3.7,24.73,145.0,-1.0,23.99,262.52,3653.0,2.17,27.387671232876706
1662,50.87,3.62,24.86,145.0,-1.0,24.12,267.87,66715.0,2.17,27.387671232876706
1663,50.87,3.64,24.85,145.0,-1.0,24.1,266.43,60877.0,2.17,44.0
1664,50.87,3.6,24.86,145.0,-1.0,39.26,439.26,428.0,0.82,27.387671232876706
1665,50.87,3.67,24.84,145.0,-1.0,39.22,430.31,352.0,0.82,27.387671232876706
1666,50.87,3.8,24.83,145.0,-1.0,39.23,415.56,252.0,0.82,45.0
1769,56.59,6.05,25.2,145.0,0.1,5.34,34.99,229729.0,4.82,27.387671232876706
1770,0.0,6.4,25.29,145.0,10.0,-76.67,-474.0,78266.0,0.6,38.8
1771,0.0,6.32,25.37,145.0,10.0,-76.01,-474.0,18595.0,0.6,34.4
1772,56.66,6.27,25.22,145.0,-1.0,2.8,17.69,470047.0,5.89,27.387671232876706
1773,56.66,6.28,25.24,145.0,0.1,7.6,48.0,4.0,0.02,27.387671232876706
1774,56.66,6.31,25.22,145.0,0.1,7.64,48.0,83.0,1.34,27.387671232876706
1775,56.66,6.32,25.24,145.0,0.1,7.66,48.0,113.0,1.34,27.387671232876706
1776,56.66,6.31,25.35,145.0,0.1,7.68,48.0,756.0,1.34,27.387671232876706
1777,56.66,6.31,25.09,145.0,0.1,7.6,48.0,836.0,1.34,27.387671232876706
1778,0.0,6.35,25.17,145.0,10.0,-77.56,-485.1,80.0,0.5,27.387671232876706
1779,0.0,6.25,25.34,145.0,10.0,-80.0,-504.79,875.0,2.0,27.387671232876706
1780,53.73,6.52,25.03,145.0,-1.0,4.29,26.29,47141.0,2.67,27.387671232876706
1789,53.73,6.3,25.37,145.0,0.1,5.04,31.5,90546.0,3.1,27.387671232876706
1790,56.59,6.06,25.19,145.0,0.1,8.29,54.35,3964.0,1.5,27.0
1791,56.59,6.14,25.21,145.0,0.1,8.41,54.35,2416.0,2.0,27.3
1792,56.59,6.07,25.2,145.0,0.1,8.31,54.35,3972.0,2.0,27.387671232876706
1793,56.59,6.05,25.19,145.0,0.1,8.29,54.35,3709.0,1.0,27.387671232876706
1794,56.59,6.05,25.19,145.0,0.1,8.29,54.35,2358.0,2.0,27.387671232876706
1795,56.59,6.21,25.23,145.0,0.1,44.35,282.92,1194.0,1.5,27.387671232876706
1796,56.59,6.13,25.19,145.0,0.1,43.69,283.03,1362.0,1.5,27.387671232876706
1797,56.59,6.15,25.23,145.0,0.1,43.92,282.92,1533.0,1.5,31.8
1798,56.59,6.08,25.09,145.0,0.1,43.13,282.92,1175.0,1.5,27.387671232876706
1799,56.59,6.17,25.11,145.0,0.1,43.81,282.92,1033.0,1.5,34.2
1800,53.73,6.34,25.18,145.0,0.1,4.96,31.1,35879.0,3.1,27.387671232876706
1801,53.73,6.29,25.42,145.0,0.1,4.98,31.12,54558.0,3.1,27.387671232876706
1802,53.73,6.39,25.5,145.0,0.1,5.07,31.1,155609.0,3.1,27.387671232876706
1920,56.59,6.06,25.18,145.0,0.1,5.14,33.67,569373.0,5.2,27.387671232876706
1921,56.59,6.13,25.16,145.0,0.1,5.2,33.7,350731.0,5.2,27.387671232876706
1922,53.73,6.25,25.48,145.0,0.1,6.48,40.67,8165.0,1.86,27.387671232876706
1923,53.73,6.28,25.55,145.0,0.1,6.52,40.67,8846.0,1.86,27.387671232876706
1924,53.73,6.27,25.5,145.0,0.1,6.51,40.67,9836.0,1.86,27.387671232876706
1925,53.73,6.23,25.5,145.0,-1.0,2.81,17.69,5038477.0,5.89,27.387671232876706
1926,56.66,6.32,25.18,145.0,-1.0,5.67,35.65,5010.0,1.45,27.387671232876706
1927,56.66,6.38,25.13,145.0,-1.0,5.72,35.65,3389.0,1.45,27.387671232876706
1928,56.66,6.33,25.03,145.0,-1.0,5.65,35.65,8185.0,1.45,27.387671232876706
1929,0.0,6.37,25.04,145.0,10.0,-71.77,-450.02,12758.0,0.67,27.387671232876706
1930,0.0,6.34,25.3,145.0,10.0,-68.52,-427.0,1382817.0,0.74,29.9
1945,52.97,3.83,25.04,280.0,0.1,41.04,427.9,21380.0,1.47,27.387671232876706
1946,52.28,3.69,24.01,280.0,0.1,37.34,421.51,16000.0,1.58,27.387671232876706
1947,52.97,3.76,25.19,280.0,0.1,38.11,402.33,173900.0,1.81,27.387671232876706
1948,52.28,3.68,25.46,280.0,0.1,28.74,306.77,266100.0,2.93,27.387671232876706
1949,52.28,3.64,24.95,280.0,0.1,17.95,197.6,5208500.0,7.0,27.387671232876706
1950,53.31,3.69,25.11,145.0,10.0,-38.53,-415.79,598.0,1.58,27.387671232876706
1951,53.31,3.68,25.16,145.0,10.0,-35.71,-385.7,35325.0,1.86,27.387671232876706
1952,53.31,3.76,25.13,145.0,10.0,-32.07,-339.44,74629.0,2.34,27.387671232876706
1953,53.31,3.71,25.11,145.0,10.0,-29.27,-314.24,5554544.0,3.6,27.387671232876706
1954,53.31,3.74,25.16,145.0,10.0,-26.81,-284.92,5721979.0,3.52,27.387671232876706
1955,53.31,3.73,25.11,145.0,10.0,-22.43,-239.48,674709.0,4.83,27.387671232876706
1956,53.31,3.69,25.13,145.0,10.0,-18.08,-195.0,5000000.0,7.0,27.387671232876706
2019,53.28,3.8,25.35,145.0,-1.0,20.25,210.17,156000.0,3.2,27.387671232876706
2020,53.28,3.75,25.4,145.0,-1.0,20.29,212.99,119500.0,3.2,27.387671232876706
2021,53.28,3.7,25.4,145.0,-1.0,17.02,181.1,860500.0,4.32,27.387671232876706
2022,53.28,3.7,25.4,145.0,-1.0,17.03,181.21,690000.0,4.32,27.387671232876706
2023,53.28,3.7,25.4,145.0,-1.0,17.05,181.37,804000.0,4.3,27.387671232876706
2024,53.5,3.7,25.45,145.0,-1.0,24.96,265.07,34349.0,2.0,27.387671232876706
2025,53.5,3.75,25.4,145.0,-1.0,15.24,159.97,1375999.0,5.5,27.387671232876706
2026,53.5,3.8,25.42,145.0,-1.0,20.3,210.11,227500.0,3.2,27.387671232876706
2213,52.41,3.76,25.47,145.0,-1.0,24.7,257.92,18829.0,2.17,27.387671232876706
2214,52.28,3.76,25.23,145.0,-1.0,16.89,178.04,1382433.0,2.28,27.387671232876706
2215,52.41,3.78,25.36,145.0,-1.0,24.58,256.75,46630.0,2.17,27.387671232876706
2216,52.28,3.79,25.36,145.0,-1.0,40.1,417.21,453.0,0.82,27.387671232876706
2217,52.28,3.79,25.34,145.0,-1.0,24.51,255.26,70434.0,2.17,27.387671232876706
2218,52.41,3.8,25.38,145.0,-1.0,17.0,176.27,1121521.0,4.65,27.387671232876706
2243,52.97,3.62,25.23,145.0,-1.0,39.83,436.1,225.0,0.82,27.387671232876706
2244,52.41,3.64,25.38,145.0,-1.0,17.0,184.05,983965.0,4.56,27.387671232876706
2245,53.4,3.65,25.38,145.0,-1.0,24.66,266.62,77850.0,2.17,27.387671232876706
2246,52.28,3.66,25.29,145.0,-1.0,39.9,431.07,300.0,0.82,27.387671232876706
2247,52.41,3.68,25.34,145.0,-1.0,40.0,429.53,32.0,0.41,27.387671232876706
2248,52.41,3.68,25.49,145.0,-1.0,24.7,263.73,19151.0,2.17,27.387671232876706
2249,52.97,3.68,25.19,145.0,-1.0,39.72,428.48,229.0,0.82,27.387671232876706
2250,52.41,3.71,25.3,145.0,-1.0,40.0,426.73,666.0,0.41,27.387671232876706
2251,52.28,3.72,25.37,145.0,-1.0,24.58,260.5,68131.0,2.17,27.387671232876706
2252,52.41,3.72,25.33,145.0,-1.0,17.0,180.41,104565.0,2.28,27.387671232876706
2253,52.41,3.73,25.44,145.0,-1.0,17.0,179.15,847417.0,4.56,27.387671232876706
2254,52.41,3.75,25.29,145.0,-1.0,16.9,178.47,999129.0,2.28,27.387671232876706
2279,50.82,3.63,24.77,145.0,-1.0,12.38,137.84,19854604.0,8.09,43.0
2367,56.59,6.14,25.22,145.0,0.1,5.22,33.71,425346.0,5.2,27.387671232876706
2368,56.59,6.09,25.22,145.0,0.1,5.17,33.68,1028482.0,5.2,27.387671232876706
2597,53.84,3.58,24.92,145.0,10.0,-35.0,-392.4,91658.0,5.1,27.387671232876706
2598,52.3,3.58,25.21,145.0,10.0,-35.0,-387.88,764708.0,5.1,27.387671232876706
2599,54.31,3.64,25.01,145.0,10.0,-4.3,-473.08,493412.0,4.2,27.387671232876706
2600,54.31,3.61,24.93,145.0,10.0,-35.0,-389.52,917908.0,5.1,22.7
2618,52.28,3.73,25.37,145.0,-1.0,40.1,424.32,280.0,0.82,27.387671232876706
2619,52.28,3.77,25.27,145.0,-1.0,24.49,257.46,89483.0,2.17,27.387671232876706
2620,52.41,5.18,25.36,145.0,-1.0,40.28,306.63,1603.0,0.41,27.387671232876706
2677,56.66,6.32,25.11,145.0,-1.0,2.38,15.0,448772.0,5.0,23.5
2679,54.75,6.3,25.12,145.0,0.1,3.17,20.0,1347843.0,8.2,27.387671232876706
2685,53.73,6.32,25.5,145.0,0.1,3.36,20.89,760000.0,7.04,27.387671232876706
2686,53.73,6.23,25.52,145.0,-1.0,2.81,17.69,1507006.0,5.89,27.387671232876706
2706,51.11,3.81,25.34,145.0,10.0,-40.42,-418.99,62784.0,4.17,27.387671232876706
2707,51.11,3.77,25.3,145.0,10.0,-39.93,-419.0,2.0,0.02,27.387671232876706
2708,51.11,3.8,25.23,145.0,10.0,-42.22,-440.34,952.0,2.5,27.387671232876706
2709,51.11,3.76,25.37,145.0,10.0,-35.91,-376.49,1.0,0.02,27.387671232876706
2710,51.11,3.81,25.11,145.0,10.0,-42.16,-440.35,6517.0,3.78,27.387671232876706
2711,51.11,3.8,25.36,145.0,10.0,-40.42,-419.07,4035.0,3.31,30.7
2712,51.11,3.79,25.31,145.0,10.0,-42.24,-440.34,358110.0,3.0,33.5
2713,51.11,3.78,25.34,145.0,10.0,-40.14,-419.05,93273.0,3.31,28.4
2714,51.11,3.97,25.19,145.0,10.0,-42.16,-421.91,15820.0,3.78,27.387671232876706
2715,49.07,3.88,25.13,145.0,10.0,-42.89,-440.28,108808.0,3.78,27.387671232876706
2716,49.07,3.78,25.2,145.0,0.1,25.5,267.52,1081746.0,6.7,27.387671232876706
2717,51.2,3.73,25.34,145.0,0.1,25.5,270.04,1528090.0,6.7,27.387671232876706
2718,51.2,3.74,25.24,145.0,10.0,-41.52,-440.27,4605.0,3.78,27.387671232876706
2763,52.3,3.63,25.17,145.0,10.0,-30.0,-328.41,8951810.0,6.9,23.9
2775,53.84,3.6,24.94,145.0,10.0,-32.5,-361.98,12259187.0,6.0,26.3
2842,53.84,3.59,25.03,145.0,-1.0,16.73,186.18,609465.0,4.56,26.3
2843,54.31,3.59,24.99,145.0,10.0,-35.0,-390.13,99431.0,5.1,25.1
2844,53.84,3.6,24.92,145.0,10.0,-40.0,-445.87,434230.0,4.5,23.9
2848,53.15,3.73,25.56,145.0,10.0,-46.0,-483.23,617.0,3.9,27.387671232876706
2849,53.62,3.64,25.15,145.0,10.0,-40.0,-437.54,120225.0,4.5,21.5
3051,53.84,3.63,24.98,145.0,0.1,26.31,290.27,406588.0,6.19,31.2
3052,52.3,3.64,25.0,145.0,0.1,26.33,289.46,109929.0,6.19,27.6
3053,52.3,3.64,25.2,145.0,0.1,26.52,289.46,561392.0,6.19,27.6
3054,54.31,3.53,25.0,145.0,0.1,26.33,298.9,266028.0,6.25,27.6
3055,54.31,3.64,25.01,145.0,10.0,-32.5,-358.21,2602762.0,6.0,26.3
3056,54.31,3.64,25.0,145.0,0.1,26.32,289.46,462698.0,6.19,30.0
3064,52.38,3.67,25.51,145.0,0.1,26.84,286.83,359875.0,6.19,26.3
3201,52.38,3.62,25.61,145.0,0.1,21.29,229.89,2909837.0,9.93,33.7
3202,53.62,3.66,25.25,145.0,10.0,-43.56,-473.12,8000.0,4.2,34.1
3204,53.4,3.74,25.43,145.0,10.0,-44.98,-473.12,26772.0,4.2,32.4
3527,52.3,3.63,24.82,145.0,10.0,-34.72,-385.6749311,3395420.0,5.1,35.0
3588,51.1,3.78,25.23,145.0,0.1,27.0,283.1096767,159510.0,4.0,27.387671232876706
3589,51.1,3.83,25.25,145.0,0.1,25.0,258.5114908,1010327.0,4.0,27.387671232876706
3590,51.1,3.78,25.29,145.0,0.1,27.0,282.4380049,556732.0,4.0,27.0
3591,51.1,3.82,25.29,145.0,0.1,30.5,315.7094976,102339.0,3.0,27.387671232876706
3592,51.1,3.8,25.28,145.0,0.1,30.5,317.4966689,128482.0,3.0,27.387671232876706
3593,51.1,3.84,25.25,145.0,0.1,32.0,330.0330033,71763.0,3.0,27.387671232876706
3594,51.1,3.62,25.25,145.0,0.1,36.5,399.3217001,22852.0,3.0,30.0
3743,53.28,3.75,25.35,145.0,-1.0,20.28,213.3333333,982252.0,3.2,-30.0
3744,53.28,3.75,25.37,145.0,-1.0,20.3,213.3333333,359001.0,3.2,-37.1
3745,53.28,3.75,25.4,145.0,-1.0,24.64,258.687664,141641.0,2.2,-40.7
3746,53.28,3.75,25.4,145.0,-1.0,24.64,258.687664,80441.0,2.2,-37.0
3747,53.28,3.75,25.23,145.0,-1.0,24.47,258.6529533,89458.0,2.2,-38.8
3748,53.28,3.75,25.44,145.0,0.1,46.05,482.7044025,7348.0,3.2,-38.3
3749,53.28,3.75,25.34,145.0,0.1,45.87,482.715075,4270.0,3.2,-36.2
3750,53.28,3.75,25.4,145.0,0.1,36.32,381.3228121,34776.0,5.1,-36.4
3751,53.28,3.75,25.35,145.0,0.1,36.25,381.3260009,47130.0,5.1,-35.8
3752,53.28,3.75,25.34,145.0,0.1,36.24,381.3799943,39280.0,5.1,-37.5
3768,0.0,6.6,25.18,145.0,0.1,35.0,210.6048571,248745.0,1.75,27.387671232876706
3769,0.0,6.6,25.07,145.0,0.1,36.0,217.5726149,148760.0,1.5,27.387671232876706
3770,0.0,6.56,25.21,145.0,0.1,36.0,217.6836524,161876.0,1.5,27.387671232876706
3771,0.0,6.54,25.25,145.0,0.1,38.0,230.1147546,173546.0,1.25,27.387671232876706
3772,0.0,6.54,25.25,145.0,0.1,38.0,230.1147546,120318.0,1.5,27.387671232876706
3773,0.0,6.48,25.4,145.0,0.1,40.0,243.0251774,87285.0,1.0,27.387671232876706
3774,0.0,6.65,25.4,145.0,0.1,46.0,272.3343793,15531.0,1.0,27.387671232876706
3775,0.0,6.7,25.18,145.0,0.1,50.0,296.373573,10275.0,1.0,27.387671232876706
3776,0.0,6.65,24.96,145.0,0.1,60.0,361.4806246,1646.0,0.75,27.387671232876706
3777,0.0,6.75,25.36,145.0,0.1,35.0,204.4631382,379445.0,1.0,27.387671232876706
3778,0.0,6.55,25.43,145.0,0.1,35.0,210.1262859,117775.0,1.0,27.387671232876706
3779,0.0,6.55,25.1,145.0,0.1,38.0,231.1365226,35161.0,0.75,27.387671232876706
3780,0.0,6.64,25.3,145.0,0.1,30.0,178.5799324,1469972.0,1.25,27.387671232876706
3781,0.0,6.68,25.21,145.0,0.1,40.0,237.5257419,15198.0,0.75,27.387671232876706
3782,0.0,6.65,25.06,145.0,0.1,40.0,240.0254427,6752.0,0.75,27.387671232876706
3783,0.0,6.71,25.05,145.0,0.1,50.0,297.4676578,1253.0,0.75,27.387671232876706
3784,0.0,6.6,25.51,145.0,0.1,60.0,356.3664873,407.0,0.75,27.387671232876706
