nr,taverage,waverage,area,Lnominal,smax,smean,smin
2277,0.8544765180386884,0.4483339826579454,0.8511501662205443,1.14418977589483,1.0157572770632568,0.8186046651426662,0.48577540502832317
2610,-0.66943545401302,0.24894727174634182,-0.24519993704530924,-0.9203090659586547,-1.5105667508300338,-1.3562883429708803,-0.9975562072909775
2813,-0.28098730427434837,0.13501200836828264,-0.1033905964213871,-0.9203090659586547,-1.5309911808705678,-1.4831032801672608,-1.2259009800713758
2154,-0.32580824462881075,0.22362832432899585,-0.05778357230113056,-0.9203090659586547,-1.5199877225431548,-1.4147829953923825,-1.1028825072628194
3231,3.1403444761162502,0.18248503477580694,1.9952451228622903,1.14418977589483,0.26331200622407175,0.39388468040864494,0.48577540502832317
627,-0.39453368650565285,-4.532852434862265,-3.6792663313502465,-1.02802204901188,-1.3778892983364546,-1.9457066290640874,-2.313335777792173
2541,-0.9831820364942538,0.362882535124401,-0.3734696923835304,1.14418977589483,1.7079595995328236,1.2093203373991293,0.48577540502832317
2272,0.6901330700723274,0.467323193220956,0.7659933008710024,1.14418977589483,0.8308873454870959,0.7142542790617791,0.48577540502832317
3845,-0.6544951405615317,0.19830937691164874,-0.2651530100979215,1.14418977589483,0.9874105542215788,0.9361143305775942,0.7502155173438132
2439,-0.49015169259517183,0.18881477163014343,-0.17287004722958993,-0.9203090659586547,1.2188677085549322,0.9332509559835342,0.48577540502832317
1828,-0.056882602502039206,0.12235253465960966,0.034499390567201034,-0.24710292187599664,0.8609595210234846,0.7312286085309367,0.48577540502832317
612,-0.4602710656921965,0.036901087126065275,-0.26871605885731636,-0.24710292187599664,1.5091874491021353,1.0971228022849593,0.48577540502832317
2282,-1.013062663397228,0.22362832432899585,-0.45827025285713213,1.14418977589483,1.7871825275442608,1.254037956180992,0.48577540502832317
1688,-0.4752113791436835,0.21096885062032172,-0.1472160961619457,-0.9203090659586547,-1.5257704540028572,-1.4506878762350943,-1.1675333444511873
3841,0.06263990510985955,0.19514450848448103,0.16276914590542219,1.14418977589483,0.19365301600617407,0.44327163113300716,0.6614735625637697
3254,-0.1315841697594756,0.08437411353358956,-0.04174985288385229,1.14418977589483,1.0396178228986865,0.8320728216395061,0.48577540502832317
1690,-0.5200323194981459,0.22995806118333234,-0.1600430716957683,-0.9203090659586547,-1.5011260596575444,-1.2976712527630432,-0.8920094441062167
3458,2.901299460892453,0.3660474035515698,2.0323008299599983,1.14418977589483,0.22032358480156167,0.3696197372986359,0.48577540502832317
876,-0.66943545401302,0.027406481844559974,-0.39841103369929626,-0.9203090659586547,1.4696006344206267,1.0747779062788387,0.48577540502832317
3194,-0.5050920060466588,0.27426621916368893,-0.11799909633490661,1.14418977589483,-0.404339589332181,0.07197904407239998,0.5946180932462163
700,-0.2511066773713743,0.19514450848448103,-0.02500352371469565,-0.9203090659586547,-1.3778892983364546,-1.7924089552188587,-2.0097028178000858
1279,-0.5797935733040952,0.20147424533881753,-0.21705185184608872,-0.3368637410870177,0.23895847390443883,0.47140171254345226,0.6665387048805735
2310,-0.43039043878922245,0.23628779803766883,-0.09982754766199124,-0.9203090659586547,-0.4117836852436477,0.06735701763825722,0.5937858446174487
3266,0.10746084546432191,0.3976960878232523,0.3516107301533596,1.14418977589483,0.8247250144345571,0.7107759328590829,0.48577540502832317
2556,0.36144617413960645,0.467323193220956,0.9687307752805799,1.14418977589483,0.5854786736507946,0.5757326198856041,0.48577540502832317
704,-0.2511066773713743,0.22679319275616353,-0.0007747921508091485,-0.9203090659586547,1.2000356248583737,0.9226211299880944,0.48577540502832317
988,-0.5349726329496329,0.2552770086006783,-0.14757240103788485,-0.9203090659586547,1.1872179762690938,0.9153861698864866,0.48577540502832317
3265,0.1672220992702713,0.3976960878232523,0.35018551064960185,1.14418977589483,0.7531926755766878,0.6703992901381849,0.48577540502832317
3843,-0.14652448321096262,0.24578240331917414,0.07868119518369983,1.14418977589483,-0.10307554883566927,0.259033372145555,0.6282993605998494
3827,1.6761937578704913,0.22362832432899585,1.1557908351488193,1.14418977589483,-0.5779201304200909,-0.03579681734890238,0.5752118189290599
707,-0.4005098118862471,0.22679319275616353,-0.09056362088756446,-0.9203090659586547,1.3346702336942395,0.998616037824602,0.48577540502832317
3025,-0.9234207826883045,-0.22894786075607315,-0.7347628365861878,1.14418977589483,0.3787694408244366,0.4590549748623615,0.48577540502832317
2172,-0.9084804692368161,0.20463911376598523,-0.42299607013912194,-0.9203090659586547,-0.5356711887238856,-0.24726078773409854,0.10913605207825544
3030,-0.5050920060466588,-0.11501259737801399,-0.4126632287368756,1.14418977589483,0.06562442605863024,0.28229933422614956,0.48577540502832317
1290,-0.32580824462881075,0.10969306095093553,-0.13474542550406327,-0.3368637410870177,0.6951188677375633,0.754630921782677,0.7175373576089592
2606,-0.1315841697594756,0.15083635050412444,0.019178280901802132,-0.9203090659586547,-2.382299961251842,-2.233324119872634,-1.7600833449730466
749,-0.5499129464011212,1.5971812217200447,0.8379668858107825,-0.9203090659586547,-1.3778892983364546,-1.6280362270642457,-1.6841337681226025
1679,-0.49015169259517183,0.2584418770278471,-0.12084953534242208,-0.9203090659586547,-1.5226498495578513,-1.431312096547595,-1.132645041006825
744,-0.5499129464011212,0.2584418770278471,-0.15683632781231266,-0.9203090659586547,-1.3778892983364546,-1.8465320221328123,-2.116903055081736
526,-0.5200323194981459,0.16666069263996625,-0.20707531531978257,-0.9203090659586547,1.4716711776542797,1.0759466306029446,0.48577540502832317
2447,-0.8785998423338421,0.15400121893129212,-0.434754131045125,-0.9203090659586547,-0.005760016853978117,0.6292574112526939,1.2527944806736078
1127,1.4819696830011562,0.22995806118333234,1.0435547992278755,1.14418977589483,0.6400522774520774,0.606536853856682,0.48577540502832317
2445,-0.714256394367481,0.17299042949430274,-0.33463246090612436,-0.9203090659586547,0.31196977221491706,0.8982727065692208,1.4304051565811224
990,-0.4453307522407095,0.2647716138821836,-0.08628796237629026,-0.9203090659586547,1.1541385831790658,0.896714407470413,0.48577540502832317
2458,-0.9084804692368161,0.16349582421279743,-0.4457995821992497,-0.9203090659586547,-0.7552473687879445,-1.0596744575436805,-1.254506081947559
3164,-0.8487192154308668,0.3059149034353714,-0.302921326947509,-0.9203090659586547,-0.014387280327532294,0.6219528842270318,1.2479718478910145
1682,-0.5050920060466588,0.2647716138821836,-0.1251251938536963,-0.9203090659586547,-1.522871693475743,-1.4326895216438627,-1.1351252521521586
3430,3.244926670276662,0.18248503477580694,2.0579547810276426,1.14418977589483,0.22402098343308488,0.37170674502025364,0.48577540502832317
3840,0.0925205320128349,0.2900905612995296,0.2525579746421775,1.14418977589483,0.45552743641485854,0.6058690113857642,0.6907510772393545
3262,0.271804293430683,0.13817687679545146,0.24685709662714558,1.14418977589483,0.19414600249037728,0.35484372262958225,0.48577540502832317
739,-0.5499129464011212,0.19514450848448103,-0.20386857143632692,-0.9203090659586547,-1.3778892983364546,-1.8264689212356604,-2.077164560953165
3454,3.6781957603697935,0.06538490297058007,2.186937146117743,1.14418977589483,0.1303535514344967,0.3188358827392708,0.48577540502832317
3192,0.6901330700723274,0.2805959560180254,0.6099317652094999,1.14418977589483,-0.5093457104674404,0.006780922849061766,0.582878427158303
3256,-0.027001975599063855,0.3945312193960846,0.2682353891835156,1.14418977589483,0.9632049178472066,0.7889413287260728,0.48577540502832317
2146,-0.7590773347219434,0.23312292961050002,-0.31289786347381515,-0.9203090659586547,-1.5117647079866472,-1.363726438490726,-1.01094934747578
2295,-0.49015169259517183,0.2679364823093513,-0.11372343782363241,-0.9203090659586547,-0.3235884032197138,-0.1754343299869023,0.014292777880690912
609,-0.6544951405615317,0.07487950825208425,-0.35494183883467684,-0.24710292187599664,1.313767606764028,0.9868174875050564,0.48577540502832317
1200,-0.19134542356542497,0.24578240331917414,0.04982050023259994,-0.9203090659586547,1.1955001492037054,0.9200610671829101,0.48577540502832317
501,-0.2660469908228614,0.19514450848448103,-0.033911145613183244,-0.9203090659586547,-1.3778892983364546,-1.6584508862606213,-1.744375341052599
1574,-1.4463317534903606,0.13184713994111383,-0.7832202997139597,1.14418977589483,1.5256038990260985,1.1063891165689423,0.48577540502832317
3034,-0.43039043878922245,0.014747008135886981,-0.268003449105437,1.14418977589483,0.08425931516150713,0.29281785314310294,0.48577540502832317
3460,2.1991047286725474,0.11602279780527316,1.3699300655884619,1.14418977589483,0.9173078761678984,0.763034606208391,0.48577540502832317
2139,-0.5947338867555823,0.21096885062032172,-0.2305914371317897,-0.9203090659586547,1.0667813781782771,0.8474053717009911,0.48577540502832317
1049,-0.34074855808029775,0.2679364823093513,-0.023578304210937918,-0.9203090659586547,0.5940566384759286,0.6918815562860371,0.7062386179468833
2557,0.3913268010425818,0.4514988510851142,0.8878495684423132,1.14418977589483,0.7238106811181834,0.6538145354437293,0.48577540502832317
3059,-0.2959276177258367,0.18248503477580694,-0.0656222795717996,-0.9203090659586547,-0.4259323973402766,0.05857210646872757,0.5922040210647581
3170,-0.684375767464507,-0.010571939281460125,-0.4351104359210652,1.14418977589483,-0.8823392844155027,-0.22481015000341595,0.5411778104347573
2570,-0.5050920060466588,0.2995851665810349,0.584990423893735,1.14418977589483,0.9748393988743997,0.7955084463567633,0.48577540502832317
3441,2.004880653803214,0.16982556106713392,1.2993817001524395,1.14418977589483,0.42116627846590293,0.48298599673691167,0.48577540502832317
1572,-0.8487192154308668,0.13184713994111383,-0.4283406432782137,1.14418977589483,1.3651367984179905,1.015812981450732,0.48577540502832317
2174,-0.6395548271100446,0.29325542972669844,-0.19923660804911353,-0.9203090659586547,0.13326217169129484,-0.02071192553704936,-0.19001048153093844
1051,-0.43039043878922245,0.25211214017351063,-0.08949470625974591,-0.9203090659586547,0.544757990055619,0.6612721097023102,0.7007270376239194
3252,0.3315655472366324,0.39136635096891575,0.4848687537547343,1.14418977589483,0.7628059120186483,0.6758255102143911,0.48577540502832317
2136,-0.35568887153178474,0.19830937691164874,-0.10160907204168916,-0.9203090659586547,-1.3778892983364546,-1.7057842213869117,-1.8381273223462167
1700,-0.07182291595352622,-4.558487869122329,-3.6211886365721075,-1.02802204901188,-1.3778892983364546,-1.7294926291044894,-1.8850859866978702
3063,-0.3108679311773237,0.3217392455712132,0.03343047593938248,-0.9203090659586547,-0.42179131087297056,0.06114329998176064,0.5926669938118869
1858,-0.07331694729867545,-4.54139757961562,-3.6080053561623457,-1.02802204901188,-1.3778892983364546,-1.7968890651279317,-2.018576462120058
495,-0.2511066773713743,0.23628779803766883,0.006351305367980522,-0.9203090659586547,1.1751891060545379,0.9085964380988233,0.48577540502832317
986,-0.28098730427434837,0.27426621916368893,0.015615232142407296,-0.9203090659586547,1.2147759207360462,0.9309413341049438,0.48577540502832317
3161,-0.7740176481734304,0.24261753489200533,-0.3036339366993874,-0.9203090659586547,0.372311317881376,0.9493626555944231,1.464136028157662
2155,-0.2511066773713743,0.21413371904749054,-0.017877426195905977,-0.9203090659586547,-1.519080627412221,-1.4091508572209765,-1.0927411994685656
1113,0.5407299355574545,0.18881477163014343,0.4410432540141747,1.14418977589483,1.8389954070340062,1.283283891053262,0.48577540502832317
745,-0.32580824462881075,0.2584418770278471,-0.02144047495530081,-0.9203090659586547,-1.3778892983364546,-1.8226566537975053,-2.0696136959107045
3824,1.8554775192883408,0.27426621916368893,1.30615149279529,1.14418977589483,-0.17470648499037894,0.21455784625939983,0.6202910343905825
1120,1.1084618467139729,0.24894727174634182,0.8372542760589031,1.14418977589483,0.34583794367966975,0.44046669275515277,0.48577540502832317
1196,-0.16146479666244962,0.25211214017351063,0.06977357328521223,-0.9203090659586547,1.1085866320386997,0.8710024723400824,0.48577540502832317
1293,-0.23616636391988732,0.2805959560180254,0.049464195356660766,-0.3368637410870177,-0.016655018154866433,0.31269173200682826,0.6379611609060052
2141,-0.4005098118862471,0.2679364823093513,-0.06669119419961816,-0.9203090659586547,1.01472200544643,0.8180203029806131,0.48577540502832317
3230,0.28674460688217,0.14134174522261914,0.2522016697662383,1.14418977589483,0.03530575728013996,0.2651858709088841,0.48577540502832317
3532,-0.8636595288823551,0.2995851665810349,-0.31654286235467577,1.14418977589483,-0.013283395837807186,0.31478516654350436,0.6383381076949057
710,-0.10170354285650024,0.22679319275616353,0.08901403658594516,-0.9203090659586547,-1.3778892983364546,-1.8082702139031537,-2.041118825640981
3163,-0.7740176481734304,0.27426621916368893,-0.28047411976332043,-0.9203090659586547,-0.025035788386319004,0.612937010869643,1.2420193411422131
1856,-0.22421411315869746,-4.556588948066028,-3.656106514414179,-1.02802204901188,-1.3778892983364546,-1.7278508496968168,-1.8818341543073211
703,-0.10170354285650024,0.19514450848448103,0.06442900014611948,-0.9203090659586547,-1.3778892983364546,-1.8780875788836726,-2.1794043759441473
3433,2.7369560129260933,0.18881477163014343,1.7590149901143994,1.14418977589483,0.20316765515129384,0.3599360214703295,0.48577540502832317
3448,1.078581219810999,0.09703358724226255,0.6865373135364934,1.14418977589483,0.10535913668539977,0.3047277105411349,0.48577540502832317
1686,-0.4602710656921965,0.2679364823093513,-0.09555188915071805,-0.9203090659586547,-1.513455651627464,-1.3742254786689443,-1.0298540679835466
3057,-1.192346424815076,0.19830937691164874,-0.586183703319414,-0.9203090659586547,-0.3319691734511665,0.11691371165731104,0.6027090931603274
1683,-0.5499129464011212,0.2647716138821836,-0.15220436442509824,-0.9203090659586547,-1.5440947616206862,-1.564463189186807,-1.3723987850557589
3200,0.6751927566208403,0.3090797718625402,0.6245402651230194,1.14418977589483,-0.20280671458995536,0.19711046170667554,0.6171494336064931
3435,1.4670293695496692,0.11918766623244084,0.9373759461979038,1.14418977589483,0.6516374598308502,0.613076144717751,0.48577540502832317
2602,-0.19134542356542497,0.18881477163014343,0.006351305367980522,-0.9203090659586547,-2.4592058527875245,-2.363553401701581,-1.9320446510495233
530,-0.49015169259517183,0.22046345590182703,-0.14899762054164362,-0.9203090659586547,-1.3778892983364546,-1.9471814478540306,-2.3162569153633434
2289,-0.8038982750764058,0.23628779803766883,-0.32608114388357695,-0.9203090659586547,-0.4732098011753535,-0.22610687746778113,0.08120336300147392
3245,3.439150745145996,0.10969306095093553,2.091091134490017,1.14418977589483,0.28273567370167374,0.40484842763954343,0.48577540502832317
2288,-0.8337789019793798,0.23312292961050002,-0.3463905218121284,-0.9203090659586547,-0.5907870776577918,-0.2659269847962476,0.13378383928255044
2446,-0.7889579616249174,0.10019845566943136,-0.42014563113160547,-0.9203090659586547,-0.02301454380108647,0.6146483572013697,1.243149215108421
2555,0.40626711449406877,0.467323193220956,0.9872586288294345,1.14418977589483,0.7575309566376752,0.6728480458648831,0.48577540502832317
606,-0.28098730427434837,0.08753898196075836,-0.1251251938536963,-0.24710292187599664,1.389539629386044,1.0295872324134092,0.48577540502832317
518,-0.5797935733040952,0.24261753489200533,-0.1864096325152909,-0.9203090659586547,1.2658986191479074,0.9597976942025118,0.48577540502832317
3529,-0.714256394367481,0.23312292961050002,-0.27449532394505555,1.14418977589483,-0.5887629850896399,-0.04252912728959314,0.5739995896620033
3176,-0.9234207826883045,0.06854977139774776,-0.5177731671390298,1.14418977589483,-0.5713634101801899,-0.03172576095326672,0.5759448591120142
3173,-0.714256394367481,-0.0643747025433209,-0.4917629111954454,1.14418977589483,-0.38333836510512903,0.08501866831706757,0.5969660264637989
2281,-0.9234207826883045,0.2584418770278471,-0.37845796064668397,1.14418977589483,1.7105724278991,1.2107951561890724,0.48577540502832317
4000,-0.4154501253377341,0.32490411399838204,-0.045669206519187315,1.14418977589483,0.5146365158708098,0.6425697378396529,0.697359462046588
2373,-0.2959276177258367,0.22679319275616353,-0.027853962722212123,-0.9203090659586547,1.2757583488319693,0.9653630481268258,0.48577540502832317
3709,-0.49015169259517183,0.2647716138821836,-0.1162175719552087,-0.9203090659586547,1.8798572326596092,1.3063484708021054,0.48577540502832317
2449,-0.7889579616249174,0.18564990320297572,-0.36527468023692217,-0.9203090659586547,-0.0241484127147534,0.30803909612610186,0.6371234006969148
611,-0.4602710656921965,0.07487950825208425,-0.24021166878215666,-0.24710292187599664,0.9341187152792241,0.7725235346493465,0.48577540502832317
2546,0.21204303962473364,0.09386871881509486,0.6330915821455678,1.14418977589483,0.6560250395402577,0.6155527272140706,0.48577540502832317
2173,-0.8935401557853292,0.20780398219315405,-0.40945648485342095,-0.9203090659586547,-0.5337485414354937,-0.24660964132495386,0.10827624554787303
1278,-0.7889579616249174,0.10019845566943136,-0.41586997262033126,-0.3368637410870177,-0.32841967076490425,0.11911759181133938,0.6031059269435808
3180,0.7648346373297651,-0.05488009726181672,0.37263271783379043,1.14418977589483,-0.21212415914139393,0.19132527630235113,0.616107744925453
2802,-0.3706291849832731,0.10652819252376786,-0.17857092524462187,-0.9203090659586547,-1.3778892983364546,-1.9440926764260362,-2.310139061204853
3160,-0.7740176481734304,0.24261753489200533,-0.3036339366993874,-0.9203090659586547,0.372311317881376,0.9493626555944231,1.464136028157662
496,-0.32580824462881075,0.22046345590182703,-0.0503011699064007,-0.9203090659586547,1.1832740843954686,0.9131600283167608,0.48577540502832317
634,-0.21973201912325108,-4.486328868982891,-3.601235563519495,-1.02802204901188,-1.3778892983364546,-1.9074448208344288,-2.237551548351418
3171,-0.8785998423338421,0.03057135027172766,-0.5188420817668483,1.14418977589483,-0.5750115101632927,-0.03399086000046241,0.575537002168115
531,-0.5200323194981459,0.21413371904749054,-0.17180113260177138,-0.9203090659586547,-1.3778892983364546,-1.9358837793876733,-2.2938798992521097
519,-0.5050920060466588,0.22995806118333234,-0.15113544979728072,-0.9203090659586547,1.214726622087626,0.9309135073353223,0.48577540502832317
2443,-0.6395548271100446,0.2552770086006783,-0.21776446159796706,-0.9203090659586547,1.89849887567732,1.316870801986497,0.48577540502832317
3249,2.318627236284446,0.2394526664648365,1.554495991325124,1.14418977589483,0.17299688231806437,0.34290603846192874,0.48577540502832317
1687,-0.5797935733040952,0.2584418770278471,-0.17500787648522703,-0.9203090659586547,-1.5257803137325412,-1.4507490951282616,-1.1676435760576465
3825,1.8405372058368512,0.20780398219315405,1.2416603102502397,1.14418977589483,-0.17362191472513214,0.21523125408424187,0.6204122891576879
3459,2.1692241017695735,0.07487950825208425,1.3057951879193508,1.14418977589483,0.7628552106670686,0.6758533369840126,0.48577540502832317
3533,-0.7889579616249174,0.43250964052210467,-0.17963983987244042,1.14418977589483,-0.3749924455672043,0.09020063550022775,0.5978990988172251
2468,0.600491189363404,0.4483339826579454,0.6961575451868594,1.14418977589483,0.6724414894642207,0.6248190414980533,0.48577540502832317
3847,-0.3706291849832731,0.2584418770278471,-0.046738121147005866,1.14418977589483,0.5884858912044336,0.6884226888220759,0.7056158093703884
2369,-0.4453307522407095,0.2552770086006783,-0.0962644989025964,-0.9203090659586547,1.26156033808692,0.9573489384758137,0.48577540502832317
3742,-0.49015169259517183,0.27426621916368893,-0.10909147443641902,-0.9203090659586547,-0.06373899627793388,0.2834573704271778,0.632697180337259
3130,-0.8038982750764058,0.34705819298855917,-0.250544510184402,1.14418977589483,-0.3733307394758062,0.09123238597356415,0.5980848772693605
525,-0.4602710656921965,0.20147424533881753,-0.14543457178224775,-0.9203090659586547,1.303661383837865,0.9811129997326347,0.48577540502832317
994,-0.07182291595352622,0.19514450848448103,0.08438207319873177,-0.9203090659586547,-1.3778892983364546,-1.7323866131451326,-1.8908180302337525
3162,-0.699316080915994,0.16349582421279743,-0.31646091223321,-0.9203090659586547,-0.035437803203004395,0.6041298382844161,1.2362046239014863
2178,-0.4453307522407095,0.2774310875908566,-0.08878209650786756,-0.9203090659586547,-0.24017509009255006,-0.1471845934670846,-0.023009597745129347
712,-0.4005098118862471,0.2584418770278471,-0.06669119419961816,-0.9203090659586547,-1.3778892983364546,-1.8071014895790478,-2.038803961905336
2543,0.1821624127217583,0.08120924510642075,0.5921165214125247,1.14418977589483,0.838084948156461,0.7183169874265284,0.48577540502832317
2436,-0.9533014095912785,0.3217392455712132,-0.3620679363534665,-0.9203090659586547,2.230377376842844,1.5042006150789053,0.48577540502832317
3834,1.4520890560981823,0.26160674545501483,1.0585196040173352,1.14418977589483,-0.5620410357639092,-0.025937514604284003,0.5769870989510867
2278,0.7648346373297651,0.44516911423077765,0.7887968129311311,1.14418977589483,0.8601707426487598,0.7307833802169917,0.48577540502832317
3461,2.318627236284446,0.17299042949430274,1.4914300282838324,1.14418977589483,0.5510682170534185,0.5563095346897483,0.48577540502832317
2276,0.7498943238782767,0.4356745089492724,0.7756135325213693,1.14418977589483,0.8636709466866016,0.732759080860123,0.48577540502832317
2153,-0.4154501253377341,0.19514450848448103,-0.12797563286121277,-0.9203090659586547,-1.5331948304549556,-1.4967857027901867,-1.250537744115025
3829,2.139343474866599,0.17932016634863923,1.3934461874004689,1.14418977589483,-0.33777162437023694,0.11331097979440637,0.6020603801563146
2138,-0.6096742002070706,0.2394526664648365,-0.21170727870699596,-0.9203090659586547,0.9241110896499012,0.7668747004161677,0.48577540502832317
2304,-0.4453307522407095,0.23628779803766883,-0.11407974269957159,-0.9203090659586547,-0.06940457196459762,0.27993962416224055,0.6320637699604338
992,-0.19134542356542497,0.26160674545501483,0.06478530502205866,-0.9203090659586547,-1.3778892983364546,-1.7751007045142426,-1.97542078819125
3855,0.06263990510985955,0.2647716138821836,0.2201342309316828,1.14418977589483,1.045435063412283,0.8353563804548512,0.48577540502832317
693,-0.2511066773713743,0.22679319275616353,-0.0007747921508091485,-0.9203090659586547,-1.3778892983364546,-1.826691535392633,-2.077605487379002
1204,-0.43039043878922245,0.23628779803766883,-0.10481581592514481,-0.9203090659586547,-1.3778892983364546,-1.8463928882847047,-2.1166274760655877
3247,2.7817769532805543,0.13501200836828264,1.729085380535481,1.14418977589483,0.09209780026033651,0.2972423095129326,0.48577540502832317
2629,-0.8487192154308668,0.18564990320297572,-0.38950341180080866,-0.9203090659586547,-0.9084084097001623,-0.9299961457532404,-0.8264216382629453
3826,1.4969099964526433,0.15716608735846094,0.99010906783695,1.14418977589483,-0.2744869493930856,0.15260432637393656,0.6091355958169034
1060,-0.4602710656921965,0.22995806118333234,-0.12405627922587774,-0.9203090659586547,-0.41656565414041774,0.06438790131963569,0.5932512213261213
2456,-0.714256394367481,0.20147424533881753,-0.30007088793999254,-0.9203090659586547,-0.6524103881831788,-1.1467444196895724,-1.5419349957901314
3215,-0.5349726329496329,0.29325542972669844,-0.126550413357454,-0.9203090659586547,-1.3778892983364546,-1.7885966877807036,-2.0021519527576253
3216,-0.5050920060466588,0.2837608244451931,-0.11799909633490661,-0.9203090659586547,-1.3778892983364546,-1.8313664326890566,-2.086864942321582
2285,-0.9533014095912785,0.29325542972669844,-0.37453860701134895,1.14418977589483,1.66285133622824,1.1838588431953927,0.48577540502832317
3028,-0.714256394367481,-0.37769667683298475,-0.7208669464245465,1.14418977589483,-0.009358818188660526,0.2399748176317418,0.48577540502832317
3177,-0.8487192154308668,0.021076744990223478,-0.5081529354886628,1.14418977589483,-0.57777223447483,-0.03570498900915116,0.5752283536700289
3712,-0.4602710656921965,0.24894727174634182,-0.10980408418829739,-0.9203090659586547,1.7417555085457352,1.228396539371969,0.48577540502832317
1050,-0.49015169259517183,0.2584418770278471,-0.12084953534242208,-0.9203090659586547,0.5448565873524596,0.6613333285954774,0.700738060784565
515,-0.5499129464011212,0.2584418770278471,-0.15683632781231266,-0.9203090659586547,1.229072528777936,0.939011097295199,0.48577540502832317
3711,-0.5050920060466588,0.25211214017351063,-0.13438912062812305,-0.9203090659586547,1.8222826209624425,1.273850308944013,0.48577540502832317
3440,2.5576722515082437,0.14450661364978795,1.6072291129641711,1.14418977589483,0.3449998666565247,0.4399936376715862,0.48577540502832317
2302,-0.3706291849832731,0.21729858747465933,-0.08415013312065316,-0.9203090659586547,-1.5070468273328237,-1.3344331981100994,-0.9582035237850146
3835,1.287745608131821,0.19830937691164874,0.89711349521674,1.14418977589483,0.3754171327318555,0.45716275452809474,0.48577540502832317
3445,1.287745608131821,0.07487950825208425,0.7941413860702229,1.14418977589483,0.13158601764500444,0.3195315519798101,0.48577540502832317
3261,0.6901330700723274,0.10019845566943136,0.4542265344239365,1.14418977589483,0.21292878753851524,0.3654457218554004,0.48577540502832317
1861,-0.1868633295299786,-4.538865684873886,-3.63365930722999,-1.02802204901188,-1.3778892983364546,-1.751197509409314,-1.9280763132169891
1052,-0.2959276177258367,0.22995806118333234,-0.02535982859063584,-0.9203090659586547,0.5447086914071987,0.6612415002557263,0.7007215260435962
3455,3.558673252757895,0.09070385038792605,2.14631839026064,1.14418977589483,-0.013549203304386952,0.2376095422139083,0.48577540502832317
2568,-0.5499129464011212,0.3090797718625402,0.5571986435704537,1.14418977589483,0.9548734462641744,0.7842386046600273,0.48577540502832317
1056,-0.43039043878922245,0.23312292961050002,-0.10374690129732626,-0.9203090659586547,-0.09617373805682576,0.2633186946672768,0.6290709818450643
1197,-0.2959276177258367,0.24578240331917414,-0.010395023801176115,-0.9203090659586547,1.1273201184384174,0.8815766447962788,0.48577540502832317
3217,-0.3108679311773237,0.22679319275616353,-0.0413935480079131,-0.9203090659586547,-1.3778892983364546,-1.7311065817425404,-1.8882827032851892
2135,-0.714256394367481,0.17932016634863923,-0.3228744000001213,-0.9203090659586547,-1.3778892983364546,-1.7349745027199386,-1.895943799934109
2559,-0.43039043878922245,0.3755420088330751,0.7036399475815892,1.14418977589483,0.9611343746135536,0.7877726044019666,0.48577540502832317
2626,-0.7441370212704563,0.18881477163014343,-0.3246559243798182,-0.9203090659586547,-0.0301628478220313,0.30430474364288707,0.6364509878975131
2797,-0.28098730427434837,0.17615529792147044,-0.06704749907555733,-0.9203090659586547,1.7292073170019768,1.2213136751060258,0.48577540502832317
2274,0.779774950781252,0.4514988510851142,0.8034053128446507,1.14418977589483,0.8480925737857837,0.723965821659707,0.48577540502832317
2290,-0.8188385885278927,0.25211214017351063,-0.32358700975199967,-0.9203090659586547,-0.5486367332584271,-0.25165185198038226,0.11493423457801354
1126,1.093521533262486,0.18881477163014343,0.7716941788860343,1.14418977589483,0.3990311853251839,0.4704917771768268,0.48577540502832317
1275,-0.8337789019793798,0.20463911376598523,-0.3670562046166191,-0.3368637410870177,0.8183654887883371,0.8311545382419941,0.7313163084163692
1116,0.37638648759109344,0.16982556106713392,0.3334391814804452,1.14418977589483,1.5719446285411893,1.132546280013218,0.48577540502832317
2467,0.6453121297178663,0.4704880616481237,0.7367763010439633,1.14418977589483,0.858938276438252,0.7300877109764525,0.48577540502832317
2538,-0.7590773347219434,0.40086095625042106,-0.21598293721827017,1.14418977589483,1.6192220323762665,1.1592321520803035,0.48577540502832317
1703,-0.08676322940501323,-4.539498658559319,-3.6097868805420434,-1.02802204901188,-1.3778892983364546,-1.7764642162256994,-1.9781214625495023
1280,-0.8337789019793798,0.11918766623244084,-0.4286969481541539,-0.3368637410870177,-0.0927721313158244,0.265430746481554,0.6294512808873489
697,-0.2511066773713743,0.2584418770278471,0.023453939413076337,-0.9203090659586547,-1.3778892983364546,-1.8100789539285558,-2.0447013528509075
1940,-0.32580824462881075,0.10652819252376786,-0.13688325475970037,-0.3368637410870177,-0.016655018154866433,0.31269173200682826,0.6379611609060052
2435,-0.7441370212704563,0.2995851665810349,-0.2462688516731278,-0.9203090659586547,2.192170924317104,1.4826348686221886,0.48577540502832317
2451,-0.6096742002070706,0.26160674545501483,-0.1974550836694156,-0.9203090659586547,-0.39507144342916267,0.07773362003014059,0.5956542703469334
2564,0.7498943238782767,0.44200424580360886,0.9516281412354841,1.14418977589483,0.8686994088254731,0.735597411361523,0.48577540502832317
2179,-0.4453307522407095,0.24261753489200533,-0.11051669394017676,-0.9203090659586547,-0.4558073782829842,-0.2202131676619326,0.07342101158544873
3836,1.4371487426466938,0.18248503477580694,0.970868604536217,1.14418977589483,0.5104214814308735,0.533366363136764,0.48577540502832317
1829,-0.027001975599063855,0.12551740308677733,0.05480876849575251,-0.24710292187599664,0.8800873966105647,0.7420253951441059,0.48577540502832317
882,0.04769959165837254,0.16349582421279743,0.12892018269116973,-0.8978688611558995,0.9749379961712403,0.7955640998960064,0.48577540502832317
2152,-0.4154501253377341,0.2837608244451931,-0.06633488932367797,-0.9203090659586547,-1.5228026753679544,-1.4322609893916904,-1.134353630906944
3032,-0.6544951405615317,-0.27009115030926206,-0.6086309105036026,1.14418977589483,0.06942042198699398,0.2844419954870104,0.48577540502832317
614,-0.3108679311773237,0.07171463982491656,-0.15469849855667556,-0.24710292187599664,1.2646661529373997,0.9591020249619726,0.48577540502832317
1053,-0.4453307522407095,0.19197964005731225,-0.14365304740255086,-0.9203090659586547,0.4709086147219952,0.6154191587198871,0.692470690300119
1862,-0.08825726075016246,-4.5607032770213465,-3.6268895145871394,-1.02802204901188,-1.3778892983364546,-1.8258845590736077,-2.076007129085343
1677,-0.8935401557853292,0.17615529792147044,-0.4233523750150611,-0.9203090659586547,-1.5148705228371266,-1.383010389838474,-1.0456723035104534
2151,-0.4453307522407095,0.24578240331917414,-0.11265452319581386,-0.9203090659586547,-1.533584289777476,-1.4992038490703012,-1.2548918925701664
1294,-0.32580824462881075,0.24578240331917414,-0.03106070660566778,-0.3368637410870177,-0.409910336603676,0.06852017660843886,0.5939952846697214
3267,0.12240115891580892,0.3818717456874116,0.3491165960217833,1.14418977589483,0.8926092533093234,0.7490933946279845,0.48577540502832317
2297,-0.32580824462881075,0.24894727174634182,-0.028922877350030678,-0.9203090659586547,-0.34261768150995336,-0.1818790098312579,0.022802657899347385
1115,0.46602836830001815,0.16033095578562864,0.377620986096943,1.14418977589483,1.894653581100536,1.3147003139560145,0.48577540502832317
3708,-0.43039043878922245,0.2552770086006783,-0.08700057212816963,-0.9203090659586547,1.8262549616071113,1.2760925085076842,0.48577540502832317
3195,-0.8935401557853292,0.22995806118333234,-0.3891471069248685,1.14418977589483,-0.36401329492436774,0.09701757137788855,0.5991265659504009
2293,-0.43039043878922245,0.24894727174634182,-0.0919888403913222,-0.9203090659586547,0.0020291695964309974,-0.06515684197662082,-0.13132317425201806
995,-0.20628573701691197,0.24578240331917414,0.038775049078475246,-0.9203090659586547,-1.3778892983364546,-1.7674205160986893,-1.9602088264998694
3263,0.5407299355574545,0.14450661364978795,0.40541276642022434,1.14418977589483,0.25961460759254856,0.3917976726870272,0.48577540502832317
523,-0.5499129464011212,0.21413371904749054,-0.18961637639874657,-0.9203090659586547,-1.3778892983364546,-1.9267287721821769,-2.2757467999895584
1684,-0.49015169259517183,0.25211214017351063,-0.12548149872963546,-0.9203090659586547,-1.5085208569205908,-1.343585422638634,-0.974683148950677
1859,-0.1644528593527481,-4.530953513805964,-3.6219012463239864,-1.02802204901188,-1.3778892983364546,-1.8526817382191794,-2.129083647595486
520,-0.4752113791436835,0.2584418770278471,-0.1115856085679953,-0.9203090659586547,-1.3778892983364546,-1.804374466156134,-2.033402613188831
3831,2.1692241017695735,0.22046345590182703,1.4465356139154544,1.14418977589483,-0.6091951929779355,-0.05521545026161878,0.5717152723721716
2601,-0.8487192154308668,0.18881477163014343,-0.3645620704850428,-0.9203090659586547,-0.7563319390531914,-1.0587561741461684,-1.2514747127699288
3670,-0.7740176481734304,0.22679319275616353,-0.31503569272945225,-0.9203090659586547,-1.0813816158916638,-0.7835432799964089,-0.34296227872991636
728,-0.5499129464011212,0.2900905612995296,-0.13332020600030553,-0.9203090659586547,1.257271355674353,0.9549280095187371,0.48577540502832317
3823,1.5716115637100796,0.13501200836828264,1.0089932262617436,1.14418977589483,-0.7305980445777897,-0.1305942734187045,0.5581424546688406
2537,-0.8188385885278927,0.4071906931047576,-0.2391427541543381,1.14418977589483,1.666154345672401,1.185723236760038,0.48577540502832317
1675,-0.66943545401302,0.27426621916368893,-0.2174081567220279,-0.9203090659586547,-1.511725269067911,-1.3634815629180561,-1.010508421049943
1825,-0.2660469908228614,0.11602279780527316,-0.0944829745228995,-0.24710292187599664,0.9204629896667982,0.7648155194641715,0.48577540502832317
1570,-0.9981223499457409,0.22679319275616353,-0.4497189358345847,1.14418977589483,1.455944908808201,1.067069891093664,0.48577540502832317
1059,-0.4602710656921965,0.24578240331917414,-0.11229821831987469,-0.9203090659586547,-0.41523459063306933,0.0652143563773963,0.5934000339948412
3850,-0.07182291595352622,0.3565527982700645,0.20588203589410242,1.14418977589483,0.4505975715728276,0.6028080667273916,0.690199919207058
2280,-0.2660469908228614,0.2964202981538672,0.04447592709350719,-0.9203090659586547,1.1488143291496722,0.8937091163512834,0.48577540502832317
2627,-0.9533014095912785,0.19514450848448103,-0.452213069966161,-0.9203090659586547,0.3559934652542535,0.9355466644773139,1.4550143627231567
3741,-0.49015169259517183,0.21096885062032172,-0.1561237180604333,-0.9203090659586547,-0.06362079635952182,0.28353076055459026,0.6327103950675885
2185,-0.8038982750764058,0.22995806118333234,-0.33962072916927794,-0.9203090659586547,0.32956938970096783,0.5276618753643423,0.6766689895141814
2846,-0.35568887153178474,0.2552770086006783,-0.02500352371469565,-0.9203090659586547,-2.3924061841780055,-2.2504375831898993,-1.7826808242971988
3450,1.8704178327398278,0.17932016634863923,1.2295459444682963,1.14418977589483,0.732980229724361,0.6589903145933412,0.48577540502832317
3178,0.5855508759119169,0.2900905612995296,0.5543482045629372,1.14418977589483,-0.6819402785869443,-0.10038274964056614,0.563582384447606
3466,0.6602524431693533,0.12551740308677733,0.4588584978111499,1.14418977589483,-0.11185070825448423,0.18212296358849794,0.48577540502832317
2566,0.7050733835238157,0.44516911423077765,0.9477087876001491,1.14418977589483,0.8420781386785061,0.7205709557658754,0.48577540502832317
1057,-0.4752113791436835,0.2805959560180254,-0.09519558427477785,-0.9203090659586547,-0.09627233535366629,0.2632574757741094,0.6290599586844182
3849,-0.027001975599063855,0.22995806118333234,0.13568997533402022,1.14418977589483,0.4421182040445345,0.5975432419149906,0.6892519273915081
1119,1.0487005929080235,0.27426621916368893,0.8194390322619279,1.14418977589483,0.3832063191822646,0.4615593841283029,0.48577540502832317
1704,-0.2660469908228614,-4.577477079685339,-3.6821167703577626,-1.02802204901188,-1.3778892983364546,-1.7746833029699187,-1.9745940511428053
2182,-0.32580824462881075,0.23628779803766883,-0.054933133293614086,-0.9203090659586547,-0.5839838641757891,-0.2636229282715817,0.13074144694427434
3159,-0.699316080915994,0.19514450848448103,-0.29330109529714204,-0.9203090659586547,0.3589513841594722,0.9380510737432551,1.456667836820046
3062,-0.2511066773713743,0.12551740308677733,-0.07773664535374286,-0.9203090659586547,-0.4295804973233794,0.05630700742153188,0.5917961641208587
2175,-0.5797935733040952,0.22679319275616353,-0.20066182755287126,-0.9203090659586547,-0.22435022394963067,-0.14182515763797018,-0.03008646687981515
3446,1.3026859215833082,0.08753898196075836,0.8101751054875012,1.14418977589483,0.29999020064878207,0.4145877970070929,0.48577540502832317
2149,-0.5648532598526083,0.2900905612995296,-0.1472160961619457,-0.9203090659586547,-1.510127992859093,-1.3535641022249287,-0.9926509008035396
2805,-0.19134542356542497,0.16982556106713392,-0.013245462808692592,-0.9203090659586547,-1.529714345876482,-1.4751754335020757,-1.2116259870348993
2567,0.7498943238782767,0.45466371951228296,0.9665929460249428,1.14418977589483,0.76625681740807,0.677773384087901,0.48577540502832317
1938,-0.3108679311773237,0.13184713994111383,-0.10909147443641902,-0.3368637410870177,0.5964722722485238,0.6933814191686395,0.7065086853827086
3228,2.811657580183528,0.16033095578562864,1.7761176241594954,1.14418977589483,0.12655755550613296,0.31669322147841,0.48577540502832317
3851,0.01781896475539851,0.2774310875908566,0.20338790176252616,1.14418977589483,0.45296390669700254,0.6042773201634104,0.6904644750625603
1678,-0.6246145136585576,0.18564990320297572,-0.25553277844755456,-0.9203090659586547,-1.5246661642782424,-1.4438313602003392,-1.155187404527748
2614,-0.8636595288823551,0.12868227151394615,-0.4440180578195528,-0.9203090659586547,-0.36795718679799244,0.32259249663818285,1.0503265775095254
2784,-0.28098730427434837,0.19197964005731225,-0.04709442602294504,-0.9203090659586547,1.456733687182926,1.0675151194076091,0.48577540502832317
3250,3.289747610631123,0.13501200836828264,2.031944525084059,1.14418977589483,0.2577412589525765,0.3907402554414074,0.48577540502832317
629,-0.3332784013545542,-4.5075334874449196,-3.645061063260054,-1.02802204901188,-1.3778892983364546,-1.8503999431102105,-2.124564151730656
2571,-0.5648532598526083,0.31540950871687673,0.5351077412622043,1.14418977589483,0.9725716610470654,0.794228414954171,0.48577540502832317
2450,-0.7740176481734304,0.08437411353358956,-0.42299607013912194,-0.9203090659586547,-0.02809230458837822,0.30559034039940375,0.6366824742710777
3437,1.5267906233556185,0.09070385038792605,0.9459272632204522,1.14418977589483,0.6337420504542779,0.6029750273451211,0.48577540502832317
1702,-0.20628573701691197,-4.586971684966843,-3.675346977714912,-1.02802204901188,-1.3778892983364546,-1.8218775042481015,-2.0680704534202747
3179,0.6453121297178663,0.2900905612995296,0.590691301908767,1.14418977589483,-0.1992079132552728,0.1993449513072876,0.6175517789700695
3838,-0.11664385630798858,0.18564990320297572,0.046970061225083466,1.14418977589483,0.540912695478835,0.6588845728687794,0.700297134358728
877,-0.699316080915994,0.16349582421279743,-0.31646091223321,-0.9203090659586547,1.1729213682272035,0.907316406696231,0.48577540502832317
3248,3.1403444761162502,0.14767148207695563,1.9560515865089452,1.14418977589483,0.510692623997185,0.5335194103696825,0.48577540502832317
3120,-0.7740176481734304,0.2679364823093513,-0.2897380465377472,1.14418977589483,0.3267593667410099,0.5259171369090697,0.6763548294357724
3166,-0.5050920060466588,-0.010571939281460125,-0.33071310727079034,1.14418977589483,-0.039776084263991617,0.22280570077523312,0.48577540502832317
3218,-0.2959276177258367,0.21413371904749054,-0.04709442602294504,-0.9203090659586547,-1.3778892983364546,-1.690312537477319,-1.8074829357505369
3172,-1.2819883055239993,0.22679319275616353,-0.6203889714096067,1.14418977589483,-0.32161645728290156,0.12334169543989369,0.6038665250281499
2292,-0.5499129464011212,0.22679319275616353,-0.1803524496243198,-0.9203090659586547,0.2502971630411098,0.0189245251119148,-0.2423484482778046
3190,0.6751927566208403,0.2964202981538672,0.6142074237207741,1.14418977589483,-0.6876096231552797,-0.10390283599769469,0.5629485527104651
1182,-0.8337789019793798,0.13184713994111383,-0.4194330213797261,-0.3368637410870177,0.07642083006267802,0.3704823671569046,0.6483670245557611
500,-0.2511066773713743,0.23312292961050002,0.004213476112343418,-0.9203090659586547,-1.3778892983364546,-1.6730042867727024,-1.773200906141701
532,-0.6395548271100446,0.21413371904749054,-0.2434184126656113,-0.9203090659586547,-1.3778892983364546,-1.8515686674343164,-2.1268790154663004
3846,-0.3108679311773237,0.19514450848448103,-0.05671465767331201,1.14418977589483,-0.08503224351383584,0.27023642959519906,0.6303165989980541
2183,-0.2959276177258367,0.22362832432899585,-0.04174985288385229,-0.9203090659586547,-0.2581197981175428,-0.15326195995243544,-0.01498473679489375
3126,-0.684375767464507,0.4261799036677671,-0.11514865732739014,1.14418977589483,-0.0386422153503244,0.29903991883048625,0.6355029960819634
993,-0.35568887153178474,0.19514450848448103,-0.08842579163192736,-0.9203090659586547,-1.3778892983364546,-1.7923533016796156,-2.0095925861936266
1198,-0.16146479666244962,0.3059149034353714,0.1143116827776502,-0.9203090659586547,1.158674058833734,0.8992744702755974,0.48577540502832317
2294,-0.5050920060466588,0.23312292961050002,-0.14864131566570343,-0.9203090659586547,-0.19560911192059025,-0.13209135362434507,-0.042939472192967156
3189,0.5556702490089416,0.2805959560180254,0.528694253495293,1.14418977589483,-0.4986972024086535,0.013392563311146709,0.5840689285080631
632,-0.27052908485830773,-4.495506987421679,-3.620832331696168,-1.02802204901188,-1.3778892983364546,-1.912397985827068,-2.2473621613262935
2562,-0.3855694984347601,0.3533879298428968,0.695444935434981,1.14418977589483,0.740473624284248,0.6632199835758199,0.48577540502832317
3191,0.6602524431693533,0.3059149034353714,0.6127822042170163,1.14418977589483,-0.6867222474837142,-0.10335186595918766,0.5630477611562784
698,-0.4005098118862471,0.22679319275616353,-0.09056362088756446,-0.9203090659586547,-1.3778892983364546,-1.8342882434993217,-2.0926521016606943
498,-0.2511066773713743,0.2394526664648365,0.008845439499556806,-0.9203090659586547,1.0897545483421414,0.8603726463446426,0.48577540502832317
1180,-0.8188385885278927,0.19514450848448103,-0.364918375360983,-0.3368637410870177,-0.2262728712380228,0.18254036513282157,0.6145259213727624
1826,-0.2660469908228614,0.11602279780527316,-0.0944829745228995,-0.24710292187599664,0.8623398831792534,0.7320077580803407,0.48577540502832317
2572,-0.5648532598526083,0.2900905612995296,0.511235314574257,1.14418977589483,1.1334331508425357,0.8850271642293536,0.48577540502832317
3259,2.6473141322171685,0.15083635050412444,1.6645941979904308,1.14418977589483,0.06754707334702224,0.28338457824139074,0.48577540502832317
1062,-0.35568887153178474,0.25211214017351063,-0.044600291891368764,-0.9203090659586547,-0.5891602222599215,-0.04277577116999206,0.5739551786154243
3514,0.7200136969753027,0.3185743771440444,0.6598144478410306,1.14418977589483,-0.21356892899535074,0.19042822116823416,0.6159462199069498
3224,1.6014921906130537,0.008417271281550487,0.9127909097580781,1.14418977589483,0.6348759193679447,0.6036150430464171,0.48577540502832317
3821,1.5716115637100796,0.21729858747465933,1.0841735550849794,1.14418977589483,-0.7304994472809492,-0.13053305452553715,0.5581534778294864
3128,-0.9533014095912785,0.4166852983862629,-0.2876002172821101,1.14418977589483,0.357817515245805,0.5452010882568177,0.6798271250392397
2604,-0.4752113791436835,0.17299042949430274,-0.16610025458673944,-0.9203090659586547,0.2768691345396569,0.49494037696633825,0.6707771101489328
3464,0.2568639799791947,0.18248503477580694,0.26930430381133413,1.14418977589483,-0.07320056789296166,0.20393915097180865,0.48577540502832317
2547,0.12240115891580892,0.08753898196075836,0.577151716623066,1.14418977589483,1.0052073663013104,0.8126497364436502,0.48577540502832317
2273,0.5556702490089416,0.4704880616481237,0.68190535014928,1.14418977589483,0.709563371724714,0.6457725990230956,0.48577540502832317
3251,0.1672220992702713,0.07804437667925306,0.1292764875671089,1.14418977589483,0.8311831373776177,0.7144212396795087,0.48577540502832317
3837,1.5716115637100796,0.24261753489200533,1.106620762269168,1.14418977589483,0.39682260587595414,0.4692451378977805,0.48577540502832317
695,-0.4005098118862471,0.22679319275616353,-0.09056362088756446,-0.9203090659586547,1.1740552371408706,0.9079564223975272,0.48577540502832317
2303,-0.4602710656921965,0.24578240331917414,-0.11016038906423758,-0.9203090659586547,-0.40887506498684945,0.0691629749866971,0.5941110278565035
2177,-0.5349726329496329,0.27426621916368893,-0.1408026083950344,-0.9203090659586547,-0.2304632563537491,-0.143895469297815,-0.02735272303962496
607,-0.3706291849832731,0.07487950825208425,-0.18747854714310946,-0.24710292187599664,1.4025544725690056,1.0369334995935038,0.48577540502832317
3842,0.06263990510985955,0.27110135073652014,0.2215594504354405,1.14418977589483,0.19419530113879754,0.44360833504542807,0.6615341899473222
613,-0.5050920060466588,0.08437411353358956,-0.25980843695882877,-0.24710292187599664,0.8848693655073349,0.7447245917973982,0.48577540502832317
3462,2.482970684250809,0.22679319275616353,1.6382276371709081,1.14418977589483,0.6567645192665625,0.6159701287583943,0.48577540502832317
1292,-0.3108679311773237,0.10969306095093553,-0.12583780360557567,-0.3368637410870177,-0.09602584211156497,0.2634105230070279,0.6290875165860331
3439,2.0347612807061877,0.26160674545501483,1.4027101141748957,1.14418977589483,0.32878061132624276,0.43083863046608967,0.48577540502832317
1699,-0.1315841697594756,-4.580641948112508,-3.6525434656547837,-1.02802204901188,-1.3778892983364546,-1.7636082486605342,-1.9526579614574087
3013,-0.699316080915994,0.19514450848448103,-0.29330109529714204,-0.9203090659586547,0.3133501343706859,0.5175913674382959,0.6748556795879262
1698,0.0028786513039101703,-4.621785237665695,-3.6528997705307233,-1.02802204901188,-1.3778892983364546,-1.7518653518802316,-1.9293990924945004
1291,-0.32580824462881075,0.22679319275616353,-0.045669206519187315,-0.3368637410870177,0.36146561522890797,0.5474661873040133,0.6802349819831391
1123,1.2279843543258717,0.2837608244451931,0.9391574705776017,1.14418977589483,0.3668391679067219,0.4523208966139417,0.48577540502832317
2457,-0.7441370212704563,0.20147424533881753,-0.3292878877670326,-0.9203090659586547,-0.9101437221245573,-0.9285268923172215,-0.821571447578737
3123,-0.5797935733040952,0.20463911376598523,-0.21918968110172582,1.14418977589483,0.2932362858151996,0.5051027132321354,0.6726069548161568
1114,0.5855508759119169,0.2584418770278471,0.5319009973787486,1.14418977589483,1.6687671740386774,1.1871980555499813,0.48577540502832317
3451,1.8554775192883408,0.05589029768907477,1.1073333720210474,1.14418977589483,0.7037461312111174,0.6424890402077503,0.48577540502832317
2452,-0.32580824462881075,0.2647716138821836,-0.028566572474090484,-0.9203090659586547,-0.4221364014119127,0.06092903385567464,0.5926284127496263
2372,-0.4005098118862471,0.2584418770278471,-0.06669119419961816,-0.9203090659586547,1.2563346813543677,0.9543993008959275,0.48577540502832317
503,-0.2511066773713743,0.22995806118333234,0.001719341980767135,-0.9203090659586547,-1.3778892983364546,-1.655445595141492,-1.7384228343037982
2307,-0.3855694984347601,0.16033095578562864,-0.13332020600030553,-0.9203090659586547,-0.41567827846885214,0.06493887135814287,0.5933504297719346
2551,-0.11664385630798858,0.13184713994111383,0.5279816437434136,1.14418977589483,0.966754420533469,0.7909448561388258,0.48577540502832317
3229,2.4979109977022955,0.12551740308677733,1.5569901254567013,1.14418977589483,0.37418466652134774,0.4564670852875555,0.48577540502832317
1571,-0.8487192154308668,0.13184713994111383,-0.4283406432782137,1.14418977589483,1.300210478448443,0.9791651258591246,0.48577540502832317
2140,-0.4602710656921965,0.21729858747465933,-0.1408026083950344,-0.9203090659586547,0.9008914262439355,0.7537682919244084,0.48577540502832317
3199,0.5556702490089416,0.30275003500820374,0.5468658021682073,1.14418977589483,-0.6801162285953928,-0.09925020011696821,0.5637863129195557
3853,0.07758021856134656,0.2900905612995296,0.2461444868752662,1.14418977589483,1.166906933119926,0.9039215408023997,0.48577540502832317
3061,-0.2511066773713743,0.11285792937810435,-0.09590819402665722,-0.9203090659586547,-0.4289889135423358,0.05667432078053653,0.5918623030847343
987,-0.2660469908228614,0.2837608244451931,0.03378678081532268,-0.9203090659586547,1.1421097129645101,0.8899246756827498,0.48577540502832317
3452,2.5576722515082437,0.15083635050412444,1.6118610763513845,1.14418977589483,0.6070714816588902,0.5879207449798517,0.48577540502832317
2171,-0.9981223499457409,0.22362832432899585,-0.4586265577330723,-0.9203090659586547,-0.1754459647166836,-0.1252626643592118,-0.051956417601336236
630,-0.46774122241794003,-4.536650276974868,-3.699932014154738,-1.02802204901188,-1.3778892983364546,-1.9567538566038507,-2.3352167516743396
3431,2.5128513111537827,0.13817687679545146,1.5787247228890104,1.14418977589483,0.15993274048668243,0.33553194451221274,0.48577540502832317
2550,-0.1315841697594756,0.14134174522261914,0.50945379019456,1.14418977589483,0.8053999442537958,0.6998678391674275,0.48577540502832317
628,-0.14652448321096262,-4.481581566342139,-3.5795009660871857,-1.02802204901188,-1.3778892983364546,-1.9224712764300764,-2.267314082095423
398,-0.6395548271100446,0.21413371904749054,-0.2434184126656113,-0.8978688611558995,-1.3778892983364546,-1.9283427248202278,-2.278943516576877
3434,2.288746609381472,0.19514450848448103,1.4910737234078923,1.14418977589483,0.5204537563844064,0.5390291107547535,0.48577540502832317
2150,-0.49015169259517183,0.26160674545501483,-0.12298736459805919,-0.9203090659586547,-1.5225068834774325,-1.430424422596667,-1.1310466827131656
3456,3.46903137204897,0.06538490297058007,2.068287622429889,1.14418977589483,-0.22898429690113975,0.11600655896764787,0.48577540502832317
688,-0.5499129464011212,0.22679319275616353,-0.1803524496243198,-0.9203090659586547,-1.3778892983364546,-1.8682925559768802,-2.1600036132073144
2287,-0.9981223499457409,0.19514450848448103,-0.4721661430187733,-0.9203090659586547,-0.268669708879489,-0.156834917171845,-0.010266824038436598
725,-0.4005098118862471,0.2584418770278471,-0.06669119419961816,-0.9203090659586547,-1.3778892983364546,-1.8389631407957452,-2.1019115566032736
1122,1.1383424736169483,0.29325542972669844,0.889274787946071,1.14418977589483,0.5650197345563663,0.5641845104926526,0.48577540502832317
533,-0.5499129464011212,0.22679319275616353,-0.1803524496243198,-0.9203090659586547,-1.3778892983364546,-1.9713629106551749,-2.364152548369901
3465,0.3315655472366324,0.12868227151394615,0.26930430381133413,1.14418977589483,0.08894268676143675,0.2954613962571522,0.48577540502832317
880,-0.66943545401302,0.08437411353358956,-0.36099902172564796,-0.8978688611558995,1.3630169565359174,1.0146164303570047,0.48577540502832317
1943,-0.32580824462881075,0.12235253465960966,-0.1251251938536963,-0.3368637410870177,-0.35760447062972744,0.10099679943377314,0.5998430713923862
3122,-0.7291967078189681,0.2647716138821836,-0.26052104671070814,1.14418977589483,-0.032381287000945176,0.30292731854661936,0.6362029667829796
3246,3.6632554469183063,0.059055166116243576,2.1719723413282845,1.14418977589483,0.20484380919758452,0.36088213163746297,0.48577540502832317
1205,-0.34074855808029775,0.22679319275616353,-0.052795304037976984,-0.9203090659586547,-1.3778892983364546,-1.9002655142720637,-2.2233316711181703
2286,-0.8935401557853292,0.20147424533881753,-0.40518082634214675,-0.9203090659586547,-0.14552168512555574,-0.11512815486303604,-0.06533853462549288
1121,0.8395362045872015,0.20147424533881753,0.6305974480139915,1.14418977589483,0.7254375365160535,0.654732818841241,0.48577540502832317
2561,-0.32580824462881075,0.362882535124401,0.7535226302131199,1.14418977589483,0.7873073402835421,0.6896554147163113,0.48577540502832317
2145,-0.7740176481734304,0.18248503477580694,-0.3563670583384346,-0.9203090659586547,-1.5390860189411826,-1.5333639914577404,-1.3164011289744448
529,-0.6395548271100446,0.18564990320297572,-0.26444040034604216,-0.9203090659586547,1.3221976756439013,0.9915758651103449,0.48577540502832317
3008,-0.7740176481734304,0.22679319275616353,-0.31503569272945225,-0.9203090659586547,-0.02518368433158008,0.6128117904063459,1.2419366674373686
3169,-0.8038982750764058,0.3407284561342227,-0.250544510184402,1.14418977589483,-0.5815189317547736,-0.03803130694951443,0.5748094735654837
2143,-0.8785998423338421,0.22995806118333234,-0.3870092776692314,-0.9203090659586547,-1.513500020411042,-1.3745009636881977,-1.0303501102126131
2147,-0.714256394367481,0.17615529792147044,-0.3228744000001213,-0.9203090659586547,-1.511409757718021,-1.3615225583366974,-1.0069810096432459
2558,-0.35568887153178474,0.3723771404059063,0.7339258620364468,1.14418977589483,0.8504589089099587,0.7253015066015424,0.48577540502832317
3467,0.5855508759119169,0.08753898196075836,0.38724121774730996,1.14418977589483,-0.131718063567869,0.17090877543100524,0.48577540502832317
605,-0.3706291849832731,0.09386871881509486,-0.17322635210552909,-0.24710292187599664,1.3054361351809955,0.9821147634390108,0.48577540502832317
534,-0.6096742002070706,0.22679319275616353,-0.21633924209420935,-0.9203090659586547,-1.3778892983364546,-2.032303536126413,-2.4848561574428123
3119,-0.8636595288823551,0.24578240331917414,-0.3595738022218902,1.14418977589483,-0.36706981112642695,0.0951197856896975,0.598784847970377
2563,0.8694168314901755,0.3882014825417481,1.0481867626150898,1.14418977589483,0.9702053259228907,0.7928927300123356,0.48577540502832317
996,-0.17640511011393795,0.2837608244451931,0.08473837807467095,-0.9203090659586547,-1.3778892983364546,-1.7633856345035614,-1.9522170350315713
504,-0.2959276177258367,0.24894727174634182,-0.010751328677115295,-0.9203090659586547,-1.3778892983364546,-1.6904516713254267,-1.807758514766685
2548,-0.19134542356542497,0.10019845566943136,0.44923826616078394,1.14418977589483,0.869438888551778,0.7360148129058469,0.48577540502832317
3432,2.7070753860231163,0.059055166116243576,1.6111484665995053,1.14418977589483,-0.05964343957737652,0.2115915126177404,0.48577540502832317
1276,-0.8337789019793798,0.20147424533881753,-0.3691940338722562,-0.3368637410870177,-0.6975679501361823,-0.11008594420760755,0.5618352134852264
3449,1.9600597134487499,0.15716608735846094,1.2644638223103684,1.14418977589483,0.558463014316465,0.5604835501329838,0.48577540502832317
2544,0.22698335307622067,0.07804437667925306,0.625609179750838,1.14418977589483,0.7038447285079579,0.6425446937469934,0.48577540502832317
2142,-1.013062663397228,0.20780398219315405,-0.4789359356616238,-0.9203090659586547,-1.5431531574358583,-1.558616784889315,-1.361871666638898
3463,1.9002984596428019,0.011582139708718171,1.0902307379759506,1.14418977589483,0.7863706659635562,0.6891267060935015,0.48577540502832317
3027,-0.714256394367481,-0.5327752297642318,-0.838091250608643,1.14418977589483,0.13883291896279007,0.32362208711418095,0.48577540502832317
2539,-0.7441370212704563,0.47365293007529247,-0.16574394971080025,1.14418977589483,1.7377852818271107,1.226155533020179,0.48577540502832317
3443,1.4819696830011562,0.21413371904749054,1.0282336895624775,1.14418977589483,0.31275855058964214,0.42179493033907944,0.48577540502832317
1685,-0.5648532598526083,0.22362832432899585,-0.19175420565438367,-0.9203090659586547,-1.5381099057024605,-1.5273033210341624,-1.3054881999349761
3530,-0.9084804692368161,0.22995806118333234,-0.3935795395815562,1.14418977589483,-0.5726210970862429,-0.03250665660463766,0.5758042499345627
1124,0.8395362045872015,0.29325542972669844,0.7118349597281984,1.14418977589483,0.5805488088087637,0.5729499429234471,0.48577540502832317
1277,-0.7441370212704563,0.16033095578562864,-0.3453216071843099,-0.3368637410870177,-0.45585667693140447,0.039992172392405365,0.5888584918087189
701,-0.2511066773713743,0.22679319275616353,-0.0007747921508091485,-0.9203090659586547,1.1969298100078942,0.9208680435019355,0.48577540502832317
1860,-0.1943334862557221,-4.550575698054408,-3.6443484535081754,-1.02802204901188,-1.3778892983364546,-1.8303368422130586,-2.084825657602085
