nr,taverage,waverage,area,Lnominal,Fmax,smax,smean
3853,0.13410059595248666,0.7231884932889527,0.1953620307226054,1.115594892938288,1.232227140586026,1.151574044701086,1.0002081816300918
832,-0.5914583469575952,0.37882042701478696,-0.5650631681374926,-0.9583449474575829,-1.4169580895284648,-1.3422082542280815,-1.5474870057880072
2162,-0.39797596218157294,0.09184703845297192,-0.4304305099786557,-0.9583449474575829,-1.418480172395523,-1.3560113565883045,-1.5474870057880072
2869,-0.462470090440247,-0.13773167239647197,-0.5133293226412737,-0.9583449474575829,-1.611023655078363,-1.5464418351219948,-1.5474870057880072
1571,-0.8655583920569598,-0.7116784495201021,-0.9845436261972021,1.115594892938288,1.0240823085158406,1.328463091061477,1.1336635823813226
2569,-0.41409949424624254,0.9527672041384069,0.8099351832439647,1.115594892938288,0.7436385402604001,0.8196454125884287,0.7497818859896531
988,-0.5269642186989212,0.40751776587096233,-0.493383743654778,-0.9583449474575829,1.0412057407702435,1.1785260739542227,1.0205423625137853
1829,0.021235871499808042,-0.769073127232463,-0.13934971664450388,-0.282060216893712,0.7436385402604001,0.7709747578206289,0.7130619088598765
882,0.10185353182315032,-0.424705060958287,-0.009703453232289558,-0.9358021231054539,0.9080234899026663,0.8968381177309072,0.8080205593944062
3227,3.8747600349555817,0.20663639387769386,3.768113866678415,1.115594892938288,-0.09350703662151306,-0.6370071004688302,-0.3492016230812265
2560,-0.31735830185823066,1.5554113201182123,1.1546197201043211,1.115594892938288,0.7778854047692053,0.801393917050504,0.736011894565987
1129,1.440106693190637,0.7518858321451384,1.4868382700981173,1.115594892938288,1.2459258863895482,0.8120569771676429,0.7440567282651182
2445,-0.7204466034749435,-0.33861304438974044,-0.8206158989019516,-0.9583449474575829,-0.15248774772001167,0.017102949293577373,0.990189155612155
1055,-0.41409949424624254,0.37882042701478696,-0.39178595069232247,-0.9583449474575829,-0.5992190692015418,-0.5242926674514657,-0.13583091726476146
2444,-0.8655583920569598,-0.3960077221021014,-0.9446524682242142,-0.9583449474575829,-0.1498241027026601,0.051970501701154734,1.0296483245842738
2273,0.6500536220218796,2.358936808091276,0.9576571276126891,1.115594892938288,0.7995750856247824,0.5446954636783979,0.5423436280911977
2543,0.2469653204051667,-1.170835871219,0.8005856930940451,1.115594892938288,0.7284177115898196,0.7152390080058904,0.6710116124693261
3252,0.40820064105185266,1.6415033366867486,0.6129725907523328,1.115594892938288,0.7866373812547891,0.615346414147785,0.5956468206989379
3836,1.6013420138373216,-0.25252102782120406,1.4631528950516555,1.115594892938288,0.6173056622945838,0.2804412836588715,0.3429748812958587
3126,-0.6881995393456071,1.957174064104739,-0.4366635034119348,1.115594892938288,-0.5318669023342241,-0.4481466430566817,-0.07263702113980687
880,-0.672076007280939,-1.1421385323628144,-0.8667400503082204,-0.9358021231054539,1.1412826892793089,1.4118050455966613,1.196541607735268
3431,2.762236322493455,-0.6542837718077309,2.5265015747691377,1.115594892938288,0.29005784587710887,-0.18464476482456083,-0.00791312596777909
2616,-0.9300525203156339,0.9814645429945822,-0.8206158989019516,-0.9583449474575829,-0.5554591867736234,-0.406279413148897,-0.03789123632883569
3229,2.7461127904287874,-0.769073127232463,2.488480314826134,1.115594892938288,0.6386148224333962,0.09965989326799071,0.2065828694704048
2287,-1.0267937127036457,-0.13773167239647197,-1.061209445426541,-0.9583449474575829,-0.9161928262663752,-0.753384916103126,-0.8811970981912552
3831,2.391395085006079,0.09184703845297192,2.295257518394468,1.115594892938288,-1.0124645676077952,-1.2052500783922404,-0.7009602491574571
1276,-0.8494348599922916,-0.08033699468411098,-0.8810759352047627,-0.3722315143022281,-1.4245685038637552,-1.3225175726620766,-0.7982810208014371
515,-0.5430877507635907,0.4362151047271479,-0.5095895265813059,-0.9583449474575829,1.0899123925161003,1.2340655711287678,1.062444594480425
1824,-0.23674064153488839,-1.2569278877875363,-0.4597255791150692,-0.282060216893712,0.66677335547397,0.7841236847135424,0.7229822252618726
2290,-0.8333113279276235,0.37882042701478696,-0.8012936192587851,-0.9583449474575829,-1.2312639797473859,-1.1248911639879857,-1.0493686708686756
2371,-0.462470090440247,0.40751776587096233,-0.4347936053819509,-0.9583449474575829,1.175529553788114,1.2969318335371762,1.1098745649397197
1062,-0.3334818339228988,0.37882042701478696,-0.3132502334330014,-0.9583449474575829,-1.2343081454815021,-1.178664387400797,-0.6788966758024901
2551,-0.07550532088820383,-0.7116784495201021,0.6883918112950135,1.115594892938288,0.8349635122838812,0.8859788049735757,0.7998276612713648
3821,1.746453802419338,0.06314969959679653,1.6613620862299439,1.115594892938288,-1.2723602171579527,-1.3662164938783272,-0.8345469336978886
2622,-0.39797596218157294,0.5510044601518699,-0.36373748024256547,-0.9583449474575829,-1.1045505810648055,-1.0430538130276126,-1.5474870057880072
3259,2.9073481110754718,-0.5394944163830089,2.6767167165111734,1.115594892938288,0.16334444719452845,-0.3072372473982935,-0.10040403610380233
1674,-0.5430877507635907,0.321425749302426,-0.525795309507832,-0.9583449474575829,-1.3187837446032225,-1.2442781867719035,-1.5474870057880072
1064,-0.25286417359955654,0.26403107159005484,-0.25466009516017424,-0.9583449474575829,-0.7480026694564634,-0.695621222339729,-1.5474870057880072
3225,3.133077559980832,-0.367310383245926,2.9322694472756328,1.115594892938288,0.6348096152657514,0.022270935485319703,0.14819613164174136
2156,-0.8010642637982858,-1.3430199043560829,-1.0312910769467984,-0.9583449474575829,-0.8210626470752487,-0.6585294733433009,-1.5474870057880072
3255,-0.091628852952872,-0.9986518380819068,-0.28083866757994735,1.115594892938288,0.7432580195436354,0.8106177911395627,0.7429709224897751
2540,-0.7849407317336176,2.3302394692351007,-0.5694262635407878,1.115594892938288,1.5351216311305724,1.682175766235528,1.400525029075814
3529,-0.7204466034749435,0.20663639387769386,-0.7154154357350614,1.115594892938288,-1.273121258591482,-1.178137267855275,-0.678459217142371
1051,-0.41409949424624254,0.37882042701478696,-0.39178595069232247,-0.9583449474575829,0.23602390409654897,0.3260046049569528,0.5698342561305603
3122,-0.7365701355396116,0.49360978243950887,-0.6909696354897391,1.115594892938288,-0.5661137668430296,-0.43983861462185575,-0.06574215446638007
1115,0.5533124296338691,-0.45340239981447256,0.4253594884106187,1.115594892938288,2.3266047220007446,2.117267869542837,1.7287838568851475
986,-0.25286417359955654,0.5797017990080554,-0.207912644410578,-0.9583449474575829,1.1682996601695885,1.215094482576803,1.0481317001690875
2546,0.2792123845345045,-1.0560465157942678,0.8722651175767597,1.115594892938288,0.4963000743634712,0.4736520079286254,0.4887443066356368
1122,1.2788713725439524,0.7518858321451384,1.3204173454295554,1.115594892938288,0.6743837698092597,0.35289121666335854,0.3976353311227773
1198,-0.12387591708220834,0.8666751875698603,-0.035258726308735285,-0.9583449474575829,1.1481320621810698,1.140649314397023,0.9919659286990798
1574,-1.510499674643701,-0.7116784495201021,-1.6053497721518406,1.115594892938288,1.0781162502964006,1.6275521147152154,1.359313764420756
3710,-0.5430877507635907,0.4649124435833233,-0.5052264311780089,-0.9583449474575829,2.01457773425385,2.1842935509663683,1.7793519353447795
702,-0.2206171094702202,0.14924171616533288,-0.2365844142036624,-0.9583449474575829,-1.5090441029854753,-1.4617915296521924,-1.5474870057880072
3193,-0.25286417359955654,0.23533373273387945,-0.2552833945035016,1.115594892938288,-1.013225609041324,-0.9621323077214721,-0.4991958199832478
2891,-0.44634655837557885,0.20663639387769386,-0.4441430955318705,-0.9583449474575829,0.9194391114056014,1.0380746011229505,0.9145775898019166
840,-0.41409949424624254,0.29272841044624043,-0.40425193755888256,-0.9583449474575829,-1.0828609002092286,-1.0151859381202433,-1.5474870057880072
1067,-0.3818524301169048,0.14924171616533288,-0.39739564478227424,-0.9583449474575829,-1.1285233862209694,-1.062482824406694,-1.5474870057880072
3253,0.037359403564476215,-1.1134411935066288,-0.17674767724418053,1.115594892938288,0.7432580195436354,0.8184024792005414,0.7488441446382206
834,-0.4302230263109107,0.4649124435833233,-0.39490244740896296,-0.9583449474575829,-1.4709920313090248,-1.4115508537628505,-1.5474870057880072
1196,-0.12387591708220834,0.37882042701478696,-0.113171144224729,-0.9583449474575829,1.0568070901575886,1.0741850869184149,0.9418214438014282
1119,1.1821301801559405,0.5797017990080554,1.1982506741372767,1.115594892938288,0.37225032069824204,0.11163130431974821,0.21561479932893873
3124,-0.7043230714102753,1.6988980143991097,-0.4971235397147458,1.115594892938288,-0.9877307210181021,-0.9065928105469262,-0.4531033648199436
831,-0.575334814892927,-0.2812183666773795,-0.6435988853968136,-0.9583449474575829,-1.4234269417134615,-1.3422082542280815,-1.5474870057880072
3709,-0.47859362250491666,0.49360978243950887,-0.4385334014419187,-0.9583449474575829,1.9574996267391738,2.09763364331966,1.7139706528854164
829,-0.575334814892927,0.37882042701478696,-0.5494806845542939,-0.9583449474575829,-0.6874998754909069,-0.5896447966356486,-1.5474870057880072
3258,2.4881362773940907,-1.0273491769380925,2.193036426088685,1.115594892938288,-0.05126923706065293,-0.411578234434101,-0.17912495481615925
3265,0.23084178834049854,1.6988980143991097,0.37736543897436775,1.115594892938288,0.727276149439526,0.6025899925352565,0.5860226331447624
1944,-0.23674064153488839,-0.7403757883762774,-0.38368305922905943,-0.3722315143022281,-1.0703037165559999,-1.0049153832834896,-0.534701668836959
3008,-0.7849407317336176,0.14924171616533288,-0.7863344350189154,-0.9583449474575829,-0.5729631397447906,-0.4302876527991425,0.4838828580505789
3226,3.1975716882395044,-1.0560465157942678,2.8537337300163115,1.115594892938288,0.5739263005834301,-0.01213869409514093,0.12223550264945314
1941,-0.23674064153488839,0.37882042701478696,-0.21850873324715236,-0.3722315143022281,-0.07219787648270092,-0.024110105146898063,0.27927263064881197
3059,-0.26898770566422614,-0.25252102782120406,-0.3500248946893506,-0.9583449474575829,-1.0231191476772012,-0.9620668901747412,-0.4991415296944807
3444,1.020894859509256,-1.0273491769380925,0.7825100121375351,1.115594892938288,-0.03985361555771786,-0.18281307351609505,-0.00653119134461531
1054,-0.41409949424624254,0.4649124435833233,-0.3793199638257642,-0.9583449474575829,-0.3400844610849131,-0.2628187331680028,0.08116736693750831
1940,-0.3012347697935625,-0.9412571603695459,-0.4746847633549406,-0.3722315143022281,-0.5097967007618828,-0.41897041721469425,-0.048423552349661454
2170,-0.13999944914687792,-0.367310383245926,-0.2390776115769755,-0.9583449474575829,-0.7948067176184975,-0.7454693929486853,-1.5474870057880072
2460,-0.9300525203156339,0.14924171616533288,-0.9396660734775898,-0.9583449474575829,-1.0333932070298428,-1.694220073187129,-2.148480502440277
2623,-0.31735830185823066,0.29272841044624043,-0.33007931570285487,-0.9583449474575829,-1.4158165273781715,-1.361702683153894,-1.5474870057880072
544,-0.23674064153488839,0.26403107159005484,-0.23035142077038329,-0.9583449474575829,-1.5851482463383766,-1.538526311967554,-1.5474870057880072
2451,-0.6075818790222648,0.4649124435833233,-0.5806456517206914,-0.9583449474575829,-1.0105619640239725,-0.9211155059211891,-0.46515580892624936
540,-0.2851112377288943,0.23533373273387945,-0.2870716610132265,-0.9583449474575829,-1.3187837446032225,-1.2663893175669525,-1.5474870057880072
3257,0.7467948144098914,-1.1134411935066288,0.5107514984465481,1.115594892938288,0.01760501267372247,-0.080434612882215,0.07070908312863768
2626,-0.7526936676042812,-0.1951263501088431,-0.803163517288769,-0.9583449474575829,-0.5820956369471388,-0.4368948250189647,-0.06329909147185862
3463,2.101171507842046,-1.8021773260549807,1.6719581750665182,1.115594892938288,1.1039916590363872,0.6466160014851616,0.6192384189086598
3827,1.8593185268720178,0.1205443773091575,1.7866452542388613,1.115594892938288,-1.0117035261742662,-1.1637491867461487,-0.6665184899635818
3462,2.729989258364119,0.14924171616533288,2.6305925651049065,1.115594892938288,1.1435658135798956,0.4746332711295893,0.4894846287551889
403,-0.6075818790222648,-0.367310383245926,-0.6872298394297712,-0.9358021231054539,-1.0250217512610238,-0.9211809234679201,-1.5474870057880072
3449,2.165665636100719,-0.482099738670648,1.9767515539538867,1.115594892938288,0.8216452871971237,0.3441906829481467,0.39107114166274987
2549,-0.13999944914687792,-0.9986518380819068,0.5014020082966285,1.115594892938288,0.5571833890457919,0.6360837764614844,0.6112922948254689
608,-0.3334818339228988,-1.3143225654998973,-0.5607000727341973,-0.282060216893712,1.0396836579031858,1.1988709309875363,1.0358917077924952
527,-0.510840686634253,0.49360978243950887,-0.4696983686083162,-0.9583449474575829,1.3943289659277052,1.5330891772357753,1.2880454217118884
3195,-0.9139289882509658,0.17793905502151847,-0.9159806984311281,1.115594892938288,-1.0143671711916176,-0.8799024514807134,-0.4309529270029494
3446,1.4562302252553052,-1.1134411935066288,1.1820448912107506,1.115594892938288,0.24401483914860336,0.0012064854379656325,0.1323038834753597
3165,-0.5430877507635907,-0.7116784495201021,-0.6741405532198838,-0.9583449474575829,-0.9344578206710713,-0.8280917544698295,0.03369297715104034
2558,-0.3334818339228988,1.4693193035496657,1.0486588317385686,1.115594892938288,0.7017812614163041,0.7316588122353497,0.6833996692698285
2139,-0.5914583469575952,0.0057550218844253705,-0.6386124906501911,-0.9583449474575829,0.8448570509197585,1.0187110072905996,0.899968566642758
2179,-0.4302230263109107,0.29272841044624043,-0.42856061194867173,-0.9583449474575829,-1.0714452787062936,-1.001709923493675,-0.9936076088240229
2434,-0.8494348599922916,-0.769073127232463,-0.9970096130637622,-0.9583449474575829,1.6431895146916922,1.9955912326233367,1.636983914060706
3736,-0.462470090440247,0.26403107159005484,-0.455362483711774,-0.9583449474575829,-0.7814884925317401,-0.7005877807091565,-1.5474870057880072
3458,3.1814481561748362,1.4119246258373048,3.3199616388256175,1.115594892938288,0.5476703711266793,-0.10450827007919133,0.05254651379562988
3457,3.439424669209533,0.4649124435833233,3.387901267248364,1.115594892938288,0.3536048055767815,-0.25994036111184265,-0.06472050994139841
2734,-0.5430877507635907,-0.13773167239647197,-0.5918650399005948,-0.9583449474575829,-1.6684822833098034,-1.600934651548846,-1.264861633427856
2291,-0.462470090440247,0.20663639387769386,-0.46408867451836444,-0.9583449474575829,-1.3104122888344034,-1.2415306498092054,-1.1021684444351203
1293,-0.20449357740555205,0.6370964767204164,-0.14869920679442172,-0.3722315143022281,-0.4546211968310293,-0.41897041721469425,-0.048423552349661454
2615,-0.6881995393456071,-1.3717172432122582,-0.9228369912077363,-0.9583449474575829,-1.1315675519550854,-1.0056349762975298,-1.5474870057880072
3121,-0.7204466034749435,0.6657938155765918,-0.6585580696366851,1.115594892938288,-1.005615194706034,-0.904499449051537,-0.4513660755793949
495,-0.2206171094702202,0.23533373273387945,-0.22411842733710413,-0.9583449474575829,1.110841031938148,1.1625641925518793,1.0084997893690735
3842,0.11797706388781849,0.5510044601518699,0.15235437603297702,1.115594892938288,-0.11519671747708993,-0.13917956984657576,0.18377601270740793
3267,0.1824711921464926,1.5554113201182123,0.3754955409443838,1.115594892938288,0.9049793241685504,0.7875908146902811,0.7255980300842896
545,-0.3012347697935625,-0.367310383245926,-0.3892927533190112,-0.9583449474575829,-1.5851482463383766,-1.528124922037339,-1.5474870057880072
528,-0.44634655837557885,0.26403107159005484,-0.43978000012857527,-0.9583449474575829,1.2573415078924832,1.3822363144742884,1.1742332345327693
3169,-0.8171877958629553,1.1823459149878508,-0.6735172538765564,1.115594892938288,-1.259803033504724,-1.1685246676575054,-0.6704816810435831
2137,-0.8333113279276235,-0.16642901125265752,-0.8891788266680275,-0.9583449474575829,1.2497310935571928,1.5342666930769322,1.288933808255351
3739,-0.47859362250491666,0.5223071212956842,-0.4341703060386235,-0.9583449474575829,-0.12052400751179303,-0.02811529117462105,0.2759487104335583
2544,0.29533591659917263,-1.1995332100751754,0.8591758313668723,1.115594892938288,0.5571833890457919,0.5371070282576118,0.5366184703666625
2545,0.19859472421116076,-1.0273491769380925,0.8516962392469366,1.115594892938288,0.8577947552897519,0.8472516173088745,0.7706096149530479
3711,-0.4947171545695848,0.37882042701478696,-0.4703216679516436,-0.9583449474575829,1.8699798618833376,2.0212341887321386,1.6563304539079164
3118,-0.9461760523803036,0.20663639387769386,-0.9434058695375577,1.115594892938288,-1.0136061297580885,-0.8753886407562804,-0.42720689707801646
539,-0.23674064153488839,0.26403107159005484,-0.2365844142036624,-0.9583449474575829,-1.3187837446032225,-1.2709031282913856,-1.5474870057880072
1059,-0.44634655837557885,0.321425749302426,-0.43167710866531217,-0.9583449474575829,-1.0200749819430852,-0.9478712825341329,-0.4873605370320107
3123,-0.575334814892927,-0.051639655827935595,-0.6186669116636971,1.115594892938288,-0.13878900191648946,-0.007755718464169597,0.2928452028405977
2297,-0.3012347697935625,0.3501230881586014,-0.28582506232657173,-0.9583449474575829,-0.9070603290640269,-0.8515112361994968,-0.925616425364372
835,-0.3012347697935625,0.09184703845297192,-0.3232230229262484,-0.9583449474575829,-1.0737284030068805,-1.0151859381202433,-1.5474870057880072
2542,-0.9945466485743081,1.3545299481249438,-0.8405614778884474,1.115594892938288,1.6721090891657944,1.9589574064540247,1.6093452215974333
3174,-0.7204466034749435,-1.1995332100751754,-0.9134875010578167,1.115594892938288,-1.654022496072752,-1.5654129236739598,-0.9998608629938383
2372,-0.3818524301169048,0.4362151047271479,-0.35189479271933455,-0.9583449474575829,1.1766711159384078,1.2702414744709638,1.0897378032879073
3437,1.6980832062253333,-1.0847438546504533,1.4195219410186997,1.115594892938288,0.8033802927924273,0.4440832768062524,0.4664359334331382
2370,-0.31735830185823066,0.23533373273387945,-0.318236628179624,-0.9583449474575829,1.2402180756380803,1.323360522416466,1.1298139073596525
2286,-0.9139289882509658,-0.08033699468411098,-0.9440291688808868,-0.9583449474575829,-0.7480026694564634,-0.5899718843693033,-0.8072241120056247
2628,-0.7849407317336176,-0.45340239981447256,-0.8704798463681883,-0.9583449474575829,-0.6034047970859513,-0.4476233026828345,0.46426432188245254
2185,-0.8171877958629553,0.17793905502151847,-0.8293420897085438,-0.9583449474575829,-0.1353643154656088,0.04045701347651395,0.33285714566198227
2456,-0.7204466034749435,-0.08033699468411098,-0.7601558625991406,-0.9583449474575829,0.013038764072548495,-1.2625950998565596,-2.6369450369206517
1057,-0.462470090440247,0.6370964767204164,-0.40175874018556945,-0.9583449474575829,-0.6011216727853642,-0.52461975518512,-0.13610236870859693
3855,0.11797706388781849,0.49360978243950887,0.14986117865966572,1.115594892938288,1.051099279406121,0.9903852095561141,0.8785979347916919
708,-0.3818524301169048,0.14924171616533288,-0.3936558487223064,-0.9583449474575829,1.1770516366551724,1.2844370821115718,1.100447796617425
1280,-0.8494348599922916,-0.826467804944824,-0.9851669255405313,-0.3722315143022281,-0.6894024790747296,-0.5199751093672252,-0.13224775820612977
3161,-0.7849407317336176,0.29272841044624043,-0.7663888560324197,-0.9583449474575829,-0.06991475218211379,0.09717402649221601,1.0808045830453135
3712,-0.44634655837557885,0.3501230881586014,-0.4273140132620152,-0.9583449474575829,1.7824600970275013,1.91437758498283,1.5757116074066744
1073,-0.3012347697935625,-0.051639655827935595,-0.33818220716611974,-0.9583449474575829,-1.5090441029854753,-1.45446476441833,-1.5474870057880072
2571,-0.5592112828282589,0.9527672041384069,0.7008577981615736,1.115594892938288,0.7778854047692053,0.8936980754878232,0.80565152861184
3841,0.11797706388781849,-0.13773167239647197,0.04950998438386496,1.115594892938288,-0.1357448361823732,-0.1398991628606159,0.18317881953096946
2438,-0.8655583920569598,0.9527672041384069,-0.7614024612857971,-0.9583449474575829,2.2143511105552154,2.5061751848581193,2.0221981902675688
3192,0.7951654106038959,0.6370964767204164,0.8317506602604426,1.115594892938288,-1.006376236139563,-1.0727533792434474,-0.5910006982884861
3166,-0.4947171545695848,-2.003058698048249,-0.8137596061253451,1.115594892938288,-0.5957943827506611,-0.44965124663149286,-0.20784945305477476
3461,2.5526304056527636,-0.33861304438974044,2.3737932356537907,1.115594892938288,0.9049793241685504,0.33437805093850964,0.3836679204672304
1063,-0.25286417359955654,0.1205443773091575,-0.26837268071338904,-0.9583449474575829,-0.7480026694564634,-0.6937241134845326,-1.5474870057880072
519,-0.4947171545695848,0.17793905502151847,-0.4996167370880589,-0.9583449474575829,1.0746915638455203,1.2150290650300721,1.0480823453611174
3460,2.423642149135415,-0.8551651438009994,2.1612481595789603,1.115594892938288,1.3756834508062445,0.8203650056024689,0.7503247888773246
3454,4.019871823537598,-1.3143225654998973,3.5904735538299475,1.115594892938288,0.4396024875655595,-0.22389529286310916,-0.03752601074985695
2453,-0.2851112377288943,0.06314969959679653,-0.3288327170162001,-0.9583449474575829,-0.5798125126465518,-0.5170967373110651,-0.12985898550037558
3830,1.6497126100313275,0.20663639387769386,1.5909292604338858,1.115594892938288,-1.001809987538389,-1.1452425627759732,-0.651159767271357
2173,-0.9139289882509658,-0.022942316971750015,-0.9515087610008225,-0.9583449474575829,-1.227458772579741,-1.1051350648752498,-1.040425579664488
1065,-0.3012347697935625,0.37882042701478696,-0.288318259699883,-0.9583449474575829,-0.5577423110742105,-0.4990414944133329,-1.5474870057880072
3432,2.9718422393341446,-1.3717172432122582,2.583221815011981,1.115594892938288,-0.06610954501446868,-0.4760145179640513,-0.22773944066673718
1069,-0.41409949424624254,0.14924171616533288,-0.42357421720204735,-0.9583449474575829,-1.3187837446032225,-1.2538945661413479,-1.5474870057880072
1199,-0.26898770566422614,0.3501230881586014,-0.24967370041354986,-0.9583449474575829,1.0160913734637862,1.075558855399764,0.9428578947688008
3178,0.6823006861512173,0.7231884932889527,0.7345159627012823,1.115594892938288,-1.2658913649729562,-1.301780210348377,-0.781070999262253
2182,-0.3012347697935625,0.23533373273387945,-0.3313259143895114,-0.9583449474575829,-1.227458772579741,-1.1717955449940511,-1.0706011092574252
3439,2.2462832964240627,0.4649124435833233,2.2185916991651307,1.115594892938288,0.506193612999348,0.039410332728819164,0.16112709132991537
2310,-0.41409949424624254,0.23533373273387945,-0.40986163164883255,-0.9583449474575829,-1.0128450883245597,-0.9432920542629689,-0.4835602168183107
2446,-0.8010642637982858,-0.9986518380819068,-0.9702077413006599,-0.9583449474575829,-0.6011216727853642,-0.4274092807429823,0.4871402753766076
1128,1.6013420138373216,-0.1951263501088431,1.4787353786348543,1.115594892938288,0.5545197440284406,0.2162993790892104,0.2945824920811464
1290,-0.3012347697935625,-0.9125598215133706,-0.47094496729497276,-0.3722315143022281,0.4118244752417509,0.5255281224862401,0.7354196368703455
1118,0.7467948144098914,-0.1951263501088431,0.6534870480686481,1.115594892938288,2.1618392516417138,1.878951746802117,1.5489842914499645
2562,-0.3657288980522366,1.297135270412583,0.9813425026591509,1.115594892938288,0.5381573532075666,0.5857122654786808,0.5732890926884691
2567,0.85965953886257,2.2154501138103786,1.4556733029317197,1.115594892938288,0.9338988986426531,0.6199256424189489,0.599101657256847
2159,-0.7365701355396116,-0.08033699468411098,-0.7875810337055702,-0.9583449474575829,-1.1148246404174473,-1.004719130643297,-1.5474870057880072
1569,-0.7043230714102753,-0.7116784495201021,-0.8293420897085438,1.115594892938288,1.0632759423425848,1.3153795817152942,1.1237926207872966
728,-0.5430877507635907,0.7231884932889527,-0.46845176992166143,-0.9583449474575829,1.1397606064122507,1.2714844078588508,1.0906755446393395
2177,-0.5269642186989212,0.5797017990080554,-0.48154105613154713,-0.9583449474575829,-0.7860547411329141,-0.7026863173866678,-0.8582471124851448
2541,-1.0106701806389777,1.3832272869811193,-0.8885555273246983,1.115594892938288,1.5807841171423131,1.8695316200728658,1.5418771991022662
2554,0.4565712372458572,2.358936808091276,1.4026928587488443,1.115594892938288,0.7702749904339156,0.5634702995901703,0.556508457978625
2298,-0.41409949424624254,0.37882042701478696,-0.393032549378979,-0.9583449474575829,-1.413913923794349,-1.3539179950929154,-1.5474870057880072
3832,1.7142067382900015,0.49360978243950887,1.709979435009524,1.115594892938288,-1.3047044780829358,-1.4061146556295114,-0.8676585808169688
2167,-0.3012347697935625,0.321425749302426,-0.29829104919313004,-0.9583449474575829,-1.1079752675156862,-1.0535860380512896,-1.5474870057880072
3453,2.0366773795833706,-0.33861304438974044,1.8820100537680375,1.115594892938288,1.1146462391057934,0.608281319100846,0.5903165014381637
2285,-0.9784231165096399,0.7518858321451384,-0.8904254253546823,1.115594892938288,1.5062020566564698,1.809674564814079,1.4967175498095968
690,-0.3818524301169048,0.14924171616533288,-0.3936558487223064,-0.9583449474575829,0.9262884843073629,1.0293086498610078,0.9079640455339191
1066,-0.3496053659875684,0.20663639387769386,-0.3487782960026941,-0.9583449474575829,-0.5577423110742105,-0.48916344485696495,-1.5474870057880072
2174,-0.6398289431516012,0.7518858321451384,-0.5837621484373318,-0.9583449474575829,-0.333235088183152,-0.2200356576059854,-0.6397632485629744
1827,-0.23674064153488839,-1.3143225654998973,-0.46782847057833227,-0.282060216893712,0.7512489545956903,0.8728298780806617,0.7899073448693685
2284,-0.8978054561862976,0.321425749302426,-0.8686099483382044,1.115594892938288,1.6877104385531394,1.995394979983144,1.6368358496367958
1667,-0.5430877507635907,0.23533373273387945,-0.5382612963743904,-0.9583449474575829,-0.7849131789826205,-0.6920232572695288,-1.5474870057880072
3251,0.23084178834049854,-1.1995332100751754,-0.009080153888962175,1.115594892938288,0.7139579243527686,0.7060805514635625,0.664101939353508
2452,-0.3012347697935625,0.49360978243950887,-0.28520176298324257,-0.9583449474575829,-1.010181443307208,-0.9570297390764608,-0.49496117745941054
1117,0.16634766008182442,-0.08033699468411098,0.10186712922341296,1.115594892938288,2.177821121745823,2.099866802112413,1.7156554779650925
3176,-0.9461760523803036,-1.2856252266437218,-1.1409917613725187,1.115594892938288,-1.293669377296765,-1.1550486530309372,-0.6592978815575518
3177,-0.8655583920569598,-1.7160853094864343,-1.1241626791026635,1.115594892938288,-1.2997577087649972,-1.1635529341059558,-0.6663556190972802
2449,-0.8010642637982858,-0.2238236889650185,-0.8742196424281562,-0.9583449474575829,-0.584378761247726,-0.42891388431779304,-0.056675676242267
1060,-0.44634655837557885,0.17793905502151847,-0.4522459869951335,-0.9583449474575829,-1.0242607098274947,-0.9496375562958675,-0.48882637482872354
3247,3.0524598996574883,-0.6829811106639164,2.7895338976535324,1.115594892938288,0.22498880331037807,-0.27465930912629827,-0.07582534173467761
537,-0.18837004534088245,0.3501230881586014,-0.18235737133413227,-0.9583449474575829,-1.1285233862209694,-1.0858368885896301,-1.5474870057880072
1942,-0.25286417359955654,-0.769073127232463,-0.403005338872226,-0.3722315143022281,-0.8998304354455015,-0.8290076001240624,-0.3887150823421124
2171,-1.0267937127036457,0.1205443773091575,-1.0375240703800792,-0.9583449474575829,-0.7974703626358491,-0.6296803352349679,-0.825199133068346
529,-0.6398289431516012,-0.2238236889650185,-0.6978259282663456,-0.9583449474575829,1.1469905000307763,1.3576393169034648,1.1556758267360006
3825,2.0366773795833706,-0.022942316971750015,1.936860395980897,1.115594892938288,-0.35302216545490617,-0.6272598860059241,-0.22128383178424396
3027,-0.7204466034749435,-6.738119609318126,-1.7013378710243443,1.115594892938288,-0.5390967959527496,-0.21264347482539178,-0.029036983778994496
3450,2.0689244437127097,-0.2812183666773795,1.9156682183077465,1.115594892938288,1.1226371741578478,0.575768798375582,0.5657871618770094
839,-0.2851112377288943,0.5223071212956842,-0.24468730566692726,-0.9583449474575829,-0.6410763480456372,-0.5897756317291104,-1.5474870057880072
3737,-0.47859362250491666,0.17793905502151847,-0.4840342535048602,-0.9583449474575829,-0.783010575398798,-0.6980376313810867,-1.5474870057880072
2566,0.8112889426685654,2.1293580972418322,1.4226384377353383,1.115594892938288,1.0328342850014245,0.7205378292910943,0.6750093519149066
1825,-0.23674064153488839,-0.8551651438009994,-0.4005121414989147,-0.282060216893712,0.7230904215551165,0.8245517285932473,0.7534834965874128
2163,-0.3818524301169048,0.29272841044624043,-0.40175874018556945,-0.9583449474575829,-1.1098778710995088,-1.0451471745230019,-1.5474870057880072
1670,-0.5914583469575952,0.40751776587096233,-0.5607000727341973,-0.9583449474575829,-0.6905440412250231,-0.5909531475702667,-1.5474870057880072
1072,-0.3496053659875684,0.26403107159005484,-0.35189479271933455,-0.9583449474575829,-1.5090441029854753,-1.4534180836706352,-1.5474870057880072
3850,-0.027134724694197893,1.3258326092687582,0.12492920492654738,1.115594892938288,0.22308619972655563,0.2010570907009072,0.4661398045853174
2373,-0.26898770566422614,0.14924171616533288,-0.2839551642965878,-0.9583449474575829,1.224236205533971,1.2960159878829436,1.1091835976281381
3061,-0.2206171094702202,-0.8838624826571849,-0.403005338872226,-0.9583449474575829,-1.0337737277466075,-0.9661227780720579,-0.5025075275980435
3708,-0.41409949424624254,0.40751776587096233,-0.38742285528902726,-0.9583449474575829,1.9080319335597882,2.026505342974304,1.6603073197245624
3465,0.40820064105185266,-0.7403757883762774,0.2358764880389225,1.115594892938288,-0.24419324046025748,-0.27884603211707665,-0.07898404944476585
3127,-0.7204466034749435,2.1580554360980075,-0.4485061909351657,1.115594892938288,-0.5269201330162854,-0.44108154800974314,-0.06677366995295579
3266,0.16634766008182442,1.6988980143991097,0.379858636347679,1.115594892938288,0.8113712278444822,0.6975108528418128,0.657636459509421
3167,-0.7204466034749435,-2.1178480534729713,-1.0431337644700311,1.115594892938288,-1.3050849987997002,-1.1780756294802188,-0.6784080632035859
3441,2.2140362322947262,-0.367310383245926,2.037834889600025,1.115594892938288,0.6161641001442902,0.1620028153025518,0.2536180014659386
2889,-0.9300525203156339,-0.482099738670648,-1.0163318927069287,-0.9583449474575829,1.3494275213494937,1.6917921456049725,1.407780185847423
1070,-0.39797596218157294,0.4362151047271479,-0.36373748024256547,-0.9583449474575829,-1.3187837446032225,-1.2593896400667448,-1.5474870057880072
3849,0.021235871499808042,0.17793905502151847,0.002139234290941345,1.115594892938288,0.18579516948363445,0.18980527266319022,0.4568018749173689
1121,0.9564007312505819,-0.08033699468411098,0.8679020221734645,1.115594892938288,0.7995750856247824,0.565759913725752,0.5582358762575794
2160,-0.5269642186989212,0.321425749302426,-0.5270419081944886,-0.9583449474575829,-1.108736308949215,-1.0295123808543134,-1.5474870057880072
2301,-0.3496053659875684,0.17793905502151847,-0.36685397695920413,-0.9583449474575829,-1.1098778710995088,-1.0471751184716602,-1.5474870057880072
2293,-0.41409949424624254,0.3501230881586014,-0.3961490460956177,-0.9583449474575829,-0.4721251498021966,-0.3941771670036778,-0.7185927478528658
3263,0.6339300899572113,-0.5968890940953699,0.4739768371901989,1.115594892938288,0.039675214246064024,-0.052370485334652814,0.09188229574782344
2282,-1.042917244768314,0.1205443773091575,-1.0369007710367502,1.115594892938288,1.6032348394314193,1.974657617669444,1.6211903755102643
3125,-0.8978054561862976,1.3258326092687582,-0.7414568822993032,1.115594892938288,-0.09807328522268731,0.06184855125752267,0.35061007008883815
3466,0.7629183464745596,-0.769073127232463,0.5674717386893914,1.115594892938288,-0.46946150478484505,-0.5452916999520889,-0.2800061823071045
2175,-0.575334814892927,0.14924171616533288,-0.5862553458106431,-0.9583449474575829,-0.7936651554682043,-0.6945745415920344,-0.8545751147721672
3261,0.7951654106038959,-0.9986518380819068,0.5593688472261283,1.115594892938288,-0.009031437499792789,-0.11432090208882842,0.045143292600110414
1828,-0.011011192629529725,-0.7977704660886383,-0.1748777792141966,-0.282060216893712,0.7082501136013007,0.7455927496890343,0.6939122433674662
3057,-1.2363996295443362,-0.10903433354029657,-1.2606652352914842,-0.9583449474575829,-1.0193139405095564,-0.8373810461056194,-0.3956642393043066
3120,-0.7849407317336176,0.5223071212956842,-0.7420801816426306,1.115594892938288,-0.12204609037885102,0.03672821331285153,0.3297625992022548
3200,0.7790418785392277,0.8953725264260458,0.8573059333368883,1.115594892938288,-0.5566007489239169,-0.6659870736706249,-0.2534236827343925
694,-0.2206171094702202,-0.13773167239647197,-0.2789687695499634,-0.9583449474575829,1.0374005336025987,1.1062396848165623,0.9660052997067916
3025,-0.9461760523803036,-3.9831750791247384,-1.5205810614592403,1.115594892938288,-0.2259282460555613,0.10574372511396574,0.2111728666116269
2553,0.40820064105185266,2.1580554360980075,1.3017183651297162,1.115594892938288,0.9186780699720726,0.717921127421858,0.6730351595961015
3256,0.021235871499808042,1.6702006755429342,0.2340065900089386,1.115594892938288,0.9628184731167552,0.8812687416089497,0.7962741150975154
2158,-0.7849407317336176,-0.30991570553356507,-0.8586371588449574,-0.9583449474575829,-0.5276811744498145,-0.3702343449001635,-1.5474870057880072
3834,1.617465545901991,0.4649124435833233,1.6164845335103315,1.115594892938288,-1.0037125911222113,-1.1426781949441212,-0.6490315879516851
990,-0.4302230263109107,0.49360978243950887,-0.3861762566023707,-0.9583449474575829,1.0320732435678956,1.1346309000977792,0.987425286365828
3254,-0.091628852952872,-1.1421385323628144,-0.308263838686377,1.115594892938288,0.906120886318844,0.9826659390418662,0.8727740674512166
3180,0.8757830709272396,-2.404821442034786,0.4166332976040283,1.115594892938288,-0.6338464544271116,-0.6783509900027678,-0.2636845473113825
2448,-0.7849407317336176,-0.30991570553356507,-0.8586371588449574,-0.9583449474575829,-0.5855203233980193,-0.431465168640299,-0.058792997504186
1184,-0.575334814892927,-0.6255864329515555,-0.692839533519723,-0.3722315143022281,-0.11747984177767705,0.030840634107069435,0.3248764732132122
499,-0.25286417359955654,0.26403107159005484,-0.2509202991002064,-0.9583449474575829,1.186564654574285,1.2472799155684131,1.0724142656903917
546,-0.20449357740555205,0.23533373273387945,-0.21352233850052976,-0.9583449474575829,-1.6232003180148271,-1.5777114224593716,-1.5474870057880072
3846,-0.2851112377288943,-0.13773167239647197,-0.33444241110615186,1.115594892938288,-0.5756267847621422,-0.5097045545304718,-0.12372418286968848
2303,-0.44634655837557885,0.321425749302426,-0.42793731260534434,-0.9583449474575829,-1.010942484740737,-0.939432419005845,-0.48035708978104924
3194,-0.4947171545695848,0.5797017990080554,-0.44164989815855915,1.115594892938288,-1.007137277573092,-0.933414004706601,-0.4753623832144721
1058,-0.3334818339228988,0.29272841044624043,-0.32571622029955966,-0.9583449474575829,-0.6536335316988661,-0.5899718843693033,-0.1903383671869727
3838,-0.07550532088820383,-0.2238236889650185,-0.1530623021977187,1.115594892938288,0.2877747215765218,0.32090203631194175,0.5655996136067232
2450,-0.7849407317336176,-1.1421385323628144,-0.9751941360472843,-0.9583449474575829,-0.6072100042535962,-0.43414728805626623,-0.0610188993436384
701,-0.2206171094702202,0.14924171616533288,-0.2365844142036624,-0.9583449474575829,1.1355748785278412,1.1914133306602122,1.0302652596839004
2797,-0.25286417359955654,-0.30991570553356507,-0.35251809206266194,-0.9583449474575829,1.8014861328657266,1.8977265827138894,1.5631491213373918
730,-0.7043230714102753,0.4362151047271479,-0.6672842604432773,-0.9583449474575829,1.1675386187360597,1.3684332121140654,1.163819370051072
497,-0.25286417359955654,0.23533373273387945,-0.2552833945035016,-0.9583449474575829,1.152698310782244,1.214636559749687,1.047786216513297
1182,-0.8494348599922916,-0.7116784495201021,-0.9689611426140033,-0.3722315143022281,-0.4785940019871933,-0.29546208898672893,0.054076512842703914
2164,-0.3657288980522366,0.1205443773091575,-0.4023820395288986,-0.9583449474575829,-1.111780474683331,-1.0462592728174274,-1.5474870057880072
3026,-0.672076007280939,-5.963291460201238,-1.5492528312523248,1.115594892938288,-0.5691579325771455,-0.27976187777130973,-0.07967501675634787
3533,-0.8010642637982858,2.01456874181711,-0.5494806845542939,1.115594892938288,-0.982403430983399,-0.8944713924812868,-0.44304375054309325
3851,0.06960646769381398,0.6083991378642308,0.12056610952325215,1.115594892938288,0.2006354774374502,0.2041971329439912,0.4687457384461401
3199,0.6500536220218796,0.8379778487136849,0.7214266764913949,1.115594892938288,-1.264369282105898,-1.2993597611193333,-0.7790622585778686
3448,1.2143772442852783,-1.0273491769380925,0.9657600190759522,1.115594892938288,-0.08741870515328111,-0.25706198905568245,-0.06254889839071272
2609,-0.7526936676042812,-0.6542837718077309,-0.8798293365181079,-0.9583449474575829,-1.1209129718856794,-1.0002053199188639,-1.5474870057880072
2309,-0.3334818339228988,0.29272841044624043,-0.3244696216129049,-0.9583449474575829,-1.0120840468910306,-0.9529738511791441,-0.49159517955584786
3847,-0.3496053659875684,0.4362151047271479,-0.3169900294929692,1.115594892938288,0.3109864852991566,0.3840299689072735,0.617989742267016
718,-0.3818524301169048,0.4362151047271479,-0.35189479271933455,-0.9583449474575829,-1.5090441029854753,-1.4534180836706352,-1.5474870057880072
2454,-0.18837004534088245,0.5510044601518699,-0.16615158840760438,-0.9583449474575829,-0.12394869396267372,-0.08835013603665544,0.22595956707947826
2295,-0.47859362250491666,0.5223071212956842,-0.4341703060386235,-0.9583449474575829,-0.9013525183125594,-0.8262600631613639,-0.91418585183849
609,-0.6559524752162693,-1.228230548931361,-0.8561439614716461,-0.282060216893712,1.0838240610478684,1.3464529164124783,1.1472361545731082
689,-0.3818524301169048,0.14924171616533288,-0.3936558487223064,-0.9583449474575829,-1.6346159395177626,-1.57830018037995,-1.5474870057880072
3438,1.762577334484006,-0.7977704660886383,1.5373255169076814,1.115594892938288,0.7432580195436354,0.36734849449089035,0.4085427436841759
1573,-0.7043230714102753,-0.7116784495201021,-0.8293420897085438,1.115594892938288,1.00543679339438,1.2539525053349663,1.0774484561033448
2144,-0.8978054561862976,-0.25252102782120406,-0.9639747478673808,-0.9583449474575829,-0.3370402953507971,-0.14676800526736156,-0.6065968176070472
3160,-0.7849407317336176,0.29272841044624043,-0.7663888560324197,-0.9583449474575829,-0.06991475218211379,0.09717402649221601,1.0808045830453135
2141,-0.3818524301169048,0.5223071212956842,-0.35189479271933455,-0.9583449474575829,0.8635025660412191,0.9496300779427547,0.8478498894263009
3837,1.746453802419338,0.29272841044624043,1.7006299448596045,1.115594892938288,0.503149447265232,0.12969963072682664,0.2292465972902886
1125,1.5852184817726533,0.06314969959679653,1.5080304477712678,1.115594892938288,0.3684451135305972,0.05020422793941981,0.16927063464498668
2559,-0.41409949424624254,1.4980166424058514,0.9956783875556932,1.115594892938288,0.8273530979485915,0.8785212046462513,0.7942012131627698
3191,0.7629183464745596,0.8666751875698603,0.836737055007067,1.115594892938288,-1.2639887613891334,-1.3081257123812757,-0.7863371572726658
1116,0.4565712372458572,-0.367310383245926,0.3480703698379542,1.115594892938288,1.845246015293645,1.6890446086422743,1.4057072839126779
2555,0.48881830137519494,2.3302394692351007,1.4918246648447415,1.115594892938288,0.8273530979485915,0.6083467366475772,0.5903658562461341
2538,-0.7688171996689493,1.7275953532552952,-0.6130572175737453,1.115594892938288,1.5807841171423131,1.7517800359572209,1.4530385447560326
517,-0.575334814892927,-0.424705060958287,-0.6641677637266368,-0.9583449474575829,1.1051332211866807,1.3020998197289189,1.1137735947693603
2458,-0.9300525203156339,-0.424705060958287,-1.0150852940202721,-0.9583449474575829,-0.36063257979019636,-1.3990561023372459,-2.4825138427821156
2614,-0.8816819241216295,-0.7403757883762774,-1.0119687973036335,-0.9583449474575829,-1.0307295620124914,-0.8851358552191865,-0.03086311167388932
1673,-0.462470090440247,-0.30991570553356507,-0.5382612963743904,-0.9583449474575829,-1.3187837446032225,-1.2431006709307473,-1.5474870057880072
2272,0.7951654106038959,2.3302394692351007,1.1047557726380843,1.115594892938288,1.0183744977643734,0.705688046183177,0.6638058105056872
3429,3.1975716882395044,-0.9412571603695459,2.8780424044061026,1.115594892938288,0.14964570139100627,-0.3458335999695325,-0.1295233728061788
3532,-0.8816819241216295,0.8092805098574993,-0.7889709912411916,1.115594892938288,-0.5585033525077396,-0.41449639475053374,-0.04471054286416241
3828,1.9238126551306935,-0.16642901125265752,1.7916316489854855,1.115594892938288,-0.5782904297794937,-0.7987192759876494,-0.3635786786429252
1052,-0.26898770566422614,0.17793905502151847,-0.2795920688932926,-0.9583449474575829,0.2626603542700645,0.325939187410222,0.5697799658417928
2289,-0.8171877958629553,0.23533373273387945,-0.805656714662082,-0.9583449474575829,-1.137275362706553,-1.0248023174896876,-1.0040609571520964
695,-0.3818524301169048,0.14924171616533288,-0.3936558487223064,-0.9583449474575829,1.055665528007295,1.1610595889770683,1.0073646287857603
3029,-0.31735830185823066,-3.9831750791247384,-0.9359262774176238,1.115594892938288,-0.5158850322301147,-0.34210479980587044,-0.1267101487518814
2613,-0.8655583920569598,-1.2856252266437218,-1.0643259421431799,-0.9583449474575829,-1.1292844276544984,-0.9846359437969064,-1.5474870057880072
692,-0.2206171094702202,0.4362151047271479,-0.1942000588573632,-0.9583449474575829,-1.5642196069163286,-1.519816893602513,-1.5474870057880072
538,-0.23674064153488839,0.14924171616533288,-0.2509202991002064,-0.9583449474575829,-1.1285233862209694,-1.078510123355768,-1.5474870057880072
383,-0.623705411086933,-1.7160853094864343,-0.8947885207579775,-0.9583449474575829,-0.68521675119032,-0.530899839671288,-1.5474870057880072
1050,-0.47859362250491666,0.4362151047271479,-0.44663629290518175,-0.9583449474575829,0.22308619972655563,0.32613544005041456,0.5699428367080943
3031,-0.3496053659875684,-2.175242731185332,-0.7090453164462491,1.115594892938288,-0.4074366279522305,-0.27008008085513435,-0.07237050517676859
2283,-1.0106701806389777,0.49360978243950887,-0.9521320603441499,1.115594892938288,1.5495814183676235,1.8821572065919319,1.551402677040501
3436,1.778700866548674,-1.3430199043560829,1.4463238127818019,1.115594892938288,0.8368661158677041,0.46743734098918865,0.4840555998784745
613,-0.4947171545695848,-1.1421385323628144,-0.6897230368030826,-0.282060216893712,0.5959965021557714,0.7773202598535277,0.7178493252329793
706,-0.2206171094702202,0.4362151047271479,-0.1942000588573632,-0.9583449474575829,1.1507957071984216,1.1931141868752158,1.0315484846911238
2443,-0.6398289431516012,0.40751776587096233,-0.616173714290384,-0.9583449474575829,1.9125981821609623,2.122370438187848,1.7326335319068176
838,-0.41409949424624254,0.5510044601518699,-0.36685397695920413,-0.9583449474575829,-1.0782946516080547,-1.0148588503865887,-1.5474870057880072
1124,0.9564007312505819,0.7518858321451384,1.0100142724522372,1.115594892938288,0.622632952329287,0.37349774388359624,0.4131820956333681
2604,-0.462470090440247,-0.33861304438974044,-0.525795309507832,-0.9583449474575829,-0.14411629195119258,-0.029474343978832956,0.2748208269699066
3845,-0.6559524752162693,-0.10903433354029657,-0.6990725269530021,1.115594892938288,0.7227099008383524,0.9133887570538286,1.0573067589707354
3230,0.35983004485784675,-0.6255864329515555,0.20595811955918156,1.115594892938288,-0.3233415495472749,-0.3500203229603109,-0.132682080516267
2305,-0.3818524301169048,0.1205443773091575,-0.40612183558886644,-0.9583449474575829,-0.5741047018950842,-0.4969481329179437,-0.11313757656009572
2890,-0.7849407317336176,0.1205443773091575,-0.795683925168835,-0.9583449474575829,1.4110718774653432,1.671839793852044,1.3927269694165338
605,-0.3496053659875684,-1.0560465157942678,-0.5382612963743904,-0.282060216893712,1.1789542402389948,1.3353973510149535,1.138895192026156
2169,-0.17224651327621426,-0.16642901125265752,-0.24905040107022247,-0.9583449474575829,-0.792143072601146,-0.7422639331588707,-1.5474870057880072
3443,1.6497126100313275,0.03445236074061095,1.563504089327456,1.115594892938288,0.34295022550737525,0.01814963004127216,0.1450867787396232
704,-0.2206171094702202,0.14924171616533288,-0.2365844142036624,-0.9583449474575829,1.1397606064122507,1.1955346361042598,1.0333746125860186
1180,-0.8333113279276235,-0.13773167239647197,-0.8735963430848288,-0.3722315143022281,-0.8378055586128869,-0.6971258259145401,-0.2792658601875524
2612,-0.9461760523803036,-0.9699544992257315,-1.0979841066828904,-0.9583449474575829,-1.4344620424996322,-1.3134245336664796,-1.5474870057880072
2166,-0.31735830185823066,0.1205443773091575,-0.3556345887793024,-0.9583449474575829,-0.5349110680683401,-0.4666598087815306,-1.5474870057880072
3447,1.2949949046086207,-0.45340239981447256,1.1458935292977288,1.115594892938288,0.048427190731647536,-0.16567367627259597,0.006399768343558433
1114,0.6823006861512173,0.4362151047271479,0.6952481040716217,1.115594892938288,2.1112299963120345,1.8175246704217891,1.5026401267660128
1049,-0.31735830185823066,0.5223071212956842,-0.27647557217665214,-0.9583449474575829,0.3284904382703242,0.3914221516878667,0.6241245448977031
2168,-0.26898770566422614,0.09184703845297192,-0.312626934089674,-0.9583449474575829,-0.5189291979642308,-0.45763218733266453,-1.5474870057880072
2547,0.1824711921464926,-1.1134411935066288,0.774407120674272,1.115594892938288,0.9415093129779433,0.9370044914236882,0.8383244114880659
2180,-0.39797596218157294,0.49360978243950887,-0.3718403717058285,-0.9583449474575829,-0.7898599483005592,-0.722965756873251,-0.867427106767589
3190,0.7790418785392277,0.7805831710013239,0.8392302523803783,1.115594892938288,-1.265130323539427,-1.309303228222432,-0.7873143824704742
3445,1.440106693190637,-1.228230548931361,1.1539964207609918,1.115594892938288,-0.013597686100967033,-0.2222598541948363,-0.03629214055060371
4000,-0.39797596218157294,1.0388592207069534,-0.3151201314629853,1.115594892938288,0.21471474395773654,0.28603448390436437,0.5366628896938358
1281,-0.6398289431516012,-0.7977704660886383,-0.7794781422423072,-0.3722315143022281,-0.5242564879989339,-0.3799815593630697,-0.016066540244444462
2439,-0.47859362250491666,-0.1951263501088431,-0.537637997031063,-0.9583449474575829,1.067842190943759,1.220524138955469,1.0522281492306085
1123,1.3756125649319628,0.6657938155765918,1.4076792534954687,1.115594892938288,0.3927984394035256,0.08991267880508486,0.19922900308285568
2784,-0.25286417359955654,-0.16642901125265752,-0.3176133288362966,-0.9583449474575829,1.4529291563094393,1.5361638019321284,1.2903650976864847
2277,0.97252426331525,2.1580554360980075,1.2537243156934652,1.115594892938288,1.338011899846558,0.9510038464241041,0.8488863403936738
3435,1.6335890779666593,-0.826467804944824,1.4045627567788284,1.115594892938288,0.8265920565150621,0.46782984626957413,0.4843517287262953
543,-0.2851112377288943,0.14924171616533288,-0.2957978518198187,-0.9583449474575829,-1.547096174661926,-1.4959394890457292,-1.5474870057880072
3159,-0.7043230714102753,-0.13773167239647197,-0.7483131750759097,-0.9583449474575829,-0.08285245655210713,0.07944587132813849,1.060741853605456
3249,2.5526304056527636,0.26403107159005484,2.4841172194228367,1.115594892938288,0.30375659168063107,-0.1673091149408688,0.005165898144305188
1200,-0.1561229812115461,0.321425749302426,-0.14807590745109434,-0.9583449474575829,1.161830807984592,1.189516221805016,1.028833970252767
2275,0.97252426331525,2.2154501138103786,1.2686834999333347,1.115594892938288,0.6637291897398535,0.35406873250451504,0.3985237176662397
2280,-0.23674064153488839,0.7805831710013239,-0.15742539760101393,-0.9583449474575829,1.0971422861346258,1.1275658050508404,0.9820949671050538
2627,-0.9784231165096399,-0.13773167239647197,-1.0263046822001758,-0.9583449474575829,-0.14411629195119258,0.07552081852428351,1.0562999208881443
3175,-0.7526936676042812,-0.9125598215133706,-0.9041380109078971,1.115594892938288,-1.4344620424996322,-1.3310872712838264,-0.8053930486299329
614,-0.2851112377288943,-1.2569278877875363,-0.5058497305213381,-0.282060216893712,1.1370969613948994,1.281297039868488,1.0980787658348587
607,-0.3496053659875684,-1.228230548931361,-0.5631932701075086,-0.282060216893712,1.295013058852169,1.4642699180748542,1.236124163727312
611,-0.44634655837557885,-1.228230548931361,-0.6554415729200463,-0.282060216893712,0.667914917624263,0.8426723890377107,0.7671547783951389
606,-0.25286417359955654,-1.1134411935066288,-0.45411588502511746,-0.282060216893712,1.3159416982742167,1.446999685737893,1.2230944944231978
3179,0.7467948144098914,0.7231884932889527,0.7980924957207338,1.115594892938288,-0.5600254353747975,-0.6612115927592683,-0.24946049165439108
2819,-0.44634655837557885,0.37882042701478696,-0.4559857830551014,-0.9583449474575829,-0.5139824286462923,-0.4308109931729897,-1.5474870057880072
1061,-0.44634655837557885,0.40751776587096233,-0.41921112179875214,-0.9583449474575829,-1.0204555026598496,-0.9497683913893294,-0.4889349554062578
518,-0.575334814892927,0.29272841044624043,-0.5613233720775247,-0.9583449474575829,1.1203540498572606,1.2829324785367606,1.0993126360341121
1572,-0.8655583920569598,-0.7116784495201021,-0.9845436261972021,1.115594892938288,1.1039916590363872,1.4146180001060904,1.1986638644779832
3824,2.0528009116480415,0.5797017990080554,2.049677577123256,1.115594892938288,-0.33780133678432595,-0.6286990720340041,-0.2224782181371212
2552,0.06960646769381398,-1.1134411935066288,0.7127004856848044,1.115594892938288,0.8045218549427208,0.8348877009767319,0.7612815562466935
1113,0.6339300899572113,-0.1951263501088431,0.5363067715229939,1.115594892938288,2.292738378208704,2.0434114592836345,1.6730622786868707
2611,-0.8171877958629553,0.37882042701478696,-0.7938140271388512,-0.9583449474575829,-0.7837716168323269,-0.653950245072137,-1.5474870057880072
3514,0.8274124747332336,0.9814645429945822,0.9190125683263559,1.115594892938288,-0.563450121825678,-0.6802681480276863,-0.2652756045733308
1291,-0.3012347697935625,0.14924171616533288,-0.3151201314629853,-0.3722315143022281,0.013419284789312924,0.08278216621141503,0.36798296249432316
3741,-0.47859362250491666,0.0057550218844253705,-0.5083429278946494,-0.9583449474575829,-0.5760073054789067,-0.48129232844159614,-0.10014476058980235
2601,-0.8655583920569598,-0.1951263501088431,-0.8729730437414996,-0.9583449474575829,-0.3454117511196162,-1.400495288365326,-2.4808851341191014
2274,0.8919066029919077,2.186752774954193,1.1702022036875197,1.115594892938288,1.062514900909056,0.7285187699922657,0.6810306384872623
3833,1.504600821449311,-0.769073127232463,1.2786562894265818,1.115594892938288,-0.3724287220098962,-0.5581789566580789,-0.1639532868461413
3163,-0.7849407317336176,0.5797017990080554,-0.7258743987161044,-0.9583449474575829,-0.5626890803921492,-0.43009140015894953,0.4841049546864446
2568,-0.5430877507635907,0.8953725264260458,0.7395023574479067,1.115594892938288,0.7550541617633352,0.8702131762114252,0.7879331525505635
3735,-0.3818524301169048,0.321425749302426,-0.36872387498918807,-0.9583449474575829,-1.1072142260821571,-1.0440361562722729,-1.5474870057880072
1943,-0.3012347697935625,-0.7977704660886383,-0.45411588502511746,-0.3722315143022281,-0.9481565664745936,-0.8713981704056946,-0.4238951894632207
3843,-0.10775238501754017,0.321425749302426,-0.09758866064153027,1.115594892938288,-0.56192803895862,-0.5336473766339864,-0.14359442855846277
1126,1.2305007763499465,-0.1951263501088431,1.1147285621313314,1.115594892938288,0.37757761073294516,0.13263033682037143,0.2314576926873503
1292,-0.2851112377288943,-0.9125598215133706,-0.455362483711774,-0.3722315143022281,-0.6094931285541832,-0.5242926674514657,-0.13583091726476146
828,-0.5592112828282589,0.49360978243950887,-0.5170691187012398,-0.9583449474575829,-0.841610765780532,-0.7535157511965879,-1.5474870057880072
2172,-0.9300525203156339,-0.051639655827935595,-0.9751941360472843,-0.9583449474575829,-1.2312639797473859,-1.1076863491977555,-1.0415804821709889
