nr,Fibre Volume Fraction,Cut angle ,taverage,waverage,area,Lnominal,R-value1,Ffatigue,smax,f,E
1383,0.3906805347983834,1.557420109950948,1.2265835100092795,0.006825046866297577,1.2156110801742388,-0.1499063377991721,-0.6400008956287022,-0.10040532778227884,-0.19509985942982933,-0.2540066589674724,-1.400032897452595
673,0.05433188890164693,-0.6764276484550528,-0.7495736559238066,-0.764169902582911,-0.7651929725702717,-0.1499063377991721,-0.6400008956287022,0.42859440367896795,0.45834459233893204,1.3243953029050692,0.6716800021723744
3743,0.17260833581038967,-0.6764276484550528,-0.7495736559238066,1.1633174710401255,-0.7092079320485558,-0.1499063377991721,-0.6400008956287022,0.4920157159054376,0.5140189472487897,0.1694670381202828,0.6293637851299378
1802,0.22805042029886224,1.557420109950948,1.4799369928212136,1.8058132622477943,1.5558534990591895,-0.1499063377991721,-0.4022862772523271,-0.0655785956347955,-0.17931066306976903,0.10530435674335015,-1.5131730988081622
669,0.05433188890164693,-0.6764276484550528,-0.7073480754551511,-1.192500430054685,-0.7365339637317745,-0.1499063377991721,-0.6400008956287022,0.5986954954308865,0.6386458008939342,1.3243953029050692,0.589274737405524
1144,0.14919945569303464,-0.6764276484550528,-0.766463888111269,1.5488149457647298,-0.7148730849584914,-0.1499063377991721,-0.6400008956287022,0.3717718407014951,0.3839641612933467,0.8945053376796209,0.43381831900752077
668,0.05433188890164693,-0.6764276484550528,-0.7917992363924622,-0.33583937511112166,-0.7945184699864083,-0.1499063377991721,-0.6400008956287022,0.9388976789347236,1.0378271218812904,-1.2421119521722344,0.7585396055752704
1166,-0.13170710571522923,-0.6764276484550528,-0.6651224949864952,-1.9634953795038934,-0.7182055278466886,-0.1499063377991721,-0.6400008956287022,0.6518520866033611,0.6913779121109066,-0.6004851384029084,0.5710119489977358
1165,-0.13170710571522923,-0.6764276484550528,-0.6566773788927642,-1.0211682190659754,-0.6818819003653377,-0.1499063377991721,-0.6400008956287022,0.48688335537844,0.5015270932272898,0.1245531611564298,0.5897201712691289
1396,0.3906805347983834,1.557420109950948,1.201248161728086,0.2209903106021922,1.200615087177351,-0.1499063377991721,-0.4022862772523271,-0.08390845465978673,-0.18349575126159223,0.3042086690118412,-1.426758929268871
1215,-0.13047505939326343,-0.6764276484550528,-0.7580187720175376,-1.4066656937905797,-0.7918525156758505,-0.1499063377991721,-0.6400008956287022,0.6650495851013548,0.7297665847068123,-1.1137865894183692,0.7478491928487604
2709,-0.09474571605624751,-0.6764276484550528,-0.7411285398300756,1.2489835765344803,-0.6985441148063245,-0.1499063377991721,1.7371452881350489,-1.567893841323076,-1.7300380231654282,-1.8709062296661736,0.7834839019371272
902,-0.19577351445746521,-0.6764276484550528,-0.6989029593614198,-1.792163168515184,-0.7461980481075465,-0.1499063377991721,-0.6400008956287022,0.48175099485144246,0.512256137500873,0.1245531611564298,0.6890519228529536
1924,0.22805042029886224,1.557420109950948,1.3785955996964399,1.8058132622477943,1.4532142581027105,-0.1499063377991721,-0.4022862772523271,-0.012788601642820792,-0.14290039580090702,-0.6903128923306139,-1.4579392997211924
1082,-0.29926540550261455,-0.6764276484550528,-0.6397871467053019,0.7349869435683363,-0.6122338440020128,-0.1499063377991721,-0.6400008956287022,0.6650495851013548,0.6732298478609096,-0.6004851384029084,0.478807139231585
1389,0.3906805347983834,1.557420109950948,1.2181383939155486,0.4351555743380868,1.224608675972372,-0.1499063377991721,-0.6400008956287022,0.011773409450667448,-0.119083439363804,-1.3447722423753266,-1.4570484319939832
1151,0.14919945569303464,-0.6764276484550528,-0.7917992363924622,1.934312420489334,-0.7288693450889204,-0.1499063377991721,1.7371452881350489,-1.7178320881475044,-1.9085130114185438,-0.1320975643513005,0.5197870546832078
1094,-0.3460831657373255,-0.6764276484550528,-0.6904578432676888,0.34948946884373205,-0.6715513274119258,-0.1499063377991721,1.7371452881350489,-1.8479740872249422,-2.0202548661402235,0.40686895921493316,0.5580943669532029
1795,0.5804156683811588,-0.4282223419654971,1.3279249031340532,0.6493208380739814,1.3469093299692148,-0.1499063377991721,-0.4022862772523271,1.3744151293685152,0.7787701628074333,-0.9212985452875713,0.49306102286693176
1314,0.35371914513940167,1.557420109950948,1.4546016445400207,-0.20734021686958184,1.4245552492642137,-0.1499063377991721,-0.4022862772523271,-0.11140324319727359,-0.20632350503517344,1.7671178044059044,-1.4249771938144524
1213,-0.13047505939326343,-0.6764276484550528,-0.8255797007673867,-0.03600800588087222,-0.8228442345360857,-0.1499063377991721,-0.6400008956287022,0.48175099485144246,0.5326108846156495,-0.4400784349605769,0.706869277397137
1792,0.5804156683811588,0.812804190482281,1.2096932778218177,0.5208216798324417,1.2169440573295185,-0.1499063377991721,-0.4022862772523271,0.05319889084714764,-0.09085311719714194,-0.6004851384029084,-1.4588301674484017
2715,-0.3460831657373255,-0.6764276484550528,-0.6397871467053019,0.2209903106021922,-0.6305622798870982,-0.1499063377991721,1.7371452881350489,-1.8237786733119539,-1.9727350920348854,0.5416105901064916,0.5376044092273912
1665,-0.12431482778343342,-0.6764276484550528,-0.8171345846736559,-1.0211682190659754,-0.8451716018870081,-0.1499063377991721,-0.6400008956287022,1.1863507757721052,1.339533934255455,-1.357604778650713,0.8258001189795638
1662,-0.12431482778343342,-0.6764276484550528,-0.8593601651423114,-0.9355021135716206,-0.8788292750578016,-0.1499063377991721,-0.6400008956287022,0.6327890332173701,0.7215105470920338,-0.491408580062123,0.8476263782961894
1158,-0.13170710571522923,-0.6764276484550528,-0.7495736559238066,-1.5779979047792891,-0.7891865613652926,-0.1499063377991721,-0.6400008956287022,0.3600407309255007,0.3872361393342266,0.8880890695419278,0.6355998592204022
1625,0.22805042029886224,1.557420109950948,1.3279249031340532,1.8486463149949792,1.4042273476462093,-0.1499063377991721,1.7371452881350489,-0.9131512769503899,-0.7308291942394904,1.2987302303542962,-1.446358019267473
1375,0.3906805347983834,1.557420109950948,1.2941444387591288,0.1353242051078374,1.283926159382285,-0.1499063377991721,1.7371452881350489,-1.1221116698352898,-0.8810738603259439,-0.1320975643513005,-1.3706342624546919
1091,-0.08365729915855248,-0.6764276484550528,-0.7580187720175376,0.5636547325796266,-0.7322017879771175,-0.1499063377991721,1.7371452881350489,-1.875835472942929,-2.083830160399647,0.26571106018568164,0.705978409669928
670,0.05433188890164693,-0.6764276484550528,-0.7917992363924622,-1.6208309575264743,-0.831508586045399,-0.1499063377991721,-0.6400008956287022,0.848348175351267,0.9512718888231284,-1.2421119521722344,0.6845975842169073
469,0.17630447477628802,-0.6764276484550528,-0.7073480754551511,-0.33583937511112166,-0.7112073977814743,-0.1499063377991721,-0.4022862772523271,0.9388976789347236,1.0026723810699754,1.3243953029050692,0.6551989492190042
1319,0.5890399926349205,1.557420109950948,1.429266296258827,0.04965809961348259,1.4155576534660805,-0.1499063377991721,-0.6400008956287022,-0.09527296725528131,-0.19559446076159026,-0.2540066589674724,-1.4031509344978272
1390,0.3906805347983834,1.557420109950948,1.1505774651656995,0.2638233633493772,1.1462962680997344,-0.1499063377991721,1.7371452881350489,-0.8816239194274049,-0.7315520731089872,1.28589769407891,-1.4214137229056156
1206,0.17630447477628802,-0.6764276484550528,-0.7833541202987312,0.7349869435683363,-0.7528629338839413,-0.1499063377991721,-0.6400008956287022,0.6705485428088521,0.7229943510873165,-1.2421119521722344,0.6952879969434179
1309,0.5890399926349205,1.557420109950948,1.3701504836027087,0.17815725785502243,1.3652377658543007,-0.1499063377991721,-0.6400008956287022,-0.14842955842775582,-0.22979804516567276,2.0301847980513275,-1.380433807453993
2367,0.5804156683811588,0.812804190482281,1.268809090477935,0.6064877853267965,1.2825931822270065,-0.1499063377991721,-0.4022862772523271,-0.06007963792729815,-0.1693805901782612,1.4527206656589347,-1.5710795010767593
2679,0.35371914513940167,1.557420109950948,1.4039309479776334,0.17815725785502243,1.396895973292175,-0.1499063377991721,-0.4022862772523271,-0.13523205992976217,-0.22154200755089423,3.377601106966911,-1.466847976993284
1927,0.5890399926349205,1.557420109950948,1.4714918767274825,0.2209903106021922,1.4685434953884187,-0.1499063377991721,-0.6400008956287022,-0.041749778902306925,-0.16199961645813662,-0.9533798859760376,-1.4205228551784064
1384,0.3906805347983834,1.557420109950948,1.3025895548528597,0.0924911523606676,1.2922572666027785,-0.1499063377991721,1.7371452881350489,-1.123578058557289,-0.8810738603259439,-0.1320975643513005,-1.3777612042723653
2250,0.0654203057993411,-0.6764276484550528,-0.7833541202987312,0.9491522073042309,-0.7595278196603361,-0.1499063377991721,-0.6400008956287022,1.2149453558510916,1.325913374503885,-1.6206717722961363,0.7981832194360794
1626,0.22805042029886224,1.557420109950948,1.3785955996964399,2.0628115787308587,1.4672105182331399,-0.1499063377991721,1.7371452881350489,-0.9208498177408861,-0.7308291942394904,1.2987302303542962,-1.4196319874511973
1268,0.16151991891269463,-0.6764276484550528,-0.7326834237363443,-0.8070029553300807,-0.7498637352845636,6.670832032063165,-0.4022862772523271,0.8934396285527454,0.96862098169105,-0.4079970942721107,-0.9234186633956789
3051,0.2416029298404898,-0.6764276484550528,-0.8509150490485804,-0.4215054806054765,-0.8565019077068792,-0.1499063377991721,-0.4022862772523271,0.7130738157468316,0.8067341611800701,2.0879312112905675,0.8877154260206025
1369,-0.09474571605624751,-0.6764276484550528,-0.6904578432676888,0.9491522073042309,-0.6592212887255955,-0.1499063377991721,-0.6400008956287022,0.36993885479899596,0.3701914165166194,1.0420795048465656,0.773238923074222
2244,0.0654203057993411,-0.6764276484550528,-0.8424699329548491,1.2918166292816502,-0.8081814858280174,-0.1499063377991721,-0.6400008956287022,0.3717718407014951,0.40260682687510474,1.0420795048465656,0.7759115262558497
1266,0.16151991891269463,-0.6764276484550528,-0.7157931915488821,-0.5500046388470163,-0.7258701464895426,6.670832032063165,-0.4022862772523271,0.6485527119788626,0.6901223856533597,0.4902804450049457,-0.8833296156712651
1661,-0.12431482778343342,-0.6764276484550528,-0.7917992363924622,-1.4923317992849345,-0.8335080517783175,-0.1499063377991721,-0.6400008956287022,0.6280232698708723,0.7011557999772572,-0.491408580062123,0.7897199760275916
1269,0.16151991891269463,-0.6764276484550528,-0.7411285398300756,-0.5071715860998313,-0.7495304909957442,6.670832032063165,-0.4022862772523271,1.018082669922686,1.1062342906894553,-0.664647819779841,-0.9234186633956789
955,-0.3460831657373255,-0.6764276484550528,-0.6651224949864952,0.5208216798324417,-0.6468912500392651,-0.1499063377991721,-0.6400008956287022,0.3717718407014951,0.36962072267227986,0.8880890695419278,0.6119918644493586
1163,-0.13170710571522923,-0.6764276484550528,-0.6566773788927642,-1.3209995882962249,-0.6908794961634704,-0.1499063377991721,-0.6400008956287022,0.6599172245743572,0.6916061896486424,-0.6004851384029084,0.6400541978564478
906,-0.19577351445746521,-0.6764276484550528,-0.6482322627990329,-0.5071715860998313,-0.654889112970939,-0.1499063377991721,-0.6400008956287022,0.48175099485144246,0.48931424495842396,0.1245531611564298,0.5621032717256438
1773,0.5890399926349205,1.557420109950948,1.3870407157901714,0.6921538908211513,1.4022278819132907,-0.1499063377991721,-0.4022862772523271,0.027170491031660075,-0.11501248994084869,-1.8709062296661736,-1.3563803788193447
2217,0.04940370361378276,-0.6764276484550528,-0.7157931915488821,1.1204844182929405,-0.6842146103870757,-0.1499063377991721,-0.6400008956287022,0.6470863232568633,0.6735342179112239,-0.491408580062123,0.7781386955738725
1160,-0.13170710571522923,-0.6764276484550528,-0.7073480754551511,-2.091994537745433,-0.7631935068373532,-0.1499063377991721,-0.6400008956287022,0.7761285307928016,0.8436390297806932,-0.9084660090121848,0.6151099014945911
1394,0.3906805347983834,1.557420109950948,1.2941444387591288,-0.25017326961676684,1.2679304335189372,-0.1499063377991721,1.7371452881350489,-1.278282068728215,-0.9878697017300145,-1.8709062296661736,-1.400032897452595
549,0.08266895430686613,-0.6764276484550528,-0.7242383076426134,-0.8498360080772658,-0.7428656052193494,-0.1499063377991721,-0.6400008956287022,0.6650495851013548,0.7137491108090162,1.3243953029050692,0.7331498753498082
1325,-0.3460831657373255,-0.6764276484550528,-0.7157931915488821,0.6493208380739814,-0.6902130075858312,-0.1499063377991721,-0.6400008956287022,0.9418304563787222,0.9973459051894731,-1.1009540531429827,0.6894973567165578
647,0.17630447477628802,-0.6764276484550528,-0.7073480754551511,-0.33583937511112166,-0.7112073977814743,-0.1499063377991721,-0.6400008956287022,0.6650495851013548,0.7035907603797726,1.3243953029050692,0.568784779679713
898,-0.15018780054472097,-0.6764276484550528,-0.7157931915488821,-1.4494987465377647,-0.7491972467069242,-0.1499063377991721,-0.6400008956287022,0.6650495851013548,0.71572751613606,-0.2796717315182454,0.6400541978564478
1191,0.18739289167398218,-0.6764276484550528,-0.8171345846736559,1.2489835765344803,-0.7741905683684045,-0.1499063377991721,-0.6400008956287022,0.933765318407726,1.0234456370039342,-0.6004851384029084,0.9763567648779172
2706,-0.09474571605624751,-0.6764276484550528,-0.6989029593614198,1.1204844182929405,-0.6622204873249732,-0.1499063377991721,1.7371452881350489,-1.7332291697284972,-1.8917346123949617,0.7918450474765287,0.7736843569378262
650,0.17630447477628802,-0.6764276484550528,-0.7073480754551511,-0.33583937511112166,-0.7112073977814743,-0.1499063377991721,-0.6400008956287022,0.48175099485144246,0.5033533135291763,1.3243953029050692,0.5955108114959884
1079,-0.29926540550261455,-0.6764276484550528,-0.6735676110802266,0.47798862708527184,-0.6562220901262177,-0.1499063377991721,-0.6400008956287022,0.8113218601207846,0.8437531685495611,-0.6004851384029084,0.460989784687401
1153,0.14919945569303464,-0.6764276484550528,-0.7495736559238066,1.7629802095006093,-0.6945451833404875,-0.1499063377991721,1.7371452881350489,-1.5345334978975922,-1.691953720619837,0.40686895921493316,0.4235733401446149
1771,-6.391734467624826,-0.6764276484550528,1.420821180165096,1.2489835765344803,1.4668772739443205,-0.1499063377991721,1.7371452881350489,-3.037948535127373,-2.101027068242412,-1.4987626776799645,0.9892743469224501
548,0.08266895430686613,-0.6764276484550528,-0.6060066823303774,-1.5779979047792891,-0.6492239600610035,-0.1499063377991721,-0.6400008956287022,0.6650495851013548,0.6843393546973858,1.3243953029050692,0.5082057742294881
1323,0.5890399926349205,1.557420109950948,1.446156528446289,0.0924911523606676,1.437551776528183,-0.1499063377991721,-0.6400008956287022,0.022771324865662208,-0.119083439363804,-1.3447722423753266,-1.4539303949487512
1382,0.3906805347983834,1.557420109950948,1.2096932778218177,0.17815725785502243,1.2062802400872863,-0.1499063377991721,-0.6400008956287022,0.011040215089667814,-0.1191214856200933,-1.3447722423753266,-1.3265363099578371
1791,0.5804156683811588,0.812804190482281,1.268809090477935,0.5636547325796266,1.2785942507611694,-0.1499063377991721,-0.4022862772523271,0.056864862652145874,-0.09085311719714194,-0.6004851384029084,-1.5087187601721161
2599,0.2995091069728949,-0.6764276484550528,-0.8424699329548491,-0.29300632236393664,-0.8485040447752057,-0.1499063377991721,1.7371452881350489,-0.409080153763131,-2.0975268126637956,0.8110938518896087,1.1300314478215019
1798,0.5804156683811588,-0.4282223419654971,1.2181383939155486,0.04965809961348259,1.203614285776729,-0.1499063377991721,-0.4022862772523271,1.3296902733475366,0.7787701628074333,-0.9212985452875713,0.47524366832274834
1657,-0.13047505939326343,-0.6764276484550528,-0.8593601651423114,-1.192500430054685,-0.8898263365888528,-0.1499063377991721,-0.4022862772523271,1.3942113771155058,1.607265439763273,-0.5427387251636692,0.8155551401166586
1797,0.5804156683811588,-0.4282223419654971,1.2772542065716668,0.6493208380739814,1.2959229537797952,-0.1499063377991721,-0.4022862772523271,1.3586514506070229,0.7787701628074333,-0.9212985452875713,0.5162235837743705
2215,0.0654203057993411,-0.6764276484550528,-0.7242383076426134,1.2061505237872954,-0.6905462518746506,-0.1499063377991721,-0.6400008956287022,0.6496525035203621,0.67920311009833,-0.491408580062123,0.6021923194500576
2279,-0.13047505939326343,-0.6764276484550528,-0.8509150490485804,-1.3209995882962249,-0.8844944279677371,-0.1499063377991721,-0.6400008956287022,0.20240394331057623,0.22679507656224027,3.307022157452286,0.8097644998897985
659,0.05433188890164693,-0.6764276484550528,-0.7917992363924622,-1.6208309575264743,-0.831508586045399,-0.1499063377991721,-0.6400008956287022,0.7687965871828051,0.8609500763923255,1.3243953029050692,0.6307000867207516
903,-0.19577351445746521,-0.6764276484550528,-0.6989029593614198,-1.3638326410433945,-0.7362007194429545,-0.1499063377991721,-0.6400008956287022,0.3717718407014951,0.38860580456064153,0.8880890695419278,0.7291409705773667
909,-0.19577351445746521,-0.6764276484550528,-0.6904578432676888,-1.23533348280187,-0.7235374364678048,-0.1499063377991721,-0.6400008956287022,0.39010169972648634,0.4059548974285633,0.7469311705126758,0.6823704148988851
1650,-0.13047505939326343,-0.6764276484550528,-0.8171345846736559,-1.3209995882962249,-0.8545024419739607,-0.1499063377991721,-0.4022862772523271,1.0466772500016719,1.1859792438718322,0.26571106018568164,0.803973859662939
1387,0.3906805347983834,1.557420109950948,1.184357929540624,0.2209903106021922,1.1819534070034459,-0.1499063377991721,1.7371452881350489,-0.8915220433009001,-0.7352045137127602,0.5929407352080377,-1.2699662092800534
1308,0.5890399926349205,1.557420109950948,1.437711412352558,-0.29300632236393664,1.4052270805126685,-0.1499063377991721,-0.6400008956287022,-0.10627088267027603,-0.20251887940624325,0.06680674791719056,-1.437449341995381
2247,0.0654203057993411,-0.6764276484550528,-0.8086894685799245,1.1204844182929405,-0.7811886984336187,-0.1499063377991721,-0.6400008956287022,1.2149453558510916,1.3365663262648895,-1.6206717722961363,0.765221113529339
1312,0.5890399926349205,1.557420109950948,1.437711412352558,0.1353242051078374,1.4262214707083118,-0.1499063377991721,-0.4022862772523271,-0.093806578533282,-0.19494767440467217,1.0035818960204064,-1.4579392997211924
3202,0.21449791075723557,-0.6764276484550528,-0.8255797007673867,0.7349869435683363,-0.8088479744056573,-0.1499063377991721,1.7371452881350489,-1.8483406844054422,-2.0976789976889534,0.8110938518896087,0.8271364205703783
1372,0.3906805347983834,1.557420109950948,1.268809090477935,-0.12167411137522703,1.2506017305003114,-0.1499063377991721,1.7371452881350489,-1.1166127121277925,-0.8811119065822334,-0.1320975643513005,-1.3456899660928345
1299,0.5890399926349205,1.557420109950948,1.429266296258827,0.006825046866297577,1.413558187733162,-0.1499063377991721,1.7371452881350489,-0.948344606278373,-0.7532003929376,-0.3117530722067116,-1.4543758288123556
1929,-6.391734467624826,-0.6764276484550528,1.4630467606337516,-0.16450716412241204,1.437551776528183,-0.1499063377991721,1.7371452881350489,-2.882511330595447,-2.0097921456606658,-1.4538488007161119,1.0231273205563995
683,-0.15018780054472097,-0.6764276484550528,-0.7073480754551511,-1.192500430054685,-0.7365339637317745,-0.1499063377991721,-0.6400008956287022,0.3607739252865004,0.3765070950606435,1.3243953029050692,0.6801432455808616
653,0.17630447477628802,-0.6764276484550528,-0.7073480754551511,-0.33583937511112166,-0.7112073977814743,-0.1499063377991721,-0.6400008956287022,0.6650495851013548,0.7035907603797726,1.3243953029050692,0.577693456951805
662,0.05433188890164693,-0.6764276484550528,-0.7917992363924622,-1.6208309575264743,-0.831508586045399,-0.1499063377991721,-0.6400008956287022,0.5986954954308865,0.6678653257241182,1.3243953029050692,0.754530700802829
1104,0.5890399926349205,1.557420109950948,1.4546016445400207,0.2209903106021922,1.4472158609039558,-0.1499063377991721,1.7371452881350489,-1.0957166728393024,-0.8461473970523646,0.0411416753664175,-1.5203000406258356
1392,0.3906805347983834,1.557420109950948,1.2096932778218177,-0.07884105862805724,1.18928478135748,-0.1499063377991721,1.7371452881350489,-1.0139655015878415,-0.8182594911923063,-0.1320975643513005,-1.319854802003768
1656,-0.13047505939326343,-0.6764276484550528,-0.8086894685799245,-1.4066656937905797,-0.8501702662193044,-0.1499063377991721,-0.4022862772523271,1.390912002491007,1.5758011858120204,-0.5427387251636692,0.8609893942043271
1928,0.5890399926349205,1.557420109950948,1.429266296258827,-0.20734021686958184,1.4062268133791278,-0.1499063377991721,-0.6400008956287022,-0.04431595916580568,-0.16199961645813662,-0.9533798859760376,-1.3888970508624803
1164,-0.13170710571522923,-0.6764276484550528,-0.6904578432676888,-1.7064970630208292,-0.7352009865764954,-0.1499063377991721,-0.6400008956287022,0.474419051241446,0.501412954458422,0.1245531611564298,0.6013014517228485
1075,0.08266895430686613,-0.6764276484550528,-0.7242383076426134,-0.764169902582911,-0.740532895197611,-0.1499063377991721,-0.6400008956287022,0.4084315587514776,0.4299620851471128,1.3243953029050692,0.44629046718844945
1188,0.18739289167398218,-0.6764276484550528,-0.8593601651423114,1.2061505237872954,-0.81784557020379,-0.1499063377991721,-0.6400008956287022,0.933765318407726,1.0422404876108495,-0.6004851384029084,0.9879380453316363
1100,-0.08365729915855248,-0.6764276484550528,-0.7749090042049999,0.7778199963155213,-0.7481975138404651,-0.1499063377991721,1.7371452881350489,-1.8556726280154383,-2.070856387004995,0.27854359646106813,0.8066464628445666
944,-0.2943372202147504,-0.6764276484550528,-0.6735676110802266,-0.9355021135716206,-0.6945451833404875,-0.1499063377991721,-0.6400008956287022,0.6650495851013548,0.6983403770118488,-0.6004851384029084,0.6779160762628388
677,-0.15018780054472097,-0.6764276484550528,-0.7073480754551511,-1.6208309575264743,-0.7491972467069242,-0.1499063377991721,-0.6400008956287022,0.7687965871828051,0.8304750251045946,-1.2421119521722344,0.6551989492190042
1666,-0.12431482778343342,-0.6764276484550528,-0.7073480754551511,-1.0640012718131604,-0.7335347651323967,-0.1499063377991721,-0.6400008956287022,1.186717372952605,1.2834157062287346,-1.357604778650713,0.7852656373915459
1162,-0.13170710571522923,-0.6764276484550528,-0.5806713340491837,-1.7493301157679988,-0.629562547020639,-0.1499063377991721,-0.6400008956287022,0.49971425669593383,0.5023641108656546,0.1245531611564298,0.4894975519580951
1190,0.18739289167398218,-0.6764276484550528,-0.8171345846736559,1.7201471567534394,-0.7608607968156148,-0.1499063377991721,-0.6400008956287022,0.933765318407726,1.017738698560539,-0.6004851384029084,1.6966233223265461
907,-0.19577351445746521,-0.6764276484550528,-0.6989029593614198,-0.7213368498357259,-0.7138733520920322,-0.1499063377991721,-0.6400008956287022,0.6650495851013548,0.7044277780181372,-0.6004851384029084,0.7202322933052754
1083,-0.29926540550261455,-0.6764276484550528,-0.6820127271739574,0.5636547325796266,-0.6565553344150377,-0.1499063377991721,-0.6400008956287022,1.0316467656011792,1.0803247901564408,-1.2292794158968476,0.3995199115099665
462,0.17630447477628802,-0.6764276484550528,-0.6228969145178397,-0.33583937511112166,-0.6278963255765404,-0.1499063377991721,-0.6400008956287022,0.2984524046015302,0.2877071328814127,1.3243953029050692,0.5955108114959884
1148,0.14919945569303464,-0.6764276484550528,-0.7495736559238066,1.8486463149949792,-0.6862140761199942,-0.1499063377991721,-0.4022862772523271,0.6650495851013548,0.6957532315841765,1.3243953029050692,0.4217916046901969
2713,-0.09474571605624751,-0.6764276484550528,-0.7242383076426134,1.1204844182929405,-0.684881098964715,-0.1499063377991721,1.7371452881350489,-1.722964448674502,-1.8919628899326975,0.24004598763490856,0.7318135737589945
1093,-0.3460831657373255,-0.6764276484550528,-0.7326834237363443,0.6493208380739814,-0.7095411763373758,-0.1499063377991721,1.7371452881350489,-1.8292776310194512,-2.0203690049090914,0.40686895921493316,0.7487400605759694
2600,0.2995091069728949,-0.6764276484550528,-0.8678052812360427,-0.6356707443413712,-0.8844944279677371,-0.1499063377991721,1.7371452881350489,-1.5345334978975922,-1.7796122951103888,1.3885579842820017,1.1353766541847572
1385,0.3906805347983834,1.557420109950948,1.1590225812594304,0.17815725785502243,1.1559603524755064,-0.1499063377991721,1.7371452881350489,-1.0091997382413438,-0.8182594911923063,-0.1320975643513005,-1.3688525270002734
1159,-0.13170710571522923,-0.6764276484550528,-0.7326834237363443,-1.5779979047792891,-0.7725243469243059,-0.1499063377991721,-0.6400008956287022,0.3633401055499991,0.387274185590516,0.8880890695419278,0.5665576103616901
899,-0.15018780054472097,-0.6764276484550528,-0.6820127271739574,-1.23533348280187,-0.7098744206261952,-0.1499063377991721,-0.6400008956287022,0.3717718407014951,0.3828988661172463,0.8880890695419278,0.7447311558035279
3749,0.17260833581038967,-0.6764276484550528,-0.7495736559238066,1.1204844182929405,-0.7102076649150151,-0.1499063377991721,-0.4022862772523271,1.4301379008044883,1.5389156256864642,0.1694670381202828,0.7638848119385252
1081,-0.29926540550261455,-0.6764276484550528,-0.7833541202987312,-0.03600800588087222,-0.7751903012348638,-0.1499063377991721,-0.6400008956287022,0.7720959618073036,0.8437531685495611,-0.9212985452875713,0.6471811396741218
1320,0.5890399926349205,1.557420109950948,1.446156528446289,0.47798862708527184,1.4535475023915307,-0.1499063377991721,-0.6400008956287022,-0.09527296725528131,-0.19631733963108702,-0.2540066589674724,-1.4387856435861948
1099,-0.08365729915855248,-0.6764276484550528,-0.7411285398300756,0.5636547325796266,-0.7178722835578691,-0.1499063377991721,1.7371452881350489,-1.8864667911774238,-2.0875586935159984,0.24004598763490856,0.7950651823908469
1774,0.5890399926349205,1.557420109950948,1.4123760640713643,0.6064877853267965,1.423222272108935,-0.1499063377991721,-0.4022862772523271,0.028636879753659375,-0.11501248994084869,-1.0239588354906635,-1.4205228551784064
1778,-6.391734467624826,-0.6764276484550528,1.446156528446289,0.3923225215909171,1.451214792369792,-0.1499063377991721,1.7371452881350489,-3.0947710981048457,-2.143258412723537,-1.5629253590568972,0.941167489653154
1295,0.5890399926349205,1.557420109950948,1.4546016445400207,-0.4643385333526615,1.413558187733162,-0.1499063377991721,1.7371452881350489,-0.9072857220623926,-0.7264538747662207,0.40045269107724,-1.5256452469890909
1161,-0.13170710571522923,-0.6764276484550528,-0.6397871467053019,-2.091994537745433,-0.6975443819398653,-0.1499063377991721,-0.6400008956287022,0.658084238671858,0.6917203284175104,-0.6004851384029084,0.5710119489977364
1796,0.5804156683811588,-0.4282223419654971,1.260363974384204,0.47798862708527184,1.2665974563636584,-0.1499063377991721,-0.4022862772523271,1.3502197154555267,0.7791886716266154,-0.9212985452875713,0.48504321332204936
2214,0.04940370361378276,-0.6764276484550528,-0.7411285398300756,0.6493208380739814,-0.7182055278466886,-0.1499063377991721,-0.6400008956287022,0.3677392717159971,0.37974102684523414,-0.4208296305474973,0.7603213410296892
1371,0.3906805347983834,1.557420109950948,1.268809090477935,-0.4215054806054765,1.2306070731711276,-0.1499063377991721,-0.6400008956287022,-0.10003873060177902,-0.19509985942982933,-0.2540066589674724,-1.4316587017685214
1776,0.5890399926349205,1.557420109950948,1.4123760640713643,1.1633174710401255,1.4535475023915307,-0.1499063377991721,-0.4022862772523271,0.03010326847565867,-0.11501248994084869,-1.0239588354906635,-1.4018146329070134
3748,0.17260833581038967,-0.6764276484550528,-0.7495736559238066,1.5488149457647298,-0.6978776262286848,-0.1499063377991721,-0.4022862772523271,1.4367366500534853,1.5388750208194395,0.1694670381202828,0.49662449377576845
1377,0.3906805347983834,1.557420109950948,1.2265835100092795,-0.4215054806054765,1.1952831785562354,-0.1499063377991721,1.7371452881350489,-1.107081185434797,-0.8810358140696546,-0.1320975643513005,-1.3127278601860946
461,0.17630447477628802,-0.6764276484550528,-0.7073480754551511,-0.33583937511112166,-0.7112073977814743,-0.1499063377991721,-0.6400008956287022,0.6650495851013548,0.7035907603797726,1.3243953029050692,0.7157779546692297
1310,0.5890399926349205,1.557420109950948,1.420821180165096,0.006825046866297577,1.40322761477975,-0.1499063377991721,-0.4022862772523271,-0.042482973263306564,-0.16066799748801106,-0.9020497408744915,-1.4623936383572385
1152,0.14919945569303464,-0.6764276484550528,-0.7326834237363443,0.6064877853267965,-0.7088746877597364,-0.1499063377991721,1.7371452881350489,-1.35123490764768,-1.4982602298510006,0.40686895921493316,0.452081107415309
1664,-0.12431482778343342,-0.6764276484550528,-0.8762503973297736,-0.9355021135716206,-0.9004901538310847,-0.1499063377991721,-0.6400008956287022,1.1878171644941045,1.3735853336343802,-1.357604778650713,0.8177823094346814
895,0.17630447477628802,-0.6764276484550528,-0.7580187720175376,1.2918166292816502,-0.7138733520920322,-0.1499063377991721,1.7371452881350489,-1.7178320881475044,-1.9009037601606833,1.0035818960204064,0.812882536935031
1307,0.5890399926349205,1.557420109950948,1.3785955996964399,-0.07884105862805724,1.3565734143449877,-0.1499063377991721,-0.6400008956287022,-0.049814916873303056,-0.16451066937323056,-0.889217204599105,-1.4160685165423603
1391,0.3906805347983834,1.557420109950948,1.2941444387591288,-0.3786724278583067,1.2585995934319856,-0.1499063377991721,-0.6400008956287022,-0.09930553624077935,-0.19509985942982933,-0.2540066589674724,-1.3412356274567885
1370,0.3906805347983834,1.557420109950948,1.4799369928212136,0.17815725785502243,1.4755416254536333,-0.1499063377991721,-0.6400008956287022,-0.09270678699178252,-0.19509985942982933,-0.2540066589674724,-1.3853335799536435
1149,0.14919945569303464,-0.6764276484550528,-0.7749090042049999,1.7201471567534394,-0.7178722835578691,-0.1499063377991721,-0.4022862772523271,0.48175099485144246,0.5050273488059056,1.3243953029050692,0.4894975519580951
1326,-0.1514198468666868,-0.6764276484550528,-0.6735676110802266,0.3923225215909171,-0.6535561358156599,-0.1499063377991721,-0.6400008956287022,0.9388976789347236,0.9795022109897905,-1.1009540531429827,0.6774706423992339
908,-0.19577351445746521,-0.6764276484550528,-0.6820127271739574,-1.5779979047792891,-0.7258701464895426,-0.1499063377991721,-0.6400008956287022,0.48175099485144246,0.5070818466455278,0.1245531611564298,0.5643304410436673
901,-0.19577351445746521,-0.6764276484550528,-0.7326834237363443,-2.0063284322510784,-0.7828549198777178,-0.1499063377991721,-0.6400008956287022,0.39010169972648634,0.4194613184112654,0.7469311705126758,0.6957334308070222
2248,0.0654203057993411,-0.6764276484550528,-0.8086894685799245,1.7629802095006093,-0.7578615982162376,-0.1499063377991721,-0.6400008956287022,0.6540516696863599,0.7057593969882628,-0.491408580062123,0.7803658648918954
900,-0.15018780054472097,-0.6764276484550528,-0.7157931915488821,-1.9634953795038934,-0.7671924383031902,-0.1499063377991721,-0.6400008956287022,0.6650495851013548,0.7215866396046123,-0.6004851384029084,0.7870473728459646
1330,-0.3460831657373255,-0.6764276484550528,-0.6989029593614198,0.6493208380739814,-0.6765499917442216,-0.1499063377991721,-0.6400008956287022,0.3681058688964968,0.3718654517933487,1.0420795048465656,0.6823704148988845
1154,0.2046415401815072,-0.6764276484550528,-0.7411285398300756,1.6344810512590846,-0.6892132747193719,-0.1499063377991721,1.7371452881350489,-1.7178320881475044,-1.8885767731229497,-0.1320975643513005,0.29796099060811954
1208,-0.13047505939326343,-0.6764276484550528,-0.766463888111269,-1.192500430054685,-0.796184691430507,-0.1499063377991721,-0.6400008956287022,0.3717718407014951,0.4019980867744758,0.8880890695419278,0.7785841294374767
654,0.17630447477628802,-0.6764276484550528,-0.7073480754551511,-0.33583937511112166,-0.7112073977814743,-0.1499063377991721,-0.6400008956287022,0.4084315587514776,0.42322789778390635,1.3243953029050692,0.5910564728599427
1386,0.3906805347983834,1.557420109950948,1.4123760640713643,0.2638233633493772,1.4115587220002435,-0.1499063377991721,1.7371452881350489,-1.0476924421938252,-0.8182594911923063,-0.1320975643513005,-1.367070791545855
905,-0.19577351445746521,-0.6764276484550528,-0.6989029593614198,-0.7213368498357259,-0.7138733520920322,-0.1499063377991721,-0.6400008956287022,0.48175099485144246,0.5040000998860943,0.1245531611564298,0.6311455205843565
1270,0.16151991891269463,-0.6764276484550528,-0.7242383076426134,-1.0640012718131604,-0.7491972467069242,6.670832032063165,-0.4022862772523271,1.1841511926891062,1.2897694310290482,-0.8571358639106387,-0.8913474252161482
1098,-0.2943372202147504,-0.6764276484550528,-0.6651224949864952,-0.8070029553300807,-0.6815486560765178,-0.1499063377991721,1.7371452881350489,-1.9051632473829148,-2.08748260100342,0.24004598763490856,0.7540852669392242
1930,-6.391734467624826,-0.6764276484550528,1.437711412352558,0.9491522073042309,1.470542961121337,-0.1499063377991721,1.7371452881350489,-2.763367246933004,-1.9222096636826926,-1.408934923752259,0.922459267381761
1373,0.3906805347983834,1.557420109950948,1.2265835100092795,0.4351555743380868,1.236605470369882,-0.1499063377991721,-0.6400008956287022,0.012506603811667114,-0.11915953187638262,-1.3447722423753266,-1.3728614317727148
1379,0.3906805347983834,1.557420109950948,1.2434737421967421,0.2638233633493772,1.2439368447239163,-0.1499063377991721,-0.6400008956287022,-0.0996721334212792,-0.19509985942982933,-0.2540066589674724,-1.3078280876864439
1089,0.14919945569303464,-0.6764276484550528,-0.766463888111269,1.6344810512590846,-0.7092079320485558,-0.1499063377991721,-0.6400008956287022,0.3717718407014951,0.3827466810920891,0.8945053376796209,0.3376046044689285
1381,0.3906805347983834,1.557420109950948,1.2519188582904732,-0.03600800588087222,1.2379384475251618,-0.1499063377991721,1.7371452881350489,-1.0931504925758035,-0.8668445604737451,-0.1320975643513005,-1.4151776488151513
2254,0.0654203057993411,-0.6764276484550528,-0.7495736559238066,0.9063191545570459,-0.7222044593125255,-0.1499063377991721,-0.6400008956287022,0.3681058688964968,0.3813770158656742,-0.4208296305474973,0.6734617376267924
1652,-0.12431482778343342,-0.6764276484550528,-0.8509150490485804,-0.9355021135716206,-0.8738306107255054,-0.1499063377991721,-0.4022862772523271,1.0518096105286696,1.202301087819943,0.26571106018568164,0.7977377855724745
2711,-0.09474571605624751,-0.6764276484550528,-0.7073480754551511,1.2061505237872954,-0.6632202201914325,-0.1499063377991721,1.7371452881350489,-1.7332291697284972,-1.8920389824452761,0.24004598763490856,0.6641076264910962
1655,-0.13047505939326343,-0.6764276484550528,-0.8424699329548491,-0.9783351663187904,-0.8631667934832741,-0.1499063377991721,-0.4022862772523271,1.3967775573790044,1.591362104634345,-0.5427387251636692,0.7638848119385252
1092,-0.08365729915855248,-0.6764276484550528,-0.7917992363924622,0.8634861018098761,-0.7625270182597139,-0.1499063377991721,1.7371452881350489,-1.8633711688059347,-2.0875967397722883,0.24004598763490856,0.7505217960303875
3747,0.17260833581038967,-0.6764276484550528,-0.7495736559238066,0.6493208380739814,-0.7242039250454441,-0.1499063377991721,-0.6400008956287022,0.645619934534864,0.6864431349941672,-0.4721597756490431,0.7389405155766677
2707,-0.09474571605624751,-0.6764276484550528,-0.7326834237363443,0.9491522073042309,-0.7015433134057018,-0.1499063377991721,1.7371452881350489,-1.7152659078840058,-1.8917726586512509,-1.8709062296661736,0.7790295633010815
1926,0.5890399926349205,1.557420109950948,1.420821180165096,0.4351555743380868,1.423222272108935,-0.1499063377991721,-0.6400008956287022,-0.043582764804806044,-0.16199961645813662,-0.9533798859760376,-1.3719705640455055
1304,0.5890399926349205,1.557420109950948,1.4630467606337516,0.0924911523606676,1.4505483037921532,-0.1499063377991721,-0.6400008956287022,-0.1341322683882627,-0.22146591503831564,0.0411416753664175,-1.4775383897197947
2597,0.2416029298404898,-0.6764276484550528,-0.8931406295172359,-0.6785037970885409,-0.9064885510298396,-0.1499063377991721,1.7371452881350489,-1.5345334978975922,-1.7905696169217076,1.3885579842820017,1.156757479637778
1324,0.5890399926349205,1.557420109950948,1.5643881537585254,-0.5500046388470163,1.5191966272890187,-0.1499063377991721,1.7371452881350489,-1.0414602901253285,-0.8039921450838181,-0.1320975643513005,-1.3929059556349215
1311,0.5890399926349205,1.557420109950948,1.3701504836027087,-0.29300632236393664,1.3435768870810176,-0.1499063377991721,-0.4022862772523271,-0.06777817871779447,-0.17588650000373185,0.0411416753664175,-1.4490306224491007
1395,0.3906805347983834,1.557420109950948,1.3279249031340532,-0.5071715860998313,1.29025780086986,-0.1499063377991721,-0.6400008956287022,0.015439381255665713,-0.1191214856200933,-1.3447722423753266,-1.3853335799536435
1790,0.5804156683811588,0.812804190482281,1.201248161728086,0.47798862708527184,1.2079464615313853,-0.1499063377991721,-0.4022862772523271,0.05246569648614795,-0.09085311719714194,-0.9212985452875713,-1.447248886994682
1084,-0.29926540550261455,-0.6764276484550528,-0.6735676110802266,1.1633174710401255,-0.6305622798870982,-0.1499063377991721,-0.6400008956287022,1.0316467656011792,1.0693294220888325,-1.2292794158968476,0.38838406491985167
2842,0.2416029298404898,-0.6764276484550528,-0.8846955134235049,-0.20734021686958184,-0.8848276722565566,-0.1499063377991721,-0.6400008956287022,0.36187371682799985,0.410710679464726,1.0420795048465656,1.2235725591784672
2252,0.0654203057993411,-0.6764276484550528,-0.7749090042049999,1.0776513655457556,-0.738200185175873,-0.1499063377991721,-0.6400008956287022,0.3717718407014951,0.3887579895857987,-0.4208296305474973,0.7046421080791148
1329,-0.09474571605624751,-0.6764276484550528,-0.6904578432676888,0.8634861018098761,-0.6562220901262177,-0.1499063377991721,-0.6400008956287022,0.9440300394617213,0.9861603058404184,-1.1009540531429827,0.5897201712691289
1654,-0.13047505939326343,-0.6764276484550528,-0.8931406295172359,-1.4494987465377647,-0.9311486284024999,-0.1499063377991721,-0.4022862772523271,1.0455774584601727,1.223873315135977,0.26571106018568164,0.7362679123950407
1659,-0.13047505939326343,-0.6764276484550528,-0.7411285398300756,-1.0640012718131604,-0.7705248811913874,-0.1499063377991721,-0.6400008956287022,0.3585743422035015,0.3811867845842276,1.0420795048465656,0.8017466903449161
468,0.17630447477628802,-0.6764276484550528,-0.7073480754551511,-0.33583937511112166,-0.7112073977814743,-0.1499063377991721,-0.6400008956287022,0.48175099485144246,0.5033533135291763,1.3243953029050692,0.6044194887680804
1921,0.5804156683811588,0.812804190482281,1.260363974384204,0.34948946884373205,1.2652644792083798,-0.1499063377991721,-0.4022862772523271,-0.060812832288297786,-0.16941863643455052,1.4527206656589347,-1.4891196701735139
1920,0.5804156683811588,0.812804190482281,1.201248161728086,0.4351555743380868,1.2106124158419427,-0.1499063377991721,-0.4022862772523271,-0.06301241537129675,-0.16953277520341842,1.4527206656589347,-1.5862242524393158
1313,0.5890399926349205,1.557420109950948,1.4123760640713643,-0.16450716412241204,1.3852324231834845,-0.1499063377991721,-0.4022862772523271,-0.031485057848311834,-0.15305874623015067,-0.42724589868519036,-1.4098324424518962
1380,0.3906805347983834,1.557420109950948,1.1336872329782375,-0.20734021686958184,1.1129718392177608,-0.1499063377991721,1.7371452881350489,-1.0931504925758035,-0.8811119065822334,-0.1320975643513005,-1.3412356274567885
1793,0.5804156683811588,0.812804190482281,1.192803045634355,0.47798862708527184,1.2049472629320075,-0.1499063377991721,-0.4022862772523271,0.05246569648614795,-0.09085311719714194,-1.2421119521722344,-1.5425717338060654
1095,-0.3460831657373255,-0.6764276484550528,-0.6482322627990329,0.2209903106021922,-0.6362274327970338,-0.1499063377991721,1.7371452881350489,-1.7475264597679903,-1.894169572797477,0.7854287793388356,0.687270187398535
1789,0.22805042029886224,1.557420109950948,1.4039309479776334,1.2489835765344803,1.451214792369792,-0.1499063377991721,-0.4022862772523271,-0.06667838717629498,-0.17778881281819695,0.10530435674335015,-1.4641753738116567
