nr,taverage,waverage,area,Lnominal,R-value1,Fmax,smax,smean
1829,0.11674820502512097,0.09427911441370147,0.11465915889064898,-0.12144980240407999,-0.15367040273763882,0.7859646335859716,0.7268447594346062,0.6662619247618509
1859,-0.040461593267044835,-5.030732203617057,-4.009041181264576,-0.9201138271781144,-0.15367040273763882,-1.0095382584800008,0.8374951531864196,0.7535788339494285
403,-0.5496846355612313,0.14304561917305098,-0.23660865766099748,-0.787003156382442,-0.5923173362235908,-1.0235534588517212,-1.0173318006983325,-1.7708429348416992
1690,-0.44715650624025327,0.20922873277502546,-0.12631296099631695,-0.8099532720368683,4.232798932121882,-0.6731734495587084,-0.6759406102257973,-0.3076967401688355
986,-0.17374816138431406,0.257995237534375,0.07070072906052277,-0.8099532720368683,-0.15367040273763882,1.2204358451093074,1.1846177778264768,1.0275017154227062
2540,-0.7376528726496883,0.47047786541439673,-0.16108008277105237,1.3014573681703492,-0.15367040273763882,1.5957317661742676,1.6660582478983514,1.4074180661840123
1067,-0.31045233381228365,0.20574541100649998,-0.05078438610637182,-0.8099532720368683,-0.5923173362235908,-1.1294460838824982,-1.1629776571906643,-1.7708429348416992
989,-0.1908361829378114,0.23012866338617471,0.04192793862625823,-0.8099532720368683,-0.15367040273763882,1.1717719549297223,1.1502291728213427,1.00036483322547
539,-0.15666013983081825,0.21967869808059948,0.05231811294974343,-0.8099532720368683,-0.5923173362235908,-1.3241016446008387,-1.3778052955168538,-1.7708429348416992
701,-0.1395721182773224,0.20574541100649998,0.05231811294974343,-0.8099532720368683,-0.15367040273763882,1.1869550886657527,1.1602086111365584,1.008239850019962
2285,-0.9427091312916427,0.27889516814552423,-0.3668854587939173,1.3014573681703492,-0.15367040273763882,1.5661441209450797,1.797476661927775,1.5111235238358032
1688,-0.3958924415797643,0.188328802163875,-0.11192656577918411,-0.8099532720368683,4.232798932121882,-0.344205551944713,-0.3388648525382198,-0.015102619552400205
519,-0.43006848468675746,0.20922873277502546,-0.1163224087621973,-0.8099532720368683,-0.15367040273763882,1.124665309235884,1.184550349189212,1.0274485058497704
2181,-0.25918826915179466,0.2545119157658495,0.008759305208981636,-0.8099532720368683,-0.3291291761320197,-0.31967895129420226,-0.35255286590300855,-0.8196473252129297
373,-0.532596614007734,0.08034582733960197,-0.27377351197192284,-0.8099532720368683,-0.15367040273763882,1.0250016621480937,1.1644566152842513,1.0115920531149147
3215,-0.4642445277937491,0.27889516814552423,-0.08874848459602602,-0.8099532720368683,-0.15367040273763882,0.6520416078117535,0.6822070015651971,0.6310371874783796
2734,-0.48133254934724645,0.1709121933212512,-0.1754664779881852,-0.8099532720368683,-0.3291291761320197,-1.6818785652011483,-1.7179827705186197,-1.4661436363823792
3178,0.8173570887184648,0.2754118463769987,0.6749293281800792,1.3014573681703492,-0.10980570938904363,-1.26998739872114,-1.409631612305919,-0.9445674395942067
3199,0.7831810456114716,0.28934513345109947,0.6665372643034184,1.3014573681703492,-0.10980570938904363,-1.2684301542353933,-1.407136752727115,-0.9424018099757214
1115,0.6806529162904952,0.1325956538674757,0.4767167718551451,1.3014573681703492,-0.15367040273763882,2.4054988987625636,2.1145261143476572,1.761314935779734
2891,-0.37880442002626846,0.21271205454354972,-0.08075604280873076,-0.8099532720368683,-0.15367040273763882,0.9658263716897177,1.0021558853874726,0.8835166110585476
2612,-0.9085330881846511,0.06989586203402672,-0.4999596145523915,-0.8099532720368683,-0.5923173362235908,-1.4424522255175898,-1.4216339097390833,-1.7708429348416992
2148,-0.532596614007734,0.25102859399732397,-0.1530876409837571,-0.8099532720368683,4.232798932121882,-0.5680594467708044,-0.5617164986989406,-0.20854602196034552
837,-0.44715650624025327,0.23361198515470022,-0.10793034488553647,-0.8099532720368683,-0.5923173362235908,-0.9943551247439701,-1.0129489392761095,-1.7708429348416992
2291,-0.3958924415797643,0.21271205454354972,-0.09354394966840364,-0.8099532720368683,-0.3291291761320197,-1.3155367999292318,-1.347529837384883,-1.2907436001569494
3253,0.1338362265786168,0.05247925319140296,0.09068183352876207,1.3014573681703492,-0.15367040273763882,0.7855753224645348,0.7757305214517083,0.7048388651402748
606,-0.17374816138431406,0.05247925319140296,-0.0871499962385672,-0.12144980240407999,-0.15367040273763882,1.3714885602267393,1.4236522969307903,1.2161296514799658
995,-0.08830805361683344,0.22664534161765046,0.09667616486923407,-0.8099532720368683,-0.15367040273763882,0.6824078752838146,0.6308938086065564,0.5905447024742686
3820,2.0476946405701897,0.21271205454354972,1.3442963278660955,1.3014573681703492,-0.10980570938904363,-1.3120329998363016,-1.5238557238327752,-1.0437181578026966
3434,2.7653915458170295,0.1709121933212512,1.725535801120101,1.3014573681703492,-0.15367040273763882,0.8992541699240456,0.23495285058666146,0.2780980901955023
3174,-0.6693007864357035,0.042029287885827715,-0.3816714761004146,1.3014573681703492,-0.10980570938904363,-1.6670847425865547,-1.6813690204837417,-1.1804454764184185
2186,-0.29336431225878784,0.16394554978420023,-0.08635075205983836,-0.8099532720368683,-0.10980570938904363,-0.5727311802280448,-0.5851816644671497,-0.22891464648015322
2564,1.005325325806922,0.44261129126619647,1.1205079578218158,1.3014573681703492,-0.15367040273763882,1.1324515316646173,0.7112687442263985,0.653970513413691
3176,-0.9085330881846511,0.03157932258025247,-0.5275335387185617,1.3014573681703492,-0.10980570938904363,-1.298407110586018,-1.2583891789205948,-0.813283460289813
3030,-0.43006848468675746,-0.17045333999419404,-0.40964502235594913,1.3014573681703492,-0.15367040273763882,-0.4757927109903112,-0.38714375681993735,-0.21281342970979336
1116,0.5781247869695173,0.14304561917305098,0.4271636327739124,1.3014573681703492,-0.15367040273763882,1.9130203301451627,1.6731382548111735,1.4130050713422673
2283,-0.9768851743986359,0.2475452722287997,-0.4064480456410315,1.3014573681703492,-0.15367040273763882,1.6105255887888614,1.8721875920173603,1.5700797306486223
2443,-0.5838606786682229,0.23709530692322447,-0.1910517394734113,-0.8099532720368683,-0.15367040273763882,1.9819283986394551,2.119785548054325,1.765465282468723
3224,1.9793425543562035,-0.034603791021720794,1.076949150081054,1.3014573681703492,-0.15367040273763882,0.8338499015226835,0.3914547176786531,0.4015975089793946
3247,3.3292962570824036,0.10472907971927671,1.9924833568157783,1.3014573681703492,-0.15367040273763882,0.2553335750677752,-0.35093457860864924,-0.18423988904329172
2168,-0.1908361829378114,0.19877876746945022,0.003564218047238466,-0.8099532720368683,-0.5923173362235908,-0.5057696673409354,-0.5395324770387662,-1.7708429348416992
3840,0.25345237745309057,0.2754118463769987,0.3364494184881056,1.3014573681703492,-0.10980570938904363,-0.08842814516081363,0.14614933530869792,0.40590748438719093
3672,-0.6009487002217186,0.20574541100649998,-0.21942490781831142,-0.8099532720368683,-1.2502877364525191,-0.6961428057234724,-0.6761745376999152,-0.9728739509986665
2439,-0.41298046313326164,0.16394554978420023,-0.14069935621344865,-0.8099532720368683,-0.15367040273763882,1.1176577090500235,1.1902143547194695,1.0319181099763743
1293,-0.1224840967238266,0.2649618810714247,0.1086648275501781,-0.2132502650217851,-0.10980570938904363,-0.43997608781813646,-0.49968215241516967,-0.15469793414935923
3845,-0.6009487002217186,0.17439551508977547,-0.24420147735892833,1.3014573681703492,-0.10980570938904363,0.7645525219069542,0.8736369027604428,1.0373933750314643
2138,-0.5496846355612313,0.21967869808059948,-0.18425816395421044,-0.8099532720368683,-0.15367040273763882,0.711995520513002,0.7870585325122231,0.7137780733934821
2543,0.355980506774067,0.04551260965435197,0.7172892696527466,1.3014573681703492,-0.15367040273763882,0.7703921887285041,0.6693955604848533,0.6209273686205858
3167,-0.6693007864357035,-0.06943700870697078,-0.46479287068829056,1.3014573681703492,-0.10980570938904363,-1.3100864442291182,-1.2821240592378635,-0.8338862069305382
3061,-0.1395721182773224,0.08034582733960197,-0.05438098491065503,-0.8099532720368683,-0.10980570938904363,-1.0325076146447647,-1.063655274499366,-0.6442472889874996
2567,1.005325325806922,0.4565445783402972,1.1372920855751363,1.3014573681703492,-0.15367040273763882,0.980620194304312,0.5711520359897942,0.5434010208531876
1940,-0.22501222604480303,0.07337918380255222,-0.10033752518760564,-0.2132502650217851,-0.10980570938904363,-0.4964262004264553,-0.49968215241516967,-0.15469793414935923
2793,-0.1908361829378114,0.04551260965435197,-0.1083299669749009,-0.8099532720368683,-0.15367040273763882,0.48580575895829037,0.5185576989231188,0.501897553963297
2309,-0.25918826915179466,0.22316201984912498,-0.0040286016506923756,-0.8099532720368683,-0.10980570938904363,-1.010316880722874,-1.050102118409107,-0.6324826524114038
2150,-0.41298046313326164,0.24406195046027424,-0.0847522637023784,-0.8099532720368683,4.232798932121882,-0.37807561950970436,-0.3835026104076289,-0.053849830564218486
3849,0.11674820502512097,0.20922873277502546,0.2053733731764558,1.3014573681703492,-0.10980570938904363,0.2152345295597976,0.1278087459726267,0.3899871801648126
2547,0.2876284205600822,0.05247925319140296,0.700505141899426,1.3014573681703492,-0.15367040273763882,0.9884064167330457,0.8979786408130961,0.8013078208728025
2173,-0.8743570450776579,0.1848454803953507,-0.40604842355166704,-0.8099532720368683,-0.3291291761320197,-1.2306669754560353,-1.2069411286874239,-1.2241784244143172
2558,-0.25918826915179466,0.36597821235864797,0.876338861219931,1.3014573681703492,-0.15367040273763882,0.7431404102279364,0.6863201484383602,0.6342829714274608
1186,-0.5496846355612313,0.10124575795075122,-0.26817880272081523,-0.2132502650217851,-0.10980570938904363,0.22224212974565757,0.31000092386257133,0.5481366728444705
2557,0.5952128085230146,0.4530612565717717,1.0489756038255194,1.3014573681703492,-0.15367040273763882,0.8132164120865394,0.5130959793046563,0.4975875785555007
2287,-0.9939731959521317,0.1709121933212512,-0.476381911279869,-0.8099532720368683,-0.3291291761320197,-0.9122104781208304,-0.8443773461136884,-1.0525137002089773
2185,-0.7718289157566814,0.20922873277502546,-0.3277224940361687,-0.8099532720368683,-0.10980570938904363,-0.11334405693276123,-0.026130832903296153,0.2563619796512459
2137,-0.7889169373101773,0.1674288715527257,-0.3660862146151885,-0.8099532720368683,-0.15367040273763882,1.303748425096757,1.5136020990422585,1.287111221776266
2275,1.1249414766813957,0.4565445783402972,1.0174054587657004,1.3014573681703492,-0.15367040273763882,0.7042092980842682,0.29712205414496257,0.3271573164422706
2159,-0.6863888079891993,0.17787883685830097,-0.30094781404872745,-0.8099532720368683,-0.5923173362235908,-1.1154308835107778,-1.103438170485697,-1.7708429348416992
2284,-0.8572690235241621,0.22664534161765046,-0.35289868566615,1.3014573681703492,-0.15367040273763882,1.751845525870377,1.9889065631230212,1.6621855014004183
2164,-0.29336431225878784,0.20226208923797573,-0.05398136282129061,-0.8099532720368683,-0.5923173362235908,-1.1123163945392842,-1.1462553551489523,-1.7708429348416992
2272,0.9369732395929371,0.47047786541439673,0.9123048492627619,1.3014573681703492,-0.15367040273763882,1.067047263263255,0.659550979444168,0.6131587709719654
1861,-0.06609362559728857,-5.0394405080383695,-4.022228710213613,-0.9201138271781144,-0.15367040273763882,-1.1138736390250312,0.5915829130810795,0.559523521452722
1276,-0.8060049588636731,0.17787883685830097,-0.3608911274534453,-0.2132502650217851,-0.10980570938904363,-1.432330136360236,-1.431006490318914,-0.9631216176769053
1680,-0.532596614007734,0.188328802163875,-0.1922506057415057,-0.8099532720368683,4.232798932121882,-0.11373336805419783,-0.07265659261612462,0.21597591379300574
2545,0.30471644211357807,0.06292921849697697,0.7500582809806587,1.3014573681703492,-0.15367040273763882,0.9027579700169759,0.8054665504855596,0.7283042868049439
2370,-0.24210024759829887,0.21619537631207522,-3.238075704360772e-05,-0.8099532720368683,-0.15367040273763882,1.29401564706084,1.2962121725000002,1.1155635586313848
629,-0.23355623682155097,-5.004955622529972,-4.035016617073287,-0.9201138271781144,-0.15367040273763882,-1.0235534588517212,0.8319660049306923,0.7492156489686964
1572,-0.8230929804171689,0.10124575795075122,-0.42722839428799964,1.3014573681703492,-0.15367040273763882,1.1546422655865083,1.3902751214846307,1.1897909128767656
3838,0.014220075704143008,0.16046222801567597,0.10586747292462374,1.3014573681703492,-0.10980570938904363,0.31956991010482777,0.2629357350516236,0.507282362744396
1180,-0.7889169373101773,0.1709121933212512,-0.3560956623810688,-0.2132502650217851,-0.10980570938904363,-0.8320123871048741,-0.7863887180658156,-0.40356974868448264
2373,-0.1908361829378114,0.20574541100649998,0.021946834158018933,-0.8099532720368683,-0.15367040273763882,1.2776645799604993,1.268027002123243,1.0933219571442379
1182,-0.8060049588636731,0.10124575795075122,-0.41723784205388,-0.2132502650217851,-0.10980570938904363,-0.46450268846864745,-0.3723768852589093,-0.044192293076378876
3246,4.337489528738678,0.02112935727467846,2.489213613896207,1.3014573681703492,-0.15367040273763882,0.6064922066036618,-0.1967252851836664,-0.06254959573921504
702,-0.1395721182773224,0.20574541100649998,0.05231811294974343,-0.8099532720368683,-0.5923173362235908,-1.5187572053191791,-1.5745620590560319,-1.7708429348416992
2371,-0.3958924415797643,0.23709530692322447,-0.07476171146825875,-0.8099532720368683,-0.15367040273763882,1.227832756416604,1.2689710030449524,1.0940668911653384
2307,-0.29336431225878784,0.1325956538674757,-0.096341304293958,-0.8099532720368683,-0.10980570938904363,-1.0231641477302846,-1.0454495424378243,-0.6284440458255797
2299,-0.25918826915179466,0.22664534161765046,-0.002430113293232414,-0.8099532720368683,-0.5923173362235908,-1.422597358324319,-1.4705871003934503,-1.7708429348416992
632,-0.16178654629686728,-4.991718999809578,-4.0078423149964815,-0.9201138271781144,-0.15367040273763882,-0.950362968021625,0.9821970087570417,0.8677665774695633
708,-0.31045233381228365,0.20574541100649998,-0.048386653570183014,-0.8099532720368683,-0.15367040273763882,1.229390000902351,1.2560921333273436,1.083903862734609
3431,3.0217118691194726,0.10821240148780222,1.8238428351038385,1.3014573681703492,-0.15367040273763882,0.32190577683344795,-0.25815277373205275,-0.1110235166836899
634,-0.10368727301498058,-4.981617366680855,-3.9858631000814184,-0.9201138271781144,-0.15367040273763882,-0.9449126123215115,0.9701947113238776,0.8582952734869986
2454,-0.10539607517032926,0.2545119157658495,0.09747540904796406,-0.8099532720368683,-0.10980570938904363,-0.1016647232896609,-0.158897819678019,0.1411153656296895
3029,-0.24210024759829887,-0.29585292366109206,-0.39605787131754744,1.3014573681703492,-0.15367040273763882,-0.5026551783694421,-0.42045350362883177,-0.23909895874005738
3839,0.25345237745309057,0.12214568856190171,0.21896052421485865,1.3014573681703492,-0.10980570938904363,-0.5731204913494814,-0.6600948804685296,-0.29394206556494207
2447,-0.8572690235241621,0.12562901033042598,-0.43442159189656604,-0.8099532720368683,0.06565306400533723,-0.5711739357422978,-0.48478042357961176,0.450630130439695
3159,-0.6522127648822077,0.1709121933212512,-0.2757716224187461,-0.8099532720368683,0.06565306400533723,-0.059619122174499446,0.014056634906624904,1.0410967613077926
1117,0.2705403990065864,0.17787883685830097,0.2693129074748213,1.3014573681703492,-0.15367040273763882,2.2532782502808217,2.096590096835175,1.7471611893788221
988,-0.4642445277937491,0.23709530692322447,-0.11232618786854853,-0.8099532720368683,-0.15367040273763882,1.0904059305494558,1.1469251695953602,0.9977575641516184
710,0.03130809725764035,0.20574541100649998,0.15302287946966875,-0.8099532720368683,-0.15367040273763882,0.8062088119006788,0.7298790481115301,0.6686563555439602
1938,-0.20792420449130722,0.10124575795075122,-0.06916700221715229,-0.2132502650217851,-0.10980570938904363,0.32696682141212463,0.33892780924924293,0.5732462703128538
2286,-0.8743570450776579,0.17787883685830097,-0.40125295847928943,-0.8099532720368683,-0.3291291761320197,-0.7401349624458174,-0.6759406102257973,-0.9727631922928646
3435,1.8255503603747396,0.08731247087665171,1.104523074247224,1.3014573681703492,-0.15367040273763882,0.8708344580591677,0.4143804543487426,0.4196887637775522
3165,-0.48133254934724645,0.10124575795075122,-0.22821659378433667,-0.8099532720368683,0.06565306400533723,-0.930897411949791,-0.9213808498702822,-0.06616784669884657
3451,2.2698389207656415,0.017646035506152964,1.2951428108742273,1.3014573681703492,-0.15367040273763882,1.0308413289696436,0.4856525239378142,0.4759312823706475
3028,-0.6693007864357035,-0.4595690467817655,-0.7553181296564891,1.3014573681703492,-0.15367040273763882,-0.663829982644228,-0.4897027140999542,-0.2937451901450799
3834,1.8084623388212437,0.24406195046027424,1.2403945846312514,1.3014573681703492,-0.10980570938904363,-1.0017520360512668,-1.245638423613789,-0.8022153370234463
536,-0.1395721182773224,0.20922873277502546,0.05511546757529666,-0.8099532720368683,-0.5923173362235908,-0.9347905231641579,-0.9848311975366177,-1.7708429348416992
1824,-0.15666013983081825,0.03506264434877796,-0.09074659504285042,-0.12144980240407999,-0.15367040273763882,0.7073237870557623,0.7403979155248648,0.676957048921938
498,-0.1395721182773224,0.21967869808059948,0.06310790936259192,-0.8099532720368683,-0.15367040273763882,1.0471923960699843,1.0136187537225172,0.8925622384576263
3123,-0.5155085924542381,0.18136215862682523,-0.19265022783087127,1.3014573681703492,-0.10980570938904363,-0.11684785702569149,-0.07582573856757793,0.21322497887222713
2165,-0.25918826915179466,0.19877876746945022,-0.028805171191308144,-0.8099532720368683,-0.5923173362235908,-0.7790660745894855,-0.8093818833731697,-1.7708429348416992
730,-0.6522127648822077,0.24057862869174998,-0.2238207508013246,-0.8099532720368683,-0.15367040273763882,1.2196572228664342,1.3426705035755633,1.1522249543841214
2568,-0.48133254934724645,0.2963117769881492,0.678126304894998,1.3014573681703492,-0.15367040273763882,0.7976439672290719,0.8291340021655634,0.7469808469053946
3217,-0.20792420449130722,0.20574541100649998,0.006761194762157252,-0.8099532720368683,-0.15367040273763882,0.5570496941812029,0.5428994369757725,0.5211062097931054
3441,2.440719136300603,0.14304561917305098,1.5105391170418463,1.3014573681703492,-0.15367040273763882,0.6555454079046832,0.09915157513501512,0.17093401030288743
736,-0.48133254934724645,0.20574541100649998,-0.14909142009010948,-0.8099532720368683,-0.15367040273763882,0.8167202121794691,0.8815260533204438,0.7883246850764778
2161,-0.41298046313326164,0.22664534161765046,-0.1059322344387121,-0.8099532720368683,-0.5923173362235908,-0.7747836522536821,-0.7880744339974398,-1.7708429348416992
1185,-0.7205648510961925,0.06641254026550246,-0.393260516691993,-0.2132502650217851,-0.10980570938904363,0.15138750564418166,0.2857266144471829,0.5270656819619105
1277,-0.7034768295426966,0.1325956538674757,-0.33411644746600516,-0.2132502650217851,-0.10980570938904363,-1.120102616968018,-1.1004038818087736,-0.6761464279624861
3710,-0.48133254934724645,0.24406195046027424,-0.11991900756647937,-0.8099532720368683,-0.15367040273763882,2.086263779184485,2.1836123241796277,1.8158325394273325
706,-0.1395721182773224,0.24057862869174998,0.07949241502654801,-0.8099532720368683,-0.15367040273763882,1.2025275335232202,1.1619617557054474,1.0096232989162917
3194,-0.43006848468675746,0.257995237534375,-0.07915755445127194,1.3014573681703492,-0.10980570938904363,-1.0052558361441972,-1.0299409558668817,-0.6149820238728332
833,-0.48133254934724645,0.1674288715527257,-0.17826383261373843,-0.8099532720368683,-0.5923173362235908,-1.1691558182690398,-1.1815205324385307,-1.7708429348416992
699,-0.1395721182773224,0.1709121933212512,0.02514381087293772,-0.8099532720368683,-0.5923173362235908,-1.3241016446008387,-1.3738944345554855,-1.7708429348416992
3458,3.4660004295103732,0.35901156882159824,2.3325617548652104,1.3014573681703492,-0.15367040273763882,0.5854694060460808,-0.1755526930824664,-0.045841789837387355
840,-0.34462837691927684,0.22316201984912498,-0.05518022908938501,-0.8099532720368683,-0.5923173362235908,-1.0827287493100965,-1.1142267524480922,-1.7708429348416992
1071,-0.17374816138431406,0.20226208923797573,0.027141921319760967,-0.8099532720368683,-0.5923173362235908,-1.3241016446008387,-1.3741641491045455,-1.7708429348416992
2176,-0.4642445277937491,0.25102859399732397,-0.11752127503029057,-0.8099532720368683,-0.3291291761320197,-1.2267738642416686,-1.252994887939397,-1.2459837074033906
2180,-0.32754035536577947,0.2475452722287997,-0.03439988044241574,-0.8099532720368683,-0.3291291761320197,-0.7829591858038524,-0.813023029785478,-1.037668229359901
1670,-0.532596614007734,0.23709530692322447,-0.1554853735199459,-0.8099532720368683,-0.5923173362235908,-0.6813489831088787,-0.6769520397847717,-1.7708429348416992
3255,-0.002867945849352813,0.06641254026550246,0.023944944604843317,1.3014573681703492,-0.15367040273763882,0.7855753224645348,0.7677065136171771,0.6985069259609197
3463,2.321102985426129,-0.031120469253196534,1.275960950584717,1.3014573681703492,-0.15367040273763882,1.1546422655865083,0.5986629199939012,0.5651105266109765
688,-0.48133254934724645,0.20574541100649998,-0.14909142009010948,-0.8099532720368683,-0.15367040273763882,0.8108805453579192,0.875322618692067,0.7834294043663883
3853,0.23636435589959323,0.2754118463769987,0.3292562208795392,1.3014573681703492,-0.15367040273763882,1.2858401135106698,1.119144571042193,0.9758352201020865
3512,-1.0452372606126208,0.36249489059012246,-0.3686637770915906,1.3014573681703492,-0.10980570938904363,-0.5314642013557566,-0.45973186483682804,-0.12001961927275842
1275,-0.8060049588636731,0.18136215862682523,-0.3584933949172565,-0.2132502650217851,-0.10980570938904363,0.49631715923708114,0.6424241055788659,0.8366921868750813
631,-0.17374816138431406,-5.022372231372597,-4.034616994983923,-0.9201138271781144,-0.15367040273763882,-0.8927449220489965,1.1598714679502338,1.0079738021552835
544,-0.15666013983081825,0.21967869808059948,0.056314333843391066,-0.8099532720368683,-0.5923173362235908,-1.5966194296065153,-1.6536558505678396,-1.7708429348416992
3446,1.6375821232862808,0.05247925319140296,0.9618579883439957,1.3014573681703492,-0.15367040273763882,0.27479913113960924,-0.06658801526227721,0.04014488002679637
1129,1.6204941017327852,0.27889516814552423,1.1572731900433755,1.3014573681703492,-0.15367040273763882,1.2998553138823905,0.7691899436370065,0.6996775365655065
3124,-0.6522127648822077,0.39384478650684696,-0.11472392040473733,1.3014573681703492,-0.10980570938904363,-0.9854009689509263,-1.0022952145882444,-0.5909845064788067
1126,1.398349821537335,0.16394554978420023,0.9186988026925984,1.3014573681703492,-0.15367040273763882,0.41144733476388445,0.06887611700304422,0.1470429120547324
1121,1.1078534551278998,0.17787883685830097,0.760448455304144,1.3014573681703492,-0.15367040273763882,0.8431933684371636,0.5153211243344001,0.4993434944623806
2601,-0.8230929804171689,0.16394554978420023,-0.35569604029170326,-0.8099532720368683,-1.2502877364525191,-0.32824379596580916,-1.5113814259387564,-0.7645434914806595
3461,2.7995675889240212,0.14652894094157645,1.7259354232094666,1.3014573681703492,-0.15367040273763882,0.9510325490751241,0.27682603432820674,0.3111412349886074
527,-0.44715650624025327,0.2475452722287997,-0.09714054847268686,-0.8099532720368683,-0.15367040273763882,1.4516866512426956,1.5123883835714886,1.286153449463422
2135,-0.6693007864357035,0.1534955844786262,-0.3089402558360238,-0.8099532720368683,-0.15367040273763882,0.43558462429295886,0.552272017555603,0.5285023404311756
3200,0.9198852180394412,0.2963117769881492,0.753654879784942,1.3014573681703492,-0.10980570938904363,-0.5443114683631669,-0.7542926867276905,-0.3757092162953202
3842,0.21927633434609742,0.2545119157658495,0.30168229671336905,1.3014573681703492,-0.10980570938904363,-0.09271056749661709,-0.21128987083289974,0.09563714364149739
2805,-0.07122003206333762,0.14304561917305098,0.03833133982197502,-0.8099532720368683,4.232798932121882,-0.24454190485692284,-0.284921942726245,0.03172180463106617
1944,-0.15666013983081825,0.09776243618222696,-0.04199270014034658,-0.2132502650217851,-0.10980570938904363,-1.069881482302686,-1.103640456397492,-0.6789558934134939
2445,-0.6693007864357035,0.14652894094157645,-0.3221277847850611,-0.8099532720368683,0.06565306400533723,-0.13086305739741197,-0.05020285640689023,0.9650336767961273
2566,0.9540612611464344,0.446094613034722,1.1161121148388025,1.3014573681703492,-0.15367040273763882,1.0818410858778489,0.6748572801033157,0.6252373440283822
533,-0.48133254934724645,0.20574541100649998,-0.14909142009010948,-0.8099532720368683,-0.15367040273763882,1.0506961961629144,1.1250782911215103,0.980517662520433
515,-0.48133254934724645,0.24057862869174998,-0.12271636219203373,-0.8099532720368683,-0.15367040273763882,1.140237754093351,1.2041720826333175,1.0429324915740756
3465,0.5268607223090298,0.09776243618222696,0.3552316566882505,1.3014573681703492,-0.15367040273763882,-0.22468703766365192,-0.3552500113936072,-0.1876453017111801
3225,3.414736364849886,0.14304561917305098,2.083996815280314,1.3014573681703492,-0.15367040273763882,0.6746216528550809,-0.04487599406295758,0.05727836251211003
2890,-0.7376528726496883,0.20226208923797573,-0.3061429012104706,-0.8099532720368683,-0.15367040273763882,1.4688163405859096,1.655404523210487,1.3990109536601631
1862,0.04668731665578598,-5.063475428241191,-4.014635890515683,-0.9201138271781144,-0.15367040273763882,-1.0379579703448782,0.772561375500255,0.7023380152122943
4000,-0.32754035536577947,0.3137283858307742,0.0019657296897796404,1.3014573681703492,-0.10980570938904363,0.244822174788985,0.22699627138939515,0.47608559013216123
2155,-0.1395721182773224,0.19181212393240046,0.033136252660232984,-0.8099532720368683,4.232798932121882,-0.3897549531528047,-0.4303655133067823,-0.09452854907360506
3671,-0.8743570450776579,0.24057862869174998,-0.35529641820233887,-0.8099532720368683,-1.2502877364525191,-0.5719525579851713,-0.507245665811509,-0.8928904292106212
2298,-0.34462837691927684,0.23361198515470022,-0.04798703148081859,-0.8099532720368683,-0.5923173362235908,-1.421429424960009,-1.4633722362060988,-1.7708429348416992
2554,0.5781247869695173,0.47396118718292096,1.1033242079791297,1.3014573681703492,-0.15367040273763882,0.8132164120865394,0.5129611220301264,0.4974811594096292
2450,-0.7376528726496883,0.04899593142287747,-0.42123406294752874,-0.8099532720368683,-0.10980570938904363,-0.5960898475142454,-0.5153255962606423,-0.16827701716256427
538,-0.15666013983081825,0.20574541100649998,0.04312680489435263,-0.8099532720368683,-0.5923173362235908,-1.1294460838824982,-1.1794976733205815,-1.7708429348416992
2550,-0.002867945849352813,0.11169572325632647,0.6245769449201165,1.3014573681703492,-0.15367040273763882,0.6613850747262336,0.6246903739781792,0.5856494217641789
2629,-0.8230929804171689,0.16046222801567597,-0.383669586547239,-0.8099532720368683,-1.2502877364525191,-1.7025120546372925,-0.7561806885711095,-1.010754827368995
1689,-0.3958924415797643,0.20226208923797573,-0.10153639145570004,-0.8099532720368683,4.232798932121882,-0.014848343209280924,-0.0015193803015828228,0.27772562318495236
2613,-0.8230929804171689,0.03157932258025247,-0.47838002172669225,-0.8099532720368683,-0.5923173362235908,-1.1302247061253716,-1.0827375788453517,-1.7708429348416992
1064,-0.17374816138431406,0.21967869808059948,0.04072907235816382,-0.8099532720368683,-0.5923173362235908,-0.7401349624458174,-0.7848378594087212,-1.7708429348416992
3160,-0.7376528726496883,0.22316201984912498,-0.28736066301032454,-0.8099532720368683,0.06565306400533723,-0.04638254404565216,0.032329795605431214,1.0627264527061775
2448,-0.7376528726496883,0.1500122627101007,-0.3465047322363136,-0.8099532720368683,-0.10980570938904363,-0.5738991135923546,-0.5125610221327788,-0.1658772654231621
3193,-0.17374816138431406,0.21619537631207522,0.0403294502687994,1.3014573681703492,-0.10980570938904363,-1.011484814087184,-1.0595421276262027,-0.6406769266435104
2541,-0.9768851743986359,0.35552824705307273,-0.3656865925258229,1.3014573681703492,-0.15367040273763882,1.6424491007466695,1.8591738650252219,1.5598102830720215
3191,0.9027971964859455,0.2928284552196237,0.7404673508359046,1.3014573681703492,-0.10980570938904363,-1.2680408431139567,-1.4161721901206208,-0.9502449010264521
398,-0.5838606786682229,0.19181212393240046,-0.21982452990767584,-0.787003156382442,-0.15367040273763882,0.9159945481458232,1.0208336179098687,0.8982556627617523
607,-0.276276290705292,0.03854596611730222,-0.15708386187740472,-0.12144980240407999,-0.15367040273763882,1.350076448547722,1.4414534571687418,1.2301769787350054
1823,-0.15666013983081825,0.05247925319140296,-0.07715944400444756,-0.12144980240407999,-0.15367040273763882,0.797254656107635,0.8267065712240245,0.7450653022797072
528,-0.37880442002626846,0.21967869808059948,-0.07795868818317754,-0.8099532720368683,-0.15367040273763882,1.3115346475254908,1.3568979460384718,1.1634521742735662
516,-0.3958924415797643,0.2649618810714247,-0.05358174073192505,-0.8099532720368683,-0.15367040273763882,1.2180999783806872,1.2475286963946928,1.0771462469717679
2162,-0.32754035536577947,0.19877876746945022,-0.07196435684270552,-0.8099532720368683,-0.5923173362235908,-1.4261011584172494,-1.4655299525985777,-1.7708429348416992
3229,3.004623847565977,0.09427911441370147,1.7994658876525873,1.3014573681703492,-0.15367040273763882,0.6785147640694474,0.03489208382149998,0.12022528729511069
2437,-0.8572690235241621,0.28237848991404974,-0.3221277847850611,-0.8099532720368683,-0.15367040273763882,2.20539298234411,2.4518041579470293,2.027469219604391
1130,1.6546701448397767,0.22316201984912498,1.1292996437878409,1.3014573681703492,-0.15367040273763882,0.7797356556429849,0.32591408225710394,0.3498778040858388
3741,-0.41298046313326164,0.188328802163875,-0.12191711801330375,-0.8099532720368683,-0.10980570938904363,-0.5641663355564376,-0.5639199869989678,-0.2104587306222145
3455,4.217873377864205,0.055962574959927215,2.460440823461943,1.3014573681703492,-0.15367040273763882,0.19810484021658317,-0.49543414826747667,-0.2982680038446194
2846,-0.25918826915179466,0.23709530692322447,0.02514381087293772,-0.8099532720368683,0.7236234642342655,0.42779840186422513,0.4137061679760928,1.5141564694931415
2179,-0.36171639847277265,0.22316201984912498,-0.07076549057461112,-0.8099532720368683,-0.3291291761320197,-1.071049415666996,-1.1003364531715087,-1.173703823527458
2560,-0.24210024759829887,0.3764281776642232,0.9442746164119452,1.3014573681703492,-0.15367040273763882,0.8210026345152726,0.7581990757628168,0.6910043761769781
2151,-0.36171639847277265,0.22664534161765046,-0.07316322311079992,-0.8099532720368683,4.232798932121882,-0.22624428214939862,-0.231990462473245,0.07766827086109244
3735,-0.31045233381228365,0.22664534161765046,-0.032401769995591356,-0.8099532720368683,-0.5923173362235908,-1.1076446610820443,-1.1439638947287445,-1.7708429348416992
3438,1.9622545328027077,0.09079579264517722,1.1896425792819232,1.3014573681703492,-0.15367040273763882,0.7855753224645348,0.310810067509751,0.33795885974822915
522,-0.48133254934724645,0.22664534161765046,-0.1331065365155178,-0.8099532720368683,-0.15367040273763882,0.9494753045893777,1.011595894604568,0.8909659512695535
723,-0.31045233381228365,0.24057862869174998,-0.021611973582742864,-0.8099532720368683,-0.15367040273763882,1.3146491364969841,1.3291847761225697,1.14158303979697
1113,0.7660930240579759,0.16394554978420023,0.547849503762077,1.3014573681703492,-0.15367040273763882,2.3708502089546992,2.0383991828755073,1.7012413279352636
1701,0.11674820502512097,-5.0784537118458495,-4.009840425443306,-0.9201138271781144,-0.15367040273763882,-1.0017520360512668,0.8572517439050554,0.7691692388196054
689,-0.31045233381228365,0.20574541100649998,-0.048386653570183014,-0.8099532720368683,-0.5923173362235908,-1.6472298753932837,-1.6946524620249406,-1.7708429348416992
3837,1.9451665112492118,0.22316201984912498,1.2943435666954972,1.3014573681703492,-0.15367040273763882,0.539920004837989,0.06585531405357377,0.1446591231872106
2468,0.8344451102719607,0.4495779348032462,0.8339789197472636,1.3014573681703492,-0.15367040273763882,0.7941401671361417,0.4428353392745591,0.4421432035564416
2460,-0.8914450666311537,0.20574541100649998,-0.3984556038537351,-0.8099532720368683,-1.2502877364525191,-1.0321183035233281,-1.8141360072584645,-1.1229099652029841
2273,0.7831810456114716,0.47396118718292096,0.8179940361726731,1.3014573681703492,-0.15367040273763882,0.8431933684371636,0.4936091031350805,0.4822100119770669
2158,-0.7376528726496883,0.1500122627101007,-0.3465047322363136,-0.8099532720368683,-0.5923173362235908,-0.5147238231339792,-0.44944781765276826,-1.7708429348416992
2537,-0.7889169373101773,0.40429475181242225,-0.21502906483529938,1.3014573681703492,-0.15367040273763882,1.6774871016759705,1.8019943806245284,1.5146885652224993
1700,0.06548414036463199,-5.061037103003224,-4.008241937085846,-0.9201138271781144,-0.15367040273763882,-1.1290567727610616,0.5389885760144044,0.5180200545628316
2544,0.407244571434556,0.042029287885827715,0.7548537460530363,1.3014573681703492,-0.15367040273763882,0.5952021840819978,0.485787381212344,0.4760377015165189
1860,-0.07463763637403648,-5.052328798581912,-4.034217372894558,-0.9201138271781144,-0.15367040273763882,-1.0426297038021186,0.7833499574626497,0.7108515468820154
3456,4.1153452485432265,0.028096000811728212,2.372923585891055,1.3014573681703492,-0.15367040273763882,-0.21573288187060838,-0.7900972931153887,-0.5307938375738782
1858,0.0637753382092818,-5.042227165453189,-3.993455919779349,-0.9201138271781144,-0.15367040273763882,-1.0570342152952756,0.7023007354701578,0.6468936402132353
2438,-0.8230929804171689,0.303278420525199,-0.2841636862954069,-0.8099532720368683,-0.15367040273763882,2.290652117938743,2.5153893628878943,2.07764584688281
1684,-0.41298046313326164,0.23361198515470022,-0.08754961832793162,-0.8099532720368683,4.232798932121882,-0.5657235800421846,-0.5747976543283444,-0.21990094482483588
3847,-0.276276290705292,0.24057862869174998,0.0007668634216852371,1.3014573681703492,-0.10980570938904363,0.3433178885124653,0.328004370012318,0.5637643244157022
3034,-0.34462837691927684,-0.02763714748467104,-0.24739845407384597,1.3014573681703492,-0.15367040273763882,-0.40532739801027184,-0.3616557319337795,-0.1927002111400773
1574,-1.506613842557017,0.10124575795075122,-0.8252519952953267,1.3014573681703492,-0.15367040273763882,1.1281691093288138,1.6097553357821035,1.3629880727826555
2145,-0.7376528726496883,0.15697890624715047,-0.3465047322363136,-0.8099532720368683,4.232798932121882,-0.24181672700686607,-0.15674010328554006,0.142988342597028
715,-0.31045233381228365,0.24057862869174998,-0.021611973582742864,-0.8099532720368683,-0.15367040273763882,0.8062088119006788,0.8095796973587227,0.7315500707540251
3855,0.21927633434609742,0.2475452722287997,0.3000838083559102,1.3014573681703492,-0.15367040273763882,1.1005280197068097,0.9530004088213105,0.8447268323883805
611,-0.37880442002626846,0.03854596611730222,-0.21622793110339378,-0.12144980240407999,-0.15367040273763882,0.7084917204200718,0.8007465458770119,0.7245796166994409
1059,-0.37880442002626846,0.22664534161765046,-0.0727636010214355,-0.8099532720368683,-0.10980570938904363,-1.0184924142730443,-1.0448426847024395,-0.6279172710535158
3218,-0.1908361829378114,0.19181212393240046,0.0003672413323208147,-0.8099532720368683,-0.15367040273763882,0.4573860470934131,0.4440490547453286,0.44310097586928526
3530,-0.8914450666311537,0.20922873277502546,-0.3882412632495717,1.3014573681703492,-0.10980570938904363,-1.2777736211498738,-1.2601093906687573,-0.8147766671795064
2563,1.1420294982348915,0.383394821201273,1.228805544039673,1.3014573681703492,-0.15367040273763882,1.2998553138823905,0.8501043083549688,0.7635290240884152
2819,-0.37880442002626846,0.23361198515470022,-0.0883488625066616,-0.8099532720368683,-0.5923173362235908,-0.5007086227622588,-0.511886735760129,-1.7708429348416992
3742,-0.41298046313326164,0.257995237534375,-0.06916700221715229,-0.8099532720368683,-0.10980570938904363,-0.550540446306154,-0.5640816559225336,-0.21059906517740815
830,-0.37880442002626846,0.21967869808059948,-0.07795868818317754,-0.8099532720368683,-0.5923173362235908,-1.3155367999292318,-1.3500921256009517,-1.7708429348416992
2174,-0.5838606786682229,0.27889516814552423,-0.17027139082644316,-0.8099532720368683,-0.3291291761320197,-0.3157858400798354,-0.29463166649240086,-0.7922231113218404
2449,-0.7547408942031841,0.16046222801567597,-0.35649528447043327,-0.8099532720368683,-0.10980570938904363,-0.5727311802280448,-0.5099313052794447,-0.16359457474421765
2788,-0.07122003206333762,0.1534955844786262,0.04872151414546022,-0.8099532720368683,-0.15367040273763882,0.8801779249736484,0.8505088801785585,0.7638482815260297
2889,-0.8914450666311537,0.12911233209895145,-0.44760912084560445,-0.8099532720368683,-0.15367040273763882,1.4057479389131675,1.675970257576302,1.415239873405569
1941,-0.15666013983081825,0.23361198515470022,0.06390715354132191,-0.2132502650217851,-0.10980570938904363,-0.04871841077427234,-0.09268289788382005,0.1985923463148939
3062,-0.1395721182773224,0.09427911441370147,-0.034000258353051316,-0.8099532720368683,-0.10980570938904363,-1.029782436794708,-1.0644644181465452,-0.6449496553502515
2451,-0.5496846355612313,0.24406195046027424,-0.16827328037961878,-0.8099532720368683,-0.10980570938904363,-1.0087596362371272,-1.0172643720610675,-0.6039782841897187
1198,-0.037043988956344455,0.2928284552196237,0.18139604781456886,-0.8099532720368683,-0.15367040273763882,1.1998023556731632,1.1078839886189429,0.9669492214218146
2615,-0.6351247433287118,0.02112935727467846,-0.3876658074408866,-0.8099532720368683,-0.5923173362235908,-1.1325605728539916,-1.1043821714074067,-1.7708429348416992
3227,4.200785356310709,0.21271205454354972,2.6198900371184926,1.3014573681703492,-0.15367040273763882,-0.07051983357472627,-0.7244218004193096,-0.4789677135344508
3708,-0.34462837691927684,0.23709530692322447,-0.044390432676535384,-0.8099532720368683,-0.15367040273763882,1.9772566651822148,2.0209733324554318,1.6874901667594715
733,-0.48133254934724645,0.20574541100649998,-0.14909142009010948,-0.8099532720368683,-0.15367040273763882,0.7688349442427578,0.8314940044698375,0.7488431819581461
502,-0.17374816138431406,0.21619537631207522,0.0403294502687994,-0.8099532720368683,-0.15367040273763882,0.38147037841326015,0.3508626780451422,0.36956534607206887
3673,-0.7718289157566814,0.24057862869174998,-0.294553860618891,-0.8099532720368683,-1.2502877364525191,-0.3975411755815384,-0.3388159276675931,-0.8131432345481959
3249,2.7995675889240212,0.21967869808059948,1.7966685330270329,1.3014573681703492,-0.15367040273763882,0.33592097720516845,-0.24028418485683625,-0.09692297985571437
2143,-0.8572690235241621,0.20922873277502546,-0.38087223192168457,-0.8099532720368683,4.232798932121882,-0.5766242914424113,-0.5066947306907266,-0.16078510929320988
3830,1.8426383819282353,0.21271205454354972,1.2240100789672954,1.3014573681703492,-0.10980570938904363,-0.9998054804440837,-1.248281626194576,-0.804509733808436
3250,3.910288989901274,0.10472907971927671,2.332162132775846,1.3014573681703492,-0.15367040273763882,0.6528202300546266,-0.12437435739835552,-0.005455723979147794
3429,3.483088451063869,0.07337918380255222,2.0492296935055783,1.3014573681703492,-0.15367040273763882,0.1782499730233128,-0.4242969359529349,-0.24213190439739551
1280,-0.8060049588636731,0.08731247087665171,-0.4276280163773652,-0.2132502650217851,-0.10980570938904363,-0.6801810497445686,-0.6037919683522809,-0.2450690728234491
2571,-0.49842057090074227,0.303278420525199,0.6533497353543811,1.3014573681703492,-0.15367040273763882,0.8210026345152726,0.8533408829436869,0.7660830835893313
739,-0.48133254934724645,0.1709121933212512,-0.1754664779881852,-0.8099532720368683,-0.15367040273763882,0.7014841202342118,0.7739773768828192,0.7034554162439451
3452,3.0729759337799605,0.12214568856190171,1.861007689414764,1.3014573681703492,-0.15367040273763882,1.0981921529781895,0.353424966261211,0.37158730984362764
2300,-0.24210024759829887,0.20226208923797573,-0.010822177169893235,-0.8099532720368683,-0.5923173362235908,-1.1107591500535376,-1.1509753597574999,-1.7708429348416992
749,-0.48133254934724645,1.714023736777804,0.993028511314449,-0.8099532720368683,-0.15367040273763882,0.6898047865911114,0.29314376454632923,0.3240179516390607
1052,-0.1908361829378114,0.20922873277502546,0.024744188783572162,-0.8099532720368683,-0.10980570938904363,0.29387537609000697,0.2681277401210261,0.5117892135720542
3514,0.9711492826999303,0.3067617422937232,0.7932174666320562,1.3014573681703492,-0.10980570938904363,-0.5513190685490272,-0.7690127951802026,-0.3884868103222194
1571,-0.8230929804171689,0.10124575795075122,-0.42722839428799964,1.3014573681703492,-0.15367040273763882,1.072886930084805,1.3014716062066676,1.1197139053203737
2559,-0.34462837691927684,0.3694615341271735,0.8423709836239244,1.3014573681703492,-0.15367040273763882,0.8716130803020415,0.8376974390982144,0.7537384626682356
2290,-0.7889169373101773,0.23361198515470022,-0.30973950001475264,-0.8099532720368683,-0.3291291761320197,-1.234560086670402,-1.2273045771414441,-1.2338199990302765
2435,-0.7034768295426966,0.28586181168257396,-0.22302150662259462,-0.8099532720368683,-0.15367040273763882,2.343209119332695,2.521457940241741,2.082434708447028
3230,0.4755966576485408,0.11169572325632647,0.33604979639874116,1.3014573681703492,-0.15367040273763882,-0.30566375092248177,-0.42861236873789277,-0.2455373170652839
3148,-0.31045233381228365,0.09079579264517722,-0.14269746666027303,-0.8099532720368683,0.7236234642342655,0.23314284114588468,0.27116202879794954,1.3454289137138553
1856,-0.10881367948102964,-5.0589471099421095,-4.047404901843596,-0.9201138271781144,-0.15367040273763882,-1.1473543954685856,0.5350102864157711,0.5148806897596218
2555,0.6123008300765104,0.47047786541439673,1.1604701667582942,1.3014573681703492,-0.15367040273763882,0.8716130803020415,0.5592171671938949,0.5339829264435587
2136,-0.25918826915179466,0.17439551508977547,-0.06077493834049147,-0.8099532720368683,-0.15367040273763882,0.4745157364366269,0.48153937706465105,0.47268549842156626
987,-0.15666013983081825,0.268445202839949,0.09108145561812762,-0.8099532720368683,-0.15367040273763882,1.132062220543181,1.0852279664979136,0.9490708049154004
3831,2.62868737338906,0.19877876746945022,1.6755830399495026,1.3014573681703492,-0.10980570938904363,-1.0107061918443108,-1.3101339151577316,-0.8581997891878032
1061,-0.37880442002626846,0.23709530692322447,-0.0647711592341391,-0.8099532720368683,-0.10980570938904363,-1.0188817253944809,-1.0467981151831238,-0.6296146564301665
836,-0.34462837691927684,0.2545119157658495,-0.031202903727496952,-0.8099532720368683,-0.5923173362235908,-0.6498147822725074,-0.6757383243140024,-1.7708429348416992
2178,-0.36171639847277265,0.2614785593028992,-0.04638854312335977,-0.8099532720368683,-0.3291291761320197,-0.7790660745894855,-0.8054035937745366,-1.0340606203148568
2183,-0.1908361829378114,0.20226208923797573,0.00636157267279283,-0.8099532720368683,-0.3291291761320197,-0.7907454082325859,-0.8299476177389853,-1.0456815910440262
1197,-0.1908361829378114,0.22664534161765046,0.0415283165368938,-0.8099532720368683,-0.15367040273763882,1.0872914415779624,1.0649993753184233,0.9331079330346733
1066,-0.276276290705292,0.21271205454354972,-0.01961386313591848,-0.8099532720368683,-0.5923173362235908,-0.545479401727477,-0.5720330802004809,-1.7708429348416992
627,-0.30361712519088596,-5.032822196678173,-4.073380337652306,-0.9201138271781144,-0.15367040273763882,-0.950362968021625,1.0629090875632092,0.9314584362736648
1292,-0.20792420449130722,0.07686250557107648,-0.08794924041729718,-0.2132502650217851,-0.10980570938904363,-0.5984257142428656,-0.608242258411769,-0.2489320878185854
2869,-0.3958924415797643,0.1709121933212512,-0.12511409472822255,-0.8099532720368683,-0.5923173362235908,-1.6230925858642096,-1.661814715676901,-1.7708429348416992
2157,-0.7718289157566814,0.06641254026550246,-0.4304253710029184,-0.8099532720368683,-0.5923173362235908,-1.4428415366390264,-1.4326247776132732,-1.7708429348416992
2170,-0.054132010509841795,0.14304561917305098,0.05071962459228347,-0.8099532720368683,-0.5923173362235908,-0.7880202303825291,-0.8362184810046271,-1.7708429348416992
2295,-0.41298046313326164,0.25102859399732397,-0.07436208937889432,-0.8099532720368683,-0.3291291761320197,-0.8970273443847999,-0.9194928480268632,-1.0880789787592375
1702,-0.08830805361683344,-5.092386998919949,-4.0689844946692935,-0.9201138271781144,-0.15367040273763882,-1.066377682209756,0.7628516517340995,0.6946758367095454
3832,1.91099046814222,0.2475452722287997,1.3003378980359692,1.3014573681703492,-0.10980570938904363,-1.3096971331076814,-1.517173545879817,-1.0379177822569696
3169,-0.7718289157566814,0.331144994673398,-0.22781697169497223,1.3014573681703492,-0.10980570938904363,-1.2637584207781534,-1.2722794781971782,-0.8253407495170556
1205,-0.24210024759829887,0.20574541100649998,-0.006026712097515623,-0.8099532720368683,-0.15367040273763882,0.9537577269251811,0.9527981229095154,0.844567203669573
705,-0.1395721182773224,0.20574541100649998,0.05231811294974343,-0.8099532720368683,-0.5923173362235908,-1.7134127660375196,-1.7712513939579446,-1.7708429348416992
1683,-0.48133254934724645,0.2475452722287997,-0.11752127503029057,-0.8099532720368683,4.232798932121882,-0.10400059001828081,-0.08823260782433234,0.20245536131002986
2538,-0.7205648510961925,0.39732810827537246,-0.18905362902658807,1.3014573681703492,-0.15367040273763882,1.6424491007466695,1.7378023179482784,1.4640330517876585
541,-0.10539607517032926,0.21619537631207522,0.07709468249035921,-0.8099532720368683,-0.5923173362235908,-1.5187572053191791,-1.5773940618211602,-1.7708429348416992
744,-0.48133254934724645,0.24057862869174998,-0.12271636219203373,-0.8099532720368683,-0.15367040273763882,0.7723387443356874,0.8225934243508617,0.7418195183306263
1281,-0.5838606786682229,0.09079579264517722,-0.2957527268869854,-0.2132502650217851,-0.10980570938904363,-0.511220023041049,-0.4594946846052486,-0.11981373813267691
3447,1.4667019077513197,0.1325956538674757,0.9386799071608376,1.3014573681703492,-0.15367040273763882,0.07469321472115556,-0.23859846892521205,-0.09559274053232043
3453,2.2527508992121428,0.14652894094157645,1.4106335947006499,1.3014573681703492,-0.15367040273763882,1.1655429769867354,0.5591497385566296,0.5339297168706227
1120,1.4154378430908308,0.23012866338617471,0.9922292671357191,1.3014573681703492,-0.15367040273763882,0.3553865332770025,-0.003879382605856872,0.08962978285705031
3256,0.11674820502512097,0.3903614647383227,0.35403279042015606,1.3014573681703492,-0.15367040273763882,1.0102078395334995,0.8405294418633431,0.7559732647315375
1682,-0.43006848468675746,0.2475452722287997,-0.0871499962385672,-0.8099532720368683,4.232798932121882,-0.3753504416596476,-0.3785128912500216,-0.04951857132724804
1072,-0.276276290705292,0.21967869808059948,-0.021611973582742864,-0.8099532720368683,-0.5923173362235908,-1.5187572053191791,-1.5659311934861158,-1.7708429348416992
2609,-0.7034768295426966,0.10821240148780222,-0.3600918832747165,-0.8099532720368683,-0.5923173362235908,-1.1216598614537647,-1.0987855945144143,-1.7708429348416992
3433,3.2780321924219162,0.16394554978420023,2.02605161232242,1.3014573681703492,-0.15367040273763882,0.4589432915791595,-0.19901785885067555,-0.06435872121903095
2142,-1.0110612175056275,0.1848454803953507,-0.48397473097779986,-0.8099532720368683,4.232798932121882,-0.23403050457813235,-0.1011114775419411,0.19127603003622728
835,-0.22501222604480303,0.19877876746945022,-0.0032293574719623945,-0.8099532720368683,-0.5923173362235908,-1.0733852823956163,-1.1142267524480922,-1.7708429348416992
3168,-0.8572690235241621,0.07337918380255222,-0.46759022531384375,1.3014573681703492,-0.10980570938904363,-1.293346066007341,-1.2633114694409373,-0.8175561889965544
3190,0.9198852180394412,0.28237848991404974,0.7420658391933634,1.3014573681703492,-0.10980570938904363,-1.269208776478267,-1.4173859055913902,-0.9512984505705799
2139,-0.532596614007734,0.188328802163875,-0.20543813469054414,-0.8099532720368683,-0.15367040273763882,0.8895213918881286,0.9821970087570417,0.8677665774695633
2627,-0.9427091312916427,0.1709121933212512,-0.4540030742754409,-0.8099532720368683,0.06565306400533723,-0.12229821272580504,0.010010916670726644,1.0363078997435746
725,-0.31045233381228365,0.24057862869174998,-0.021611973582742864,-0.8099532720368683,-0.15367040273763882,0.8007584562005653,0.8042528350147901,0.7273465144921002
628,-0.019955967402848634,-4.976392384028068,-3.9614861526301666,-0.9201138271781144,-0.15367040273763882,-0.9180501449423806,1.0066061754469604,0.8870284428723074
520,-0.3958924415797643,0.24057862869174998,-0.07196435684270552,-0.8099532720368683,-0.15367040273763882,0.6964230756555351,0.7204390388944343,0.661207015332954
2610,-0.6180367217752161,0.23012866338617471,-0.22182264035450022,-0.8099532720368683,4.232798932121882,-0.5727311802280448,-0.5468147698633827,-0.19561077477966304
1127,1.8426383819282353,0.20922873277502546,1.2236104568779298,1.3014573681703492,-0.15367040273763882,0.9004221032883557,0.3985347245914749,0.40718451413764917
2561,-0.22501222604480303,0.35552824705307273,0.8983180761349946,1.3014573681703492,-0.15367040273763882,0.6613850747262336,0.5999440641019357,0.5661215084967559
1278,-0.7547408942031841,0.06641254026550246,-0.41324162116023233,-0.2132502650217851,-0.10980570938904363,-0.973721635307826,-0.9261008544788302,-0.5248450073196606
517,-0.5155085924542381,0.13607897563600121,-0.22182264035450022,-0.8099532720368683,-0.15367040273763882,1.1558101989508185,1.2742978653888855,1.0982704474272638
3825,2.2527508992121428,0.1848454803953507,1.4458003385647509,1.3014573681703492,-0.10980570938904363,-0.3360300183945426,-0.7143749334668292,-0.34105914239955515
2305,-0.31045233381228365,0.20226208923797573,-0.05637909535747942,-0.8099532720368683,-0.10980570938904363,-0.5622197799492543,-0.5800570880350122,-0.22446632618272416
3127,-0.6693007864357035,0.4495779348032462,-0.083553397434284,1.3014573681703492,-0.10980570938904363,-0.5139452008911057,-0.522473031810729,-0.17448125336687384
3513,-0.532596614007734,0.21967869808059948,-0.16880078153758077,1.3014573681703492,-0.10980570938904363,-1.0110955029657474,-1.0180463385959975,-0.6046570598222616
3058,-0.10539607517032926,0.11169572325632647,-0.0072255783656100265,-0.8099532720368683,-0.10980570938904363,-1.027446570066088,-1.0672289922744091,-0.6473494070896543
693,-0.1395721182773224,0.20574541100649998,0.05231811294974343,-0.8099532720368683,-0.15367040273763882,0.8054301896578057,0.7745168059809389,0.7038810928274312
2605,-0.1395721182773224,0.11866236679337622,-0.007625200454974448,-0.8099532720368683,0.7236234642342655,0.42779840186422513,0.4205164603398545,1.5222177197929088
3739,-0.41298046313326164,0.25102859399732397,-0.07436208937889432,-0.8099532720368683,-0.10980570938904363,-0.09816092319673064,-0.096811212828936,0.19500881752812974
2182,-0.22501222604480303,0.21619537631207522,-0.008424444633704429,-0.8099532720368683,-0.3291291761320197,-1.2306669754560353,-1.2756509100604265,-1.2567107573072391
1118,0.8857091749324496,0.16394554978420023,0.6229784565626566,1.3014573681703492,-0.15367040273763882,2.236927183180481,1.8688835887913768,1.5674724615747702
3711,-0.43006848468675746,0.23361198515470022,-0.09754017056205128,-0.8099532720368683,-0.15367040273763882,1.9383255530385468,2.0155401304305274,1.6832026952763566
3027,-0.6693007864357035,-0.6302518134394876,-0.8867937970575034,1.3014573681703492,-0.15367040273763882,-0.5264031567770796,-0.2870122304814591,-0.13379721390019383
1201,-0.15666013983081825,0.19877876746945022,0.033935496838962964,-0.8099532720368683,-0.15367040273763882,0.3822490006561334,0.35423410990839066,0.37222582471885673
829,-0.5155085924542381,0.23361198515470022,-0.1482921759113795,-0.8099532720368683,-0.5923173362235908,-0.678234494137385,-0.6756034670394724,-1.7708429348416992
3851,0.16801226968560995,0.2614785593028992,0.28130157015576535,1.3014573681703492,-0.10980570938904363,0.2304176632958282,0.1426430461709197,0.40286389681526563
2436,-0.9427091312916427,0.3102450640622487,-0.35289868566615,-0.8099532720368683,-0.15367040273763882,2.30038489597466,2.5737151341220916,2.12367212747224
3712,-0.37880442002626846,0.23012866338617471,-0.06996624639588114,-0.8099532720368683,-0.15367040273763882,1.8487839951081102,1.9053985012554655,1.5962872645547816
1826,-0.15666013983081825,0.08382914910812746,-0.05278249655319621,-0.12144980240407999,-0.15367040273763882,0.6878582309839282,0.7025704500192178,0.6471064785049785
1184,-0.5155085924542381,0.11169572325632647,-0.24020525646528068,-0.2132502650217851,-0.10980570938904363,-0.09504643422523727,-0.036042842581246695,0.24775799170753388
3460,2.6628634164960516,0.08382914910812746,1.5896642907360747,1.3014573681703492,-0.15367040273763882,1.4326104062922984,0.7777533805696575,0.7064351523283475
827,-0.3958924415797643,0.23709530692322447,-0.07476171146825875,-0.8099532720368683,-0.5923173362235908,-1.4136432025312753,-1.4513699387729344,-1.7708429348416992
839,-0.20792420449130722,0.25102859399732397,0.04712302578800026,-0.8099532720368683,-0.5923173362235908,-0.63073853732211,-0.6757383243140024,-1.7708429348416992
2624,-0.24210024759829887,0.19529544570092597,-0.02400970611893167,-0.8099532720368683,-0.5923173362235908,-1.1123163945392842,-1.15070564520844,-1.7708429348416992
2546,0.3901565498810602,0.05944589672845271,0.7632458099296971,1.3014573681703492,-0.15367040273763882,0.5329124046521291,0.4203816030653247,0.42442441576883455
1698,0.1509242481321126,-5.130703538373723,-4.043808303039312,-0.9201138271781144,-0.15367040273763882,-1.1224384836966381,0.5932012003754388,0.5608005512031802
3444,1.1762055413418846,0.06292921849697697,0.7057002290611681,1.3014573681703492,-0.15367040273763882,-0.015626965452154407,-0.25626477188863345,-0.10953364864148854
3025,-0.9085330881846511,-0.29585292366109206,-0.7709033911417164,1.3014573681703492,-0.15367040273763882,-0.20600010383469136,0.0411629470871421,0.12517377757813614
1290,-0.22501222604480303,0.07686250557107648,-0.09793979265141683,-0.2132502650217851,-0.10980570938904363,0.44648533569318594,0.4738525124164447,0.690365861301749
3467,0.8173570887184648,0.05247925319140296,0.4875065682679947,1.3014573681703492,-0.15367040273763882,-0.5038231117337522,-0.657060591791606,-0.42581135017162935
3254,-0.002867945849352813,0.04899593142287747,0.00636157267279283,1.3014573681703492,-0.15367040273763882,0.9522004824394342,0.9450438296240442,0.8384481027819611
2372,-0.31045233381228365,0.24057862869174998,-0.021611973582742864,-0.8099532720368683,-0.15367040273763882,1.2290006897809143,1.2414601190408456,1.0723573854075499
2444,-0.8230929804171689,0.13956229740452672,-0.4016525805686539,-0.8099532720368683,0.06565306400533723,-0.1281378795473552,-0.014263392744661768,1.0075747303582652
994,0.06548414036463199,0.1709121933212512,0.14782779230792673,-0.8099532720368683,-0.15367040273763882,0.6193394736110721,0.5460011542899609,0.5235538501481501
3841,0.21927633434609742,0.1709121933212512,0.23574465196817915,1.3014573681703492,-0.10980570938904363,-0.11373336805419783,-0.2120315858428145,0.09499330780897483
2303,-0.37880442002626846,0.22664534161765046,-0.07036586848524669,-0.8099532720368683,-0.10980570938904363,-1.0091489473585638,-1.0361443904952587,-0.6203668326539319
2169,-0.08830805361683344,0.1674288715527257,0.04432567116244703,-0.8099532720368683,-0.5923173362235908,-0.7852950525324723,-0.8329144777786438,-1.7708429348416992
2277,1.1249414766813957,0.4495779348032462,1.0078145286209463,1.3014573681703492,-0.15367040273763882,1.3940686052700668,0.9124083691877997,0.8126946694810548
1196,-0.037043988956344455,0.23361198515470022,0.13144328664397062,-0.8099532720368683,-0.15367040273763882,1.10636768652836,1.0393764931577352,0.9128882953190854
2611,-0.7718289157566814,0.23361198515470022,-0.3049440349423762,-0.8099532720368683,-0.5923173362235908,-0.7767302078608653,-0.7418858174709364,-1.7708429348416992
703,0.03130809725764035,0.1709121933212512,0.12544895530349862,-0.8099532720368683,-0.15367040273763882,0.9631011938396613,0.8990574990093357,0.8021591740397748
2569,-0.34462837691927684,0.303278420525199,0.7232836009932186,1.3014573681703492,-0.15367040273763882,0.7859646335859716,0.7770116655597428,0.7058498470260541
2604,-0.3958924415797643,0.14652894094157645,-0.1331065365155178,-0.8099532720368683,-0.10980570938904363,-0.12229821272580504,-0.09821204613954741,0.19379284283608897
2614,-0.8401810019706663,0.09776243618222696,-0.44481176622005125,-0.8099532720368683,0.06565306400533723,-1.0293931256732713,-0.9801786215653348,-0.13576596809881686
497,-0.17374816138431406,0.21619537631207522,0.0403294502687994,-0.8099532720368683,-0.15367040273763882,1.2044740891304035,1.1841457773656225,1.0271292484121564
529,-0.5838606786682229,0.16046222801567597,-0.24340223318019835,-0.8099532720368683,-0.15367040273763882,1.1986344223088532,1.3315447784268437,1.1434453748497215
3843,-0.019955967402848634,0.22664534161765046,0.14143383887809027,1.3014573681703492,-0.10980570938904363,-0.5497618240632804,-0.6178845535406595,-0.25730195364137987
3738,-0.22501222604480303,0.257995237534375,0.04232756071562379,-0.8099532720368683,-0.5923173362235908,-1.1033622387462407,-1.1527812247550073,-1.7708429348416992
2556,0.5610367654160214,0.47047786541439673,1.139689818111325,1.3014573681703492,-0.15367040273763882,0.6029884065107315,0.32389122313915486,0.348281516897766
3125,-0.8572690235241621,0.348561603516023,-0.27137577943573404,1.3014573681703492,-0.10980570938904363,-0.07519156703196662,-0.004081668517651594,0.27550146303623796
718,-0.31045233381228365,0.24057862869174998,-0.021611973582742864,-0.8099532720368683,-0.5923173362235908,-1.5187572053191791,-1.5659311934861158,-1.7708429348416992
1053,-0.36171639847277265,0.1674288715527257,-0.10793034488553647,-0.8099532720368683,-0.10980570938904363,0.1459371499440681,0.1671870701353681,0.4241690098187429
2140,-0.37880442002626846,0.19529544570092597,-0.1047333681706177,-0.8099532720368683,-0.15367040273763882,0.7186138095774257,0.7552996443604231,0.6887163645407405
2293,-0.34462837691927684,0.23012866338617471,-0.04998514192764184,-0.8099532720368683,-0.3291291761320197,-0.4578843994042238,-0.47412669889174647,-0.8772094412148318
495,-0.1395721182773224,0.21619537631207522,0.060310554737038696,-0.8099532720368683,-0.15367040273763882,1.1616498657723684,1.1304725821027075,0.9847744283552934
992,-0.07122003206333762,0.24406195046027424,0.12584857739286304,-0.8099532720368683,-0.15367040273763882,0.713552764998749,0.6495041124916876,0.6052305446045375
1202,-0.31045233381228365,0.24057862869174998,-0.01961386313591848,-0.8099532720368683,-0.15367040273763882,0.5364162047450594,0.5331222845723521,0.5133908217174207
2304,-0.36171639847277265,0.21619537631207522,-0.07476171146825875,-0.8099532720368683,-0.10980570938904363,-0.559105290977761,-0.5718307942886859,-0.21732560149474534
3031,-0.276276290705292,-0.07640365224402054,-0.2505954307887648,1.3014573681703492,-0.15367040273763882,-0.391701508759988,-0.3462145740001015,-0.1805152189377888
832,-0.532596614007734,0.23361198515470022,-0.15828272814549912,-0.8099532720368683,-0.5923173362235908,-1.4245439139315024,-1.4513025101356694,-1.7708429348416992
2779,-0.10539607517032926,0.03854596611730222,-0.06397191505541025,-0.8099532720368683,4.232798932121882,-0.2682898832645604,-0.2769653635289791,0.03862840719812716
2308,-0.43006848468675746,0.19529544570092597,-0.13550426905170662,-0.8099532720368683,-0.10980570938904363,-1.0145993030586773,-1.0291992408569668,-0.6143381880403106
3192,0.9369732395929371,0.2649618810714247,0.7372703741209858,1.3014573681703492,-0.10980570938904363,-1.0044772139013238,-1.1735639532412643,-0.7396520532613121
3008,-0.7376528726496883,0.20574541100649998,-0.30014856986999855,-0.8099532720368683,0.06565306400533723,-0.5610518465849442,-0.5113473066620093,0.4191832728346624
3833,1.68884618794677,0.09427911441370147,1.023799412195537,1.3014573681703492,-0.10980570938904363,-0.35588488558781356,-0.6431702925150226,-0.2792509024773797
613,-0.43006848468675746,0.04899593142287747,-0.2382071460184563,-0.12144980240407999,-0.15367040273763882,0.634911918468539,0.7333853372493083,0.6714232533366195
2144,-0.8572690235241621,0.15697890624715047,-0.41404086533896234,-0.8099532720368683,-0.3291291761320197,-0.31967895129420226,-0.21911159275563588,-0.7564662783090116
534,-0.5496846355612313,0.20574541100649998,-0.1894532511159525,-0.8099532720368683,-0.15367040273763882,1.1713826438082853,1.272747006731791,1.0970466272497412
540,-0.20792420449130722,0.21619537631207522,0.019948723711195687,-0.8099532720368683,-0.5923173362235908,-1.3241016446008387,-1.3731527195455708,-1.7708429348416992
3457,3.7394087743663125,0.24406195046027424,2.3761205626059723,1.3014573681703492,-0.15367040273763882,0.38692073411337374,-0.33576313522403134,-0.17226773513274635
1070,-0.32754035536577947,0.24057862869174998,-0.029204793280673703,-0.8099532720368683,-0.5923173362235908,-1.3241016446008387,-1.3659378553582193,-1.7708429348416992
3126,-0.6351247433287118,0.4251946824235715,-0.07596057773635315,1.3014573681703492,-0.10980570938904363,-0.5190062454697827,-0.5297553246353455,-0.18080255063164144
3172,-1.3186456054685585,0.20574541100649998,-0.6426247004556198,1.3014573681703492,-0.10980570938904363,-1.0130420585729307,-0.9167957025362645,-0.5167677941480127
2457,-0.7034768295426966,0.17787883685830097,-0.31613345344459026,-0.8099532720368683,-1.2502877364525191,-0.7965850750541363,-1.7217587742054579,-1.013564292820003
1183,-0.6522127648822077,0.3102450640622487,-0.17186987918390198,-0.2132502650217851,-0.10980570938904363,-0.7163869840381799,-0.7095200715837515,-0.33684494422304334
880,-0.6180367217752161,0.04899593142287747,-0.3516998193980556,-0.787003156382442,-0.15367040273763882,1.1927947554873033,1.3873756900822374,1.1875029012405283
2175,-0.5155085924542381,0.20574541100649998,-0.17186987918390198,-0.8099532720368683,-0.3291291761320197,-0.7868522970182192,-0.7837590012124817,-1.0238124565674298
2553,0.5268607223090298,0.4495779348032462,1.038585429502034,1.3014573681703492,-0.15367040273763882,0.9650477494468446,0.6721601346127171,0.623108961110952
834,-0.36171639847277265,0.24406195046027424,-0.049185897748913,-0.8099532720368683,-0.5923173362235908,-1.4798260931755112,-1.5227768656365361,-1.7708429348416992
2171,-0.9939731959521317,0.20226208923797573,-0.4611962718840073,-0.8099532720368683,-0.3291291761320197,-0.7907454082325859,-0.7168697930456331,-0.9921421187560673
500,-0.1395721182773224,0.21271205454354972,0.05791282220084989,-0.8099532720368683,-0.15367040273763882,0.4390884243858891,0.4021084423665184,0.41000462150324446
2147,-0.6693007864357035,0.1500122627101007,-0.3089402558360238,-0.8099532720368683,4.232798932121882,-0.5851891361140186,-0.5352844728910732,-0.18560205411044725
2282,-1.0110612175056275,0.20226208923797573,-0.46079664979464174,1.3014573681703492,-0.15367040273763882,1.6654184569114339,1.9675316851100255,1.6453180667797829
1114,0.8173570887184648,0.24057862869174998,0.6497531365500979,1.3014573681703492,-0.15367040273763882,2.1851488040294025,1.8055680983995714,1.5175086725880942
1669,-0.4642445277937491,0.21271205454354972,-0.13390578069424777,-0.8099532720368683,-0.5923173362235908,-0.5034338006123156,-0.49765929329722053,-1.7708429348416992
2625,-0.22501222604480303,0.1709121933212512,-0.033201014174321336,-0.8099532720368683,4.232798932121882,-0.39364806436717154,-0.4153963558339591,-0.08153477136269312
3466,0.9027971964859455,0.09427911441370147,0.5678306082303163,1.3014573681703492,-0.15367040273763882,-0.45515922155416705,-0.6298868509738238,-0.4043678922785192
707,-0.31045233381228365,0.20574541100649998,-0.048386653570183014,-0.8099532720368683,-0.15367040273763882,1.3193208699542245,1.3486042236548805,1.156907396802468
3166,-0.43006848468675746,-0.05550372163287128,-0.31773194180204906,1.3014573681703492,-0.15367040273763882,-0.5844105138711451,-0.5313061832924398,-0.3265754966464422
1687,-0.5155085924542381,0.24057862869174998,-0.14309708874963745,-0.8099532720368683,4.232798932121882,-0.3531597077377568,-0.33872999526368996,-0.014985558491941584
545,-0.22501222604480303,0.14304561917305098,-0.04558929894462979,-0.8099532720368683,-0.5923173362235908,-1.5966194296065153,-1.6429346972427097,-1.7708429348416992
3118,-0.9085330881846511,0.21271205454354972,-0.4008533363899239,1.3014573681703492,-0.10980570938904363,-1.0118741252086205,-0.9701317546128546,-0.5630654435594149
2281,-0.9085330881846511,0.24057862869174998,-0.37128130177693053,1.3014573681703492,-0.15367040273763882,1.6233728557962717,1.8627475828002649,1.5626303904376164
543,-0.20792420449130722,0.20574541100649998,0.014354014460088093,-0.8099532720368683,-0.5923173362235908,-1.5576883174628473,-1.6097598077083453,-1.7708429348416992
3248,3.7394087743663125,0.11866236679337622,2.247042627741147,1.3014573681703492,-0.15367040273763882,1.0775586635420453,0.2216019804081976,0.2675625947542223
378,-0.566772657114727,0.10124575795075122,-0.2777697328655705,-0.8099532720368683,-0.5923173362235908,-0.6556544490940577,-0.6180868394524542,-1.7708429348416992
3528,-0.6351247433287118,0.21967869808059948,-0.22931955075098373,1.3014573681703492,-0.10980570938904363,-1.2766056877855638,-1.2855354115515183,-0.8368473858571218
3121,-0.6693007864357035,0.268445202839949,-0.21822604155021702,1.3014573681703492,-0.10980570938904363,-1.0036985916584504,-1.0001374981957654,-0.589111529511468
1681,-0.5155085924542381,0.21619537631207522,-0.16147970486041793,-0.8099532720368683,4.232798932121882,-0.5587159798563243,-0.5476239135105623,-0.19631314114241505
3170,-0.6351247433287118,-0.05550372163287128,-0.4348212139859316,1.3014573681703492,-0.10980570938904363,-1.6744816538938514,-1.6837290227880157,-1.182494044976445
3265,0.3388924852205712,0.39384478650684696,0.4459458709740573,1.3014573681703492,-0.15367040273763882,0.769224255364194,0.5532834471145773,0.5293004840252118
609,-0.6009487002217186,0.03854596611730222,-0.34490624387885477,-0.12144980240407999,-0.15367040273763882,1.134008776150364,1.3200144814545338,1.134346537877707
1943,-0.22501222604480303,0.09079579264517722,-0.0871499962385672,-0.2132502650217851,-0.10980570938904363,-0.9449126123215115,-0.9660186077396914,-0.5594950812154255
692,-0.1395721182773224,0.24057862869174998,0.07949241502654801,-0.8099532720368683,-0.5923173362235908,-1.575207317927498,-1.6343712603100586,-1.7708429348416992
877,-0.6522127648822077,0.13607897563600121,-0.3017470582274574,-0.8099532720368683,-0.15367040273763882,0.9759484608470717,1.1273708647885186,0.9823267880002483
530,-0.41298046313326164,0.19877876746945022,-0.11392467622600849,-0.8099532720368683,-0.15367040273763882,1.0117650840192465,1.0664828053382522,0.9342785436392598
3437,1.8939024465887244,0.055962574959927215,1.1141140043919793,1.3014573681703492,-0.15367040273763882,0.8470864796515303,0.3899038590215591,0.4003736888018724
3179,0.8857091749324496,0.2754118463769987,0.7156907812952877,1.3014573681703492,-0.10980570938904363,-0.5478152684560972,-0.7493703962073478,-0.37143648758857895
704,-0.1395721182773224,0.20574541100649998,0.05231811294974343,-0.8099532720368683,-0.15367040273763882,1.1912375110015563,1.1644566152842513,1.0115920531149147
1569,-0.6522127648822077,0.10124575795075122,-0.3277224940361687,1.3014573681703492,-0.15367040273763882,1.1129859755927831,1.2879858787536738,1.1090719907332223
2552,0.16801226968560995,0.05247925319140296,0.6609425550523119,1.3014573681703492,-0.15367040273763882,0.8482544130158404,0.7927225380424806,0.7182476775200858
2847,-0.8060049588636731,0.10821240148780222,-0.4148401095176923,-0.8099532720368683,-0.5923173362235908,-1.1204919280894545,-1.0851650097868908,-1.7708429348416992
3448,1.381261799983839,0.06292921849697697,0.8231891233344151,1.3014573681703492,-0.15367040273763882,-0.06429085563173952,-0.33279627518437277,-0.16992651392357305
1060,-0.37880442002626846,0.20922873277502546,-0.0859511299704728,-0.8099532720368683,-0.10980570938904363,-1.0227748366088476,-1.0466632579085937,-0.6294975953697078
1942,-0.17374816138431406,0.09427911441370147,-0.05438098491065503,-0.2132502650217851,-0.10980570938904363,-0.8954700998990532,-0.9223248507919919,-0.521567297626818
876,-0.6180367217752161,-0.013703860410571535,-0.3936601387813586,-0.8099532720368683,-0.15367040273763882,1.304916358461067,1.5331564038490992,1.3025419979276354
2292,-0.48133254934724645,0.20574541100649998,-0.14909142009010948,-0.8099532720368683,-0.3291291761320197,-0.15889345814085296,-0.1345560816253657,-0.7164313956321479
1676,-0.43006848468675746,0.268445202839949,-0.07116511266397554,-0.8099532720368683,4.232798932121882,-0.3706787082024072,-0.37837803397549136,-0.04940151026678942
526,-0.44715650624025327,0.13956229740452672,-0.1790630767924684,-0.8099532720368683,-0.15367040273763882,1.428327983956495,1.5359884066142275,1.304776799990937
2456,-0.6693007864357035,0.17787883685830097,-0.28336444211667694,-0.8099532720368683,-1.2502877364525191,0.038487280427544256,-1.3692418585842028,-0.5962948218577953
2572,-0.49842057090074227,0.2754118463769987,0.6265750553669398,1.3014573681703492,-0.15367040273763882,1.0234444176623467,1.0733605263392794,0.9397059200787072
1674,-0.48133254934724645,0.22664534161765046,-0.1331065365155178,-0.8099532720368683,-0.5923173362235908,-1.3241016446008387,-1.3503618401500115,-1.7708429348416992
1678,-0.566772657114727,0.16046222801567597,-0.2334116809460787,-0.8099532720368683,4.232798932121882,-0.3940373754886082,-0.35396886728557275,-0.028213458323770764
2289,-0.7718289157566814,0.21619537631207522,-0.312536854640307,-0.8099532720368683,-0.3291291761320197,-1.138400239675542,-1.1241387621260426,-1.1849736110752513
3266,0.2705403990065864,0.39384478650684696,0.4475443593315161,1.3014573681703492,-0.15367040273763882,0.8552620132017008,0.6511223997860469,0.6065075743549957
3189,0.7831810456114716,0.2649618810714247,0.6461565377458146,1.3014573681703492,-0.10980570938904363,-1.0044772139013238,-1.1589993675920311,-0.7270094587317764
532,-0.5838606786682229,0.19181212393240046,-0.21982452990767584,-0.8099532720368683,-0.15367040273763882,0.7392472990135698,0.8347980076958206,0.751450451031998
3263,0.7660930240579759,0.11517904502485196,0.5078872948255985,1.3014573681703492,-0.15367040273763882,0.06573905892811202,-0.12181206918228636,-0.003433760207588743
531,-0.44715650624025327,0.19181212393240046,-0.13950048994535424,-0.8099532720368683,-0.15367040273763882,0.9728339718755783,1.0391067786086752,0.9126754570273423
2549,-0.054132010509841795,0.06641254026550246,0.5254706667576489,1.3014573681703492,-0.15367040273763882,0.5952021840819978,0.5878069093942413,0.5565437853683195
2294,-0.43006848468675746,0.21271205454354972,-0.11352505413664293,-0.8099532720368683,-0.3291291761320197,-0.7362418512314506,-0.7444481056870053,-1.005199747954502
728,-0.48133254934724645,0.2754118463769987,-0.096341304293958,-0.8099532720368683,-0.15367040273763882,1.1912375110015563,1.2427412631488797,1.073368367293329
501,-0.15666013983081825,0.1709121933212512,0.015153258638818074,-0.8099532720368683,-0.15367040273763882,0.38731004523481005,0.36684326507693976,0.38217601485784336
3823,1.9451665112492118,0.10472907971927671,1.1848471142095456,1.3014573681703492,-0.10980570938904363,-1.2766056877855638,-1.4761836772864427,-1.002337072930558
2278,1.0224133473604193,0.446094613034722,0.9378806629821088,1.3014573681703492,-0.15367040273763882,1.123497375871574,0.6996035899795592,0.6447652572958051
3119,-0.8401810019706663,0.22664534161765046,-0.3501013310405968,1.3014573681703492,-0.10980570938904363,-1.0099275696014374,-0.9789649060945654,-0.5707329430194575
1062,-0.25918826915179466,0.23361198515470022,0.003164595957874043,-0.8099532720368683,-0.10980570938904363,-1.2376745756418956,-1.2827309169732481,-0.8344129817026021
3163,-0.7376528726496883,0.257995237534375,-0.2613852272016144,-0.8099532720368683,0.06565306400533723,-0.550540446306154,-0.5111450207502143,0.4194227159128734
2274,1.039501368913915,0.4530612565717717,0.9542651686460649,1.3014573681703492,-0.15367040273763882,1.11220735334991,0.6830835738496416,0.6317289119265443
1673,-0.3958924415797643,0.1500122627101007,-0.14109897830281307,-0.8099532720368683,-0.5923173362235908,-1.3241016446008387,-1.3491481246792423,-1.7708429348416992
3177,-0.8230929804171689,-0.020670503947621287,-0.5167437423057121,1.3014573681703492,-0.10980570938904363,-1.3046360885290047,-1.2671549017650405,-0.8208924292196262
3829,2.594511330282068,0.1534955844786262,1.6160393486341504,1.3014573681703492,-0.10980570938904363,-0.5684487578922414,-0.9388920669679947,-0.535948248904165
3844,-0.34462837691927684,0.18136215862682523,-0.083553397434284,1.3014573681703492,-0.10980570938904363,0.32579888804781454,0.3435129565832608,0.5772263463684484
2467,0.8857091749324496,0.47396118718292096,0.8795358379348498,1.3014573681703492,-0.15367040273763882,1.095466975128133,0.697917874047935,0.6434350179724112
2184,-0.1395721182773224,0.23361198515470022,0.06071017682640312,-0.8099532720368683,-0.3291291761320197,-0.32357206250856885,-0.37096088387634507,-0.8283630532598069
3130,-0.7718289157566814,0.3381116382104477,-0.22781697169497223,1.3014573681703492,-0.10980570938904363,-0.9935765025010966,-0.9875283430272164,-0.578166320358583
3850,0.06548414036463199,0.348561603516023,0.28409892478131854,1.3014573681703492,-0.10980570938904363,0.25338701946059194,0.13940647158220107,0.40005443136425783
1128,1.7913743172677463,0.16394554978420023,1.1520781028816334,1.3014573681703492,-0.15367040273763882,0.5924770062319412,0.155117344064939,0.21509795583956595
3195,-0.8743570450776579,0.20922873277502546,-0.3832699644578734,1.3014573681703492,-0.10980570938904363,-1.0126527474514941,-0.9747843305841374,-0.5671040501452389
882,0.2021883127926016,0.13607897563600121,0.19778055347852494,-0.787003156382442,-0.15367040273763882,0.9541470380466175,0.8565774575324056,0.7686371430902477
1063,-0.17374816138431406,0.20226208923797573,0.031937386392138584,-0.8099532720368683,-0.5923173362235908,-0.7401349624458174,-0.7828824289280372,-1.7708429348416992
630,-0.3873484308030164,-5.037002182800403,-4.096558418835464,-0.9201138271781144,-0.15367040273763882,-0.9515309013859351,1.0896782565574015,0.9525826367291602
1279,-0.5155085924542381,0.17787883685830097,-0.19025249529468247,-0.2132502650217851,-0.10980570938904363,-0.18692385888429394,-0.15006466819630812,0.14878286508973196
