nr,taverage,waverage,area,Lnominal,R-value1,smax,smean,smin
1829,0.11674820502512097,0.09427911441370147,0.11465915889064898,-0.12144980240407999,-0.15367040273763882,0.9365207447285634,0.8270584350292352,0.5679502085532369
1859,-0.040461593267044835,-5.030732203617057,-4.009041181264576,-0.9201138271781144,-0.15367040273763882,-1.4014852760880312,-1.9320487079408182,-2.2376481065903295
403,-0.5496846355612313,0.14304561917305098,-0.23660865766099748,-0.787003156382442,-0.5923173362235908,-0.3838845157505172,-0.5282166506302036,-0.6109297613556431
1690,-0.44715650624025327,0.20922873277502546,-0.12631296099631695,-0.8099532720368683,4.232798932121882,-1.529089910183427,-1.3418728938170974,-0.9103362969788513
986,-0.17374816138431406,0.257995237534375,0.07070072906052277,-0.8099532720368683,-0.15367040273763882,1.283071613147494,1.0279440416957983,0.5679502085532369
2540,-0.7376528726496883,0.47047786541439673,-0.16108008277105237,1.3014573681703492,-0.15367040273763882,1.6475396055633378,1.2392156916588652,0.5679502085532369
1067,-0.31045233381228365,0.20574541100649998,-0.05078438610637182,-0.8099532720368683,-0.5923173362235908,-0.49414374034690695,-0.5282166506302036,-0.48319558854384576
989,-0.1908361829378114,0.23012866338617471,0.04192793862625823,-0.8099532720368683,-0.15367040273763882,1.2570381851177908,1.0128532095555791,0.5679502085532369
539,-0.15666013983081825,0.21967869808059948,0.05231811294974343,-0.8099532720368683,-0.5923173362235908,-0.656776096626582,-0.5282166506302036,-0.29478768364644453
701,-0.1395721182773224,0.20574541100649998,0.05231811294974343,-0.8099532720368683,-0.15367040273763882,1.264592983840136,1.017232509862937,0.5679502085532369
2285,-0.9427091312916427,0.27889516814552423,-0.3668854587939173,1.3014573681703492,-0.15367040273763882,1.7470281373866543,1.2968863423280554,0.5679502085532369
1688,-0.3958924415797643,0.188328802163875,-0.11192656577918411,-0.8099532720368683,4.232798932121882,-1.5546077742462674,-1.504584613142295,-1.2059581163705995
519,-0.43006848468675746,0.20922873277502546,-0.1163224087621973,-0.8099532720368683,-0.15367040273763882,1.2830205672101809,1.0279144518288568,0.5679502085532369
2181,-0.25918826915179466,0.2545119157658495,0.008759305208981636,-0.8099532720368683,-0.3291291761320197,0.11937738021976371,0.0007436467647221243,-0.13681126269763197
373,-0.532596614007734,0.08034582733960197,-0.27377351197192284,-0.8099532720368683,-0.15367040273763882,-1.4014852760880312,-2.0755299727406653,-2.524399497314591
3215,-0.4642445277937491,0.27889516814552423,-0.08874848459602602,-0.8099532720368683,-0.15367040273763882,-1.4014852760880312,-1.863903244374299,-2.101457458448862
2734,-0.48133254934724645,0.1709121933212512,-0.1754664779881852,-0.8099532720368683,-0.3291291761320197,-0.9143028503713904,-0.3587732365757909,0.34219188534660827
3178,0.8173570887184648,0.2754118463769987,0.6749293281800792,1.3014573681703492,-0.10980570938904363,-0.6808697790383856,-0.06872448385408625,0.6514327695525028
3199,0.7831810456114716,0.28934513345109947,0.6665372643034184,1.3014573681703492,-0.10980570938904363,-0.6789810793577993,-0.06752017626956286,0.6516515734596342
1115,0.6806529162904952,0.1325956538674757,0.4767167718551451,1.3014573681703492,-0.15367040273763882,1.9870461346330552,1.4360178966874872,0.5679502085532369
2891,-0.37880442002626846,0.21271205454354972,-0.08075604280873076,-0.8099532720368683,-0.15367040273763882,1.1449413067781282,0.9478738617518127,0.5679502085532369
2612,-0.9085330881846511,0.06989586203402672,-0.4999596145523915,-0.8099532720368683,-0.5923173362235908,-0.6899559558801251,-0.5282166506302036,-0.25634915942067216
2148,-0.532596614007734,0.25102859399732397,-0.1530876409837571,-0.8099532720368683,4.232798932121882,-1.5377370919642734,-1.3970106518760863,-1.0105130047303261
837,-0.44715650624025327,0.23361198515470022,-0.10793034488553647,-0.8099532720368683,-0.5923173362235908,-0.38056652982516287,-0.5282166506302036,-0.6147736137782204
2291,-0.3958924415797643,0.21271205454354972,-0.09354394966840364,-0.8099532720368683,-0.3291291761320197,-0.6338564707729805,-0.26123319918948085,0.21223419174882777
3253,0.1338362265786168,0.05247925319140296,0.09068183352876207,1.3014573681703492,-0.15367040273763882,0.9735290492805924,0.8485110885618995,0.5679502085532369
606,-0.17374816138431406,0.05247925319140296,-0.0871499962385672,-0.12144980240407999,-0.15367040273763882,1.4640294609225875,1.1328401200037919,0.5679502085532369
995,-0.08830805361683344,0.22664534161765046,0.09667616486923407,-0.8099532720368683,-0.15367040273763882,-1.4014852760880312,-1.841385355631737,-2.05645481700915
3820,2.0476946405701897,0.21271205454354972,1.3442963278660955,1.3014573681703492,-0.10980570938904363,-0.7673415968468504,-0.12386224191307486,0.6414150987773554
3434,2.7653915458170295,0.1709121933212512,1.725535801120101,1.3014573681703492,-0.15367040273763882,0.5641406320291822,0.6112003556902192,0.5679502085532369
3174,-0.6693007864357035,0.042029287885827715,-0.3816714761004146,1.3014573681703492,-0.10980570938904363,-0.8865849064103535,-0.19989636400622576,0.6276008845325239
2186,-0.29336431225878784,0.16394554978420023,-0.08635075205983836,-0.8099532720368683,-0.10980570938904363,-0.05673110351058107,0.3292503495504323,0.7237385904307366
2564,1.005325325806922,0.44261129126619647,1.1205079578218158,1.3014573681703492,-0.15367040273763882,0.9247291332092272,0.8202231757657241,0.5679502085532369
3176,-0.9085330881846511,0.03157932258025247,-0.5275335387185617,1.3014573681703492,-0.10980570938904363,-0.5663737416450049,0.004282594850938282,0.6646970172199501
3030,-0.43006848468675746,-0.17045333999419404,-0.40964502235594913,1.3014573681703492,-0.15367040273763882,0.09319081437812116,0.3382042432869622,0.5679502085532369
1116,0.5781247869695173,0.14304561917305098,0.4271636327739124,1.3014573681703492,-0.15367040273763882,1.6528994289812182,1.2423226276877342,0.5679502085532369
2283,-0.9768851743986359,0.2475452722287997,-0.4064480456410315,1.3014573681703492,-0.15367040273763882,1.8035870359296173,1.329671914899355,0.5679502085532369
2443,-0.5838606786682229,0.23709530692322447,-0.1910517394734113,-0.8099532720368683,-0.15367040273763882,1.99102771774348,1.4383259063089324,0.5679502085532369
3224,1.9793425543562035,-0.034603791021720794,1.076949150081054,1.3014573681703492,-0.15367040273763882,0.682618252532988,0.6798784368616868,0.5679502085532369
3247,3.3292962570824036,0.10472907971927671,1.9924833568157783,1.3014573681703492,-0.15367040273763882,0.1206024827152792,0.3540940018346046,0.5679502085532369
2168,-0.1908361829378114,0.19877876746945022,0.003564218047238466,-0.8099532720368683,-0.5923173362235908,-0.02217300394958307,-0.5282166506302036,-1.0299688116076784
3840,0.25345237745309057,0.2754118463769987,0.3364494184881056,1.3014573681703492,-0.10980570938904363,0.49691313258777225,0.6822752160839568,0.7878777033157716
3672,-0.6009487002217186,0.20574541100649998,-0.21942490781831142,-0.8099532720368683,-1.2502877364525191,-0.8911375763578406,-0.9719675539488924,-0.9101311381564584
2439,-0.41298046313326164,0.16394554978420023,-0.14069935621344865,-0.8099532720368683,-0.15367040273763882,1.2873084259444851,1.0304000006519518,0.5679502085532369
1293,-0.1224840967238266,0.2649618810714247,0.1086648275501781,-0.2132502650217851,-0.10980570938904363,0.007995145002484815,0.37052229596058434,0.7312370594643179
3845,-0.6009487002217186,0.17439551508977547,-0.24420147735892833,1.3014573681703492,-0.10980570938904363,1.0476477502592767,1.0334447979602432,0.8516797399114422
2138,-0.5496846355612313,0.21967869808059948,-0.18425816395421044,-0.8099532720368683,-0.15367040273763882,0.9821047667492004,0.8534821862080894,0.5679502085532369
2543,0.355980506774067,0.04551260965435197,0.7172892696527466,1.3014573681703492,-0.15367040273763882,0.8930296061377653,0.8018478683949869,0.5679502085532369
3167,-0.6693007864357035,-0.06943700870697078,-0.46479287068829056,1.3014573681703492,-0.10980570938904363,-0.5843419115792313,-0.007174601628851526,0.6626154232926467
3061,-0.1395721182773224,0.08034582733960197,-0.05438098491065503,-0.8099532720368683,-0.10980570938904363,-0.41895307468464676,0.09828368415103228,0.6817755492144164
2567,1.005325325806922,0.4565445783402972,1.1372920855751363,1.3014573681703492,-0.15367040273763882,0.8186556754725154,0.7587354322610669,0.5679502085532369
1940,-0.22501222604480303,0.07337918380255222,-0.10033752518760564,-0.2132502650217851,-0.10980570938904363,0.007995145002484815,0.37052229596058434,0.7312370594643179
2793,-0.1908361829378114,0.04551260965435197,-0.1083299669749009,-0.8099532720368683,-0.15367040273763882,-1.4014852760880312,-1.7920886373070215,-1.9579339226089398
2309,-0.25918826915179466,0.22316201984912498,-0.0040286016506923756,-0.8099532720368683,-0.10980570938904363,-0.40869284128470484,0.10482600373182133,0.6829641866558595
2150,-0.41298046313326164,0.24406195046027424,-0.0847522637023784,-0.8099532720368683,4.232798932121882,-1.5512285331961373,-1.4830372720354175,-1.1668099578514282
3849,0.11674820502512097,0.20922873277502546,0.2053733731764558,1.3014573681703492,-0.10980570938904363,0.48302863763859744,0.6734219278950284,0.7862691989174004
2547,0.2876284205600822,0.05247925319140296,0.700505141899426,1.3014573681703492,-0.15367040273763882,1.0660753336293214,0.9021575173270312,0.5679502085532369
2173,-0.8743570450776579,0.1848454803953507,-0.40604842355166704,-0.8099532720368683,-0.3291291761320197,-0.5274256914750766,-0.22421627564553176,0.16291460835760596
2558,-0.25918826915179466,0.36597821235864797,0.876338861219931,1.3014573681703492,-0.15367040273763882,0.9058421364033642,0.8092749249973299,0.5679502085532369
1186,-0.5496846355612313,0.10124575795075122,-0.26817880272081523,-0.2132502650217851,-0.10980570938904363,0.6209547602587109,0.7613689304188701,0.8022477977570988
2557,0.5952128085230146,0.4530612565717717,1.0489756038255194,1.3014573681703492,-0.15367040273763882,0.7747051234458988,0.733258556824344,0.5679502085532369
2287,-0.9939731959521317,0.1709121933212512,-0.476381911279869,-0.8099532720368683,-0.3291291761320197,-0.2529516865423043,-0.1287534469185224,0.03572448850408109
2185,-0.7718289157566814,0.20922873277502546,-0.3277224940361687,-0.8099532720368683,-0.10980570938904363,0.3664907627526911,0.5991128950445734,0.7727684064854872
2137,-0.7889169373101773,0.1674288715527257,-0.3660862146151885,-0.8099532720368683,-0.15367040273763882,1.532124741298321,1.1723130025038944,0.5679502085532369
2275,1.1249414766813957,0.4565445783402972,1.0174054587657004,1.3014573681703492,-0.15367040273763882,0.6112049862319006,0.6384822130103801,0.5679502085532369
2159,-0.6863888079891993,0.17787883685830097,-0.30094781404872745,-0.8099532720368683,-0.5923173362235908,-0.4490701776994013,-0.5282166506302036,-0.5354128452997796
2284,-0.8572690235241621,0.22664534161765046,-0.35289868566615,1.3014573681703492,-0.15367040273763882,1.891947553418669,1.3808919745752752,0.5679502085532369
2164,-0.29336431225878784,0.20226208923797573,-0.05398136282129061,-0.8099532720368683,-0.5923173362235908,-0.48148434789324746,-0.5282166506302036,-0.49786136394075575
2272,0.9369732395929371,0.47047786541439673,0.9123048492627619,1.3014573681703492,-0.15367040273763882,0.8855768992900465,0.7975277478215125,0.5679502085532369
1861,-0.06609362559728857,-5.0394405080383695,-4.022228710213613,-0.9201138271781144,-0.15367040273763882,-1.4014852760880312,-1.824134463204781,-2.0219784175881883
1276,-0.8060049588636731,0.17787883685830097,-0.3608911274534453,-0.2132502650217851,-0.10980570938904363,-0.697051341166652,-0.07904247045662426,0.6495581522941074
1680,-0.532596614007734,0.188328802163875,-0.1922506057415057,-0.8099532720368683,4.232798932121882,-1.5747607102974963,-1.6330874872963015,-1.4394277988988289
2545,0.30471644211357807,0.06292921849697697,0.7500582809806587,1.3014573681703492,-0.15367040273763882,0.9960403076356887,0.8615602198831478,0.5679502085532369
2370,-0.24210024759829887,0.21619537631207522,-3.238075704360772e-05,-0.8099532720368683,-0.15367040273763882,1.3675526394007467,1.0769152714841566,0.5679502085532369
629,-0.23355623682155097,-5.004955622529972,-4.035016617073287,-0.9201138271781144,-0.15367040273763882,-1.4014852760880312,-1.9296223388516063,-2.2327989389187706
1572,-0.8230929804171689,0.10124575795075122,-0.42722839428799964,1.3014573681703492,-0.15367040273763882,1.4387617219525812,1.1181931358676966,0.5679502085532369
3838,0.014220075704143008,0.16046222801567597,0.10586747292462374,1.3014573681703492,-0.10980570938904363,0.585324696014137,0.7386498305811049,0.7981200916171618
1180,-0.7889169373101773,0.1709121933212512,-0.3560956623810688,-0.2132502650217851,-0.10980570938904363,-0.20905218045300103,0.2321245703013047,0.7060923510015513
2373,-0.1908361829378114,0.20574541100649998,0.021946834158018933,-0.8099532720368683,-0.15367040273763882,1.3462154376038524,1.064546707102565,0.5679502085532369
1182,-0.8060049588636731,0.10124575795075122,-0.41723784205388,-0.2132502650217851,-0.10980570938904363,0.10436987464969956,0.4319745316249116,0.7424019723471268
3246,4.337489528738678,0.02112935727467846,2.489213613896207,1.3014573681703492,-0.15367040273763882,0.2373445413504382,0.4217660275300576,0.5679502085532369
702,-0.1395721182773224,0.20574541100649998,0.05231811294974343,-0.8099532720368683,-0.5923173362235908,-0.8057281417063344,-0.5282166506302036,-0.12222827796828498
2371,-0.3958924415797643,0.23709530692322447,-0.07476171146825875,-0.8099532720368683,-0.15367040273763882,1.3469300807262363,1.0649609652397474,0.5679502085532369
2307,-0.29336431225878784,0.1325956538674757,-0.096341304293958,-0.8099532720368683,-0.10980570938904363,-0.40517067161009795,0.10707187463268934,0.6833722263745639
2299,-0.25918826915179466,0.22664534161765046,-0.002430113293232414,-0.8099532720368683,-0.5923173362235908,-0.7270153063694672,-0.5282166506302036,-0.21341628467004034
632,-0.16178654629686728,-4.991718999809578,-4.0078423149964815,-0.9201138271781144,-0.15367040273763882,-1.4014852760880312,-1.9955485623975044,-2.3645543727264946
708,-0.31045233381228365,0.20574541100649998,-0.048386653570183014,-0.8099532720368683,-0.15367040273763882,1.3371803066994261,1.0593093006539007,0.5679502085532369
3431,3.0217118691194726,0.10821240148780222,1.8238428351038385,1.3014573681703492,-0.15367040273763882,0.19084169245816449,0.39480965874625445,0.5679502085532369
634,-0.10368727301498058,-4.981617366680855,-3.9858631000814184,-0.9201138271781144,-0.15367040273763882,-1.4014852760880312,-1.9902815660818987,-2.354028130707745
2454,-0.10539607517032926,0.2545119157658495,0.09747540904796406,-0.8099532720368683,-0.10980570938904363,0.2659813121831117,0.535024202235749,0.7611244904546339
3029,-0.24210024759829887,-0.29585292366109206,-0.39605787131754744,1.3014573681703492,-0.15367040273763882,0.06797412134542832,0.3235868490178088,0.5679502085532369
3839,0.25345237745309057,0.12214568856190171,0.21896052421485865,1.3014573681703492,-0.10980570938904363,-0.11344313986548332,0.2930885731610956,0.7171685595976853
2447,-0.8572690235241621,0.12562901033042598,-0.43442159189656604,-0.8099532720368683,0.06565306400533723,0.019276297148689406,0.7071454992483768,1.390919012227023
3159,-0.6522127648822077,0.1709121933212512,-0.2757716224187461,-0.8099532720368683,0.06565306400533723,0.39691414139132447,1.035504252699379,1.609663783167226
1117,0.2705403990065864,0.17787883685830097,0.2693129074748213,1.3014573681703492,-0.15367040273763882,1.9734679153077586,1.4281469920810197,0.5679502085532369
988,-0.4642445277937491,0.23709530692322447,-0.11232618786854853,-0.8099532720368683,-0.15367040273763882,1.2545369341894472,1.0114033060754408,0.5679502085532369
710,0.03130809725764035,0.20574541100649998,0.15302287946966875,-0.8099532720368683,-0.15367040273763882,-1.4014852760880312,-1.8848232803020148,-2.1432667455682792
1938,-0.20792420449130722,0.10124575795075122,-0.06916700221715229,-0.2132502650217851,-0.10980570938904363,0.6428534673660494,0.7753323886286136,0.8047847403559998
2286,-0.8743570450776579,0.17787883685830097,-0.40125295847928943,-0.8099532720368683,-0.3291291761320197,-0.12543893513407214,-0.0844041543464433,-0.023364393659598536
3435,1.8255503603747396,0.08731247087665171,1.104523074247224,1.3014573681703492,-0.15367040273763882,0.699973871219457,0.6899389916218329,0.5679502085532369
3165,-0.48133254934724645,0.10124575795075122,-0.22821659378433667,-0.8099532720368683,0.06565306400533723,-0.31124614695391406,0.41975391657802835,1.1994655934871183
3451,2.2698389207656415,0.017646035506152964,1.2951428108742273,1.3014573681703492,-0.15367040273763882,0.7539294269594494,0.7212154809791105,0.5679502085532369
3028,-0.6693007864357035,-0.4595690467817655,-0.7553181296564891,1.3014573681703492,-0.15367040273763882,0.015549943724830134,0.2931980556687795,0.5679502085532369
3834,1.8084623388212437,0.24406195046027424,1.2403945846312514,1.3014573681703492,-0.10980570938904363,-0.5567209548990893,0.010437583073461713,0.6658152825939645
536,-0.1395721182773224,0.20922873277502546,0.05511546757529666,-0.8099532720368683,-0.5923173362235908,-0.3592803739655821,-0.5282166506302036,-0.6394334054738312
1824,-0.15666013983081825,0.03506264434877796,-0.09074659504285042,-0.12144980240407999,-0.15367040273763882,0.9467809781285051,0.833005998284498,0.5679502085532369
498,-0.1395721182773224,0.21967869808059948,0.06310790936259192,-0.8099532720368683,-0.15367040273763882,1.1536191161213625,0.9529041391318855,0.5679502085532369
3123,-0.5155085924542381,0.18136215862682523,-0.19265022783087127,1.3014573681703492,-0.10980570938904363,0.32886990695290436,0.5751243899150131,0.7684100692001956
2165,-0.25918826915179466,0.19877876746945022,-0.028805171191308144,-0.8099532720368683,-0.5923173362235908,-0.2264588450767829,-0.5282166506302036,-0.7933057747591539
730,-0.6522127648822077,0.24057862869174998,-0.2238207508013246,-0.8099532720368683,-0.15367040273763882,1.4027232902095024,1.097302689806923,0.5679502085532369
2568,-0.48133254934724645,0.2963117769881492,0.678126304894998,1.3014573681703492,-0.15367040273763882,1.013957431632602,0.8719462631796515,0.5679502085532369
3217,-0.20792420449130722,0.20574541100649998,0.006761194762157252,-0.8099532720368683,-0.15367040273763882,-1.4014852760880312,-1.8027705792729412,-1.9792820876020227
3441,2.440719136300603,0.14304561917305098,1.5105391170418463,1.3014573681703492,-0.15367040273763882,0.46133411428051146,0.5516063636698247,0.5679502085532369
736,-0.48133254934724645,0.20574541100649998,-0.14909142009010948,-0.8099532720368683,-0.15367040273763882,-1.4014852760880312,-1.9513708910536867,-2.2762640393894515
2161,-0.41298046313326164,0.22664534161765046,-0.1059322344387121,-0.8099532720368683,-0.5923173362235908,-0.2103283288858296,-0.5282166506302036,-0.8119928111519907
1185,-0.7205648510961925,0.06641254026550246,-0.393260516691993,-0.2132502650217851,-0.10980570938904363,0.6025782228259794,0.749651343109994,0.800118894876902
1277,-0.7034768295426966,0.1325956538674757,-0.33411644746600516,-0.2132502650217851,-0.10980570938904363,-0.4467731105203099,0.08054455891953946,0.6785526267985631
3710,-0.48133254934724645,0.24406195046027424,-0.11991900756647937,-0.8099532720368683,-0.15367040273763882,2.039346914825711,1.466335160083969,0.5679502085532369
706,-0.1395721182773224,0.24057862869174998,0.07949241502654801,-0.8099532720368683,-0.15367040273763882,1.2659201782102776,1.0180018464034186,0.5679502085532369
3194,-0.43006848468675746,0.257995237534375,-0.07915755445127194,1.3014573681703492,-0.10980570938904363,-0.39343010602807504,0.11455811096891559,0.684732358770245
833,-0.48133254934724645,0.1674288715527257,-0.17826383261373843,-0.8099532720368683,-0.5923173362235908,-0.5081813731080214,-0.5282166506302036,-0.4669331359867882
699,-0.1395721182773224,0.1709121933212512,0.02514381087293772,-0.8099532720368683,-0.5923173362235908,-0.6538154322624196,-0.5282166506302036,-0.29821758273120585
3458,3.4660004295103732,0.35901156882159824,2.3325617548652104,1.3014573681703492,-0.15367040273763882,0.25337296566676515,0.4310572457497218,0.5679502085532369
840,-0.34462837691927684,0.22316201984912498,-0.05518022908938501,-0.8099532720368683,-0.5923173362235908,-0.4572375276695043,-0.5282166506302036,-0.5259510547211279
1071,-0.17374816138431406,0.20226208923797573,0.027141921319760967,-0.8099532720368683,-0.5923173362235908,-0.6540196160116721,-0.5282166506302036,-0.2979810379667396
2176,-0.4642445277937491,0.25102859399732397,-0.11752127503029057,-0.8099532720368683,-0.3291291761320197,-0.5622900666599534,-0.23634220311820187,0.17907061577065367
2180,-0.32754035536577947,0.2475452722287997,-0.03439988044241574,-0.8099532720368683,-0.3291291761320197,-0.22921532569169262,-0.12049787404181433,0.024725156956398542
1670,-0.532596614007734,0.23709530692322447,-0.1554853735199459,-0.8099532720368683,-0.5923173362235908,-0.12620462419376918,-0.5282166506302036,-0.9094492541121029
3255,-0.002867945849352813,0.06641254026550246,0.023944944604843317,1.3014573681703492,-0.15367040273763882,0.9674545827403283,0.8449898943958484,0.5679502085532369
3463,2.321102985426129,-0.031120469253196534,1.275960950584717,1.3014573681703492,-0.15367040273763882,0.8394824178962778,0.7708080979732421,0.5679502085532369
688,-0.48133254934724645,0.20574541100649998,-0.14909142009010948,-0.8099532720368683,-0.15367040273763882,-1.4014852760880312,-1.9486486232950588,-2.270823509806727
3853,0.23636435589959323,0.2754118463769987,0.3292562208795392,1.3014573681703492,-0.15367040273763882,1.2335060080164322,0.9992122808954991,0.5679502085532369
3512,-1.0452372606126208,0.36249489059012246,-0.3686637770915906,1.3014573681703492,-0.10980570938904363,0.0382389695566193,0.3898069221348375,0.7347407752996405
1275,-0.8060049588636731,0.18136215862682523,-0.3584933949172565,-0.2132502650217851,-0.10980570938904363,0.8726112312125079,0.9218347788431993,0.831401939977569
631,-0.17374816138431406,-5.022372231372597,-4.034616994983923,-0.9201138271781144,-0.15367040273763882,-1.4014852760880312,-2.0735178617886363,-2.520378236318664
544,-0.15666013983081825,0.21967869808059948,0.056314333843391066,-0.8099532720368683,-0.5923173362235908,-0.8656050261746515,-0.5282166506302036,-0.052861525788545076
3446,1.6375821232862808,0.05247925319140296,0.9618579883439957,1.3014573681703492,-0.15367040273763882,0.33586320036480505,0.4788744707273572,0.5679502085532369
1129,1.6204941017327852,0.27889516814552423,1.1572731900433755,1.3014573681703492,-0.15367040273763882,0.9685775933612176,0.8456408714685638,0.5679502085532369
3124,-0.6522127648822077,0.39384478650684696,-0.11472392040473733,1.3014573681703492,-0.10980570938904363,-0.3725012717296861,0.1279031409595799,0.6871569426060244
1126,1.398349821537335,0.16394554978420023,0.9186988026925984,1.3014573681703492,-0.15367040273763882,0.43841448842691005,0.5383205134130437,0.5679502085532369
1121,1.1078534551278998,0.17787883685830097,0.760448455304144,1.3014573681703492,-0.15367040273763882,0.7763896393772325,0.734235022433417,0.5679502085532369
2601,-0.8230929804171689,0.16394554978420023,-0.35569604029170326,-0.8099532720368683,-1.2502877364525191,-0.7578980984439191,-1.0878202142298565,-1.2960225354411397
3461,2.7995675889240212,0.14652894094157645,1.7259354232094666,1.3014573681703492,-0.15367040273763882,0.5958401591006441,0.6295756630609566,0.5679502085532369
527,-0.44715650624025327,0.2475452722287997,-0.09714054847268686,-0.8099532720368683,-0.15367040273763882,1.531205914426684,1.1717803848989452,0.5679502085532369
2135,-0.6693007864357035,0.1534955844786262,-0.3089402558360238,-0.8099532720368683,-0.15367040273763882,-1.4014852760880312,-1.8068835707778244,-1.9875020181672263
3200,0.9198852180394412,0.2963117769881492,0.753654879784942,1.3014573681703492,-0.10980570938904363,-0.18475431429194467,0.24761782463192958,0.7089072336987
3842,0.21927633434609742,0.2545119157658495,0.30168229671336905,1.3014573681703492,-0.10980570938904363,0.2263186188907991,0.509733742960758,0.756529608404876
2805,-0.07122003206333762,0.14304561917305098,0.03833133982197502,-0.8099532720368683,4.232798932121882,-1.558691449231319,-1.5306236960509083,-1.2532670692638577
1944,-0.15666013983081825,0.09776243618222696,-0.04199270014034658,-0.2132502650217851,-0.10980570938904363,-0.4492233155113407,0.07898221394502276,0.6782687730812037
2445,-0.6693007864357035,0.14652894094157645,-0.3221277847850611,-0.8099532720368683,0.06565306400533723,0.34826736313189866,0.9932055379063528,1.581485388100179
2566,0.9540612611464344,0.446094613034722,1.1161121148388025,1.3014573681703492,-0.15367040273763882,0.8971643270601299,0.8042446476172569,0.5679502085532369
533,-0.48133254934724645,0.20574541100649998,-0.14909142009010948,-0.8099532720368683,-0.15367040273763882,-1.4014852760880312,-2.0582494904467676,-2.489863961702513
515,-0.48133254934724645,0.24057862869174998,-0.12271636219203373,-0.8099532720368683,-0.15367040273763882,1.2978749349683054,1.036525103108864,0.5679502085532369
3465,0.5268607223090298,0.09776243618222696,0.3552316566882505,1.3014573681703492,-0.15367040273763882,0.11733554272723809,0.35220025035034186,0.5679502085532369
3225,3.414736364849886,0.14304561917305098,2.083996815280314,1.3014573681703492,-0.15367040273763882,0.3522999921796371,0.4884024078825543,0.5679502085532369
2890,-0.7376528726496883,0.20226208923797573,-0.3061429012104706,-0.8099532720368683,-0.15367040273763882,1.6394743474678615,1.2345404926820918,0.5679502085532369
1862,0.04668731665578598,-5.063475428241191,-4.014635890515683,-0.9201138271781144,-0.15367040273763882,-1.4014852760880312,-1.9035536660760513,-2.18069995454507
4000,-0.32754035536577947,0.3137283858307742,0.0019657296897796404,1.3014573681703492,-0.10980570938904363,0.5581172114262313,0.7213012915932411,0.7949681326306484
2155,-0.1395721182773224,0.19181212393240046,0.033136252660232984,-0.8099532720368683,4.232798932121882,-1.5476808405528737,-1.4604158187585594,-1.1257103050254098
3671,-0.8743570450776579,0.24057862869174998,-0.35529641820233887,-0.8099532720368683,-1.2502877364525191,-0.8399834498349509,-1.0164464256377659,-1.0582849561528649
2298,-0.34462837691927684,0.23361198515470022,-0.04798703148081859,-0.8099532720368683,-0.5923173362235908,-0.7215533910769609,-0.5282166506302036,-0.2197438571195136
2554,0.5781247869695173,0.47396118718292096,1.1033242079791297,1.3014573681703492,-0.15367040273763882,0.7746030315712726,0.7331993770904609,0.5679502085532369
2450,-0.7376528726496883,0.04899593142287747,-0.42123406294752874,-0.8099532720368683,-0.10980570938904363,-0.0038475124541644213,0.3629709619170866,0.7298650998304136
538,-0.15666013983081825,0.20574541100649998,0.04312680489435263,-0.8099532720368683,-0.5923173362235908,-0.5066499949886271,-0.5282166506302036,-0.46870722172028545
2550,-0.002867945849352813,0.11169572325632647,0.6245769449201165,1.3014573681703492,-0.15367040273763882,0.8591861496991512,0.782229786612702,0.5679502085532369
2629,-0.8230929804171689,0.16046222801567597,-0.383669586547239,-0.8099532720368683,-1.2502877364525191,-0.9153646058675038,-0.9509019819176573,-0.8399642295501298
1689,-0.3958924415797643,0.20226208923797573,-0.10153639145570004,-0.8099532720368683,4.232798932121882,-1.580146056684033,-1.6674265278820353,-1.5018164805268133
2613,-0.8230929804171689,0.03157932258025247,-0.47838002172669225,-0.8099532720368683,-0.5923173362235908,-0.43339907494426627,-0.5282166506302036,-0.5535676559725675
1064,-0.17374816138431406,0.21967869808059948,0.04072907235816382,-0.8099532720368683,-0.5923173362235908,-0.20787812389479862,-0.5282166506302036,-0.8148313483255863
3160,-0.7376528726496883,0.22316201984912498,-0.28736066301032454,-0.8099532720368683,0.06565306400533723,0.4107475904031862,1.0475325336111416,1.6176767370635214
2448,-0.7376528726496883,0.1500122627101007,-0.3465047322363136,-0.8099532720368683,-0.10980570938904363,-0.001754629024325704,0.36430546491615273,0.7301075582139915
3193,-0.17374816138431406,0.21619537631207522,0.0403294502687994,1.3014573681703492,-0.10980570938904363,-0.41583927250854497,0.10026916422281403,0.6821362799802275
2541,-0.9768851743986359,0.35552824705307273,-0.3656865925258229,1.3014573681703492,-0.15367040273763882,1.793735170028181,1.3239610705796252,0.5679502085532369
3191,0.9027971964859455,0.2928284552196237,0.7404673508359046,1.3014573681703492,-0.10980570938904363,-0.6858212349577605,-0.07188172265675563,0.650859148498672
398,-0.5838606786682229,0.19181212393240046,-0.21982452990767584,-0.787003156382442,-0.15367040273763882,-1.4014852760880312,-2.012503556155045,-2.398439410236291
607,-0.276276290705292,0.03854596611730222,-0.15708386187740472,-0.12144980240407999,-0.15367040273763882,1.4775055883732573,1.1406518448763758,0.5679502085532369
1823,-0.15666013983081825,0.05247925319140296,-0.07715944400444756,-0.12144980240407999,-0.15367040273763882,1.0121197778893287,0.8708810279697536,0.5679502085532369
528,-0.37880442002626846,0.21967869808059948,-0.07795868818317754,-0.8099532720368683,-0.15367040273763882,1.4134939829825757,1.1035461517316019,0.5679502085532369
516,-0.3958924415797643,0.2649618810714247,-0.05358174073192505,-0.8099532720368683,-0.15367040273763882,1.3306974726606569,1.0555513875523168,0.5679502085532369
2162,-0.32754035536577947,0.19877876746945022,-0.07196435684270552,-0.8099532720368683,-0.5923173362235908,-0.7231868610709815,-0.5282166506302036,-0.2178514990037833
3229,3.004623847565977,0.09427911441370147,1.7994658876525873,1.3014573681703492,-0.15367040273763882,0.41268733602108565,0.5234072204744742,0.5679502085532369
2437,-0.8572690235241621,0.28237848991404974,-0.3221277847850611,-0.8099532720368683,-0.15367040273763882,2.2423779130733985,1.5840264111294005,0.5679502085532369
1130,1.6546701448397767,0.22316201984912498,1.1292996437878409,1.3014573681703492,-0.15367040273763882,0.6330016014646127,0.6511170861944457,0.5679502085532369
3741,-0.41298046313326164,0.188328802163875,-0.12191711801330375,-0.8099532720368683,-0.10980570938904363,-0.040635238322794615,0.3395136924865094,0.7256032797870947
3455,4.217873377864205,0.055962574959927215,2.460440823461943,1.3014573681703492,-0.15367040273763882,0.011211039053212827,0.2906829169787429,0.5679502085532369
2846,-0.25918826915179466,0.23709530692322447,0.02514381087293772,-0.8099532720368683,0.7236234642342655,-2.4519596200552094,-2.355006266004134,-1.865977145422669
2179,-0.36171639847277265,0.22316201984912498,-0.07076549057461112,-0.8099532720368683,-0.3291291761320197,-0.4467220645829968,-0.19614732786472425,0.1255168810954853
2560,-0.24210024759829887,0.3764281776642232,0.9442746164119452,1.3014573681703492,-0.15367040273763882,0.9602571055791752,0.840817723157082,0.5679502085532369
2151,-0.36171639847277265,0.22664534161765046,-0.07316322311079992,-0.8099532720368683,4.232798932121882,-1.5626985553104007,-1.5561745461549852,-1.2996889792903672
3735,-0.31045233381228365,0.22664534161765046,-0.032401769995591356,-0.8099532720368683,-0.5923173362235908,-0.47974962879302563,-0.5282166506302036,-0.4998710181002039
3438,1.9622545328027077,0.09079579264517722,1.1896425792819232,1.3014573681703492,-0.15367040273763882,0.6215673115064686,0.644488955999526,0.5679502085532369
522,-0.48133254934724645,0.22664534161765046,-0.1331065365155178,-0.8099532720368683,-0.15367040273763882,-1.4014852760880312,-2.0084497443840448,-2.3903377520533207
723,-0.31045233381228365,0.24057862869174998,-0.021611973582742864,-0.8099532720368683,-0.15367040273763882,1.3925141027468737,1.0913847164186017,0.5679502085532369
1113,0.7660930240579759,0.16394554978420023,0.547849503762077,1.3014573681703492,-0.15367040273763882,1.9294152714065158,1.4026109369104138,0.5679502085532369
1701,0.11674820502512097,-5.0784537118458495,-4.009840425443306,-0.9201138271781144,-0.15367040273763882,-1.4014852760880312,-1.9407185389547086,-2.2549750105874855
689,-0.31045233381228365,0.20574541100649998,-0.048386653570183014,-0.8099532720368683,-0.5923173362235908,-0.8966409560610428,-0.5282166506302036,-0.01690672158966879
3837,1.9451665112492118,0.22316201984912498,1.2943435666954972,1.3014573681703492,-0.15367040273763882,0.4361276304352813,0.5369948873740598,0.5679502085532369
2468,0.8344451102719607,0.4495779348032462,0.8339789197472636,1.3014573681703492,-0.15367040273763882,0.7215152567656032,0.7024259154711906,0.5679502085532369
2460,-0.8914450666311537,0.20574541100649998,-0.3984556038537351,-0.8099532720368683,-1.2502877364525191,-0.9870943569799329,-0.88853246037814,-0.6322187901576093
2273,0.7831810456114716,0.47396118718292096,0.8179940361726731,1.3014573681703492,-0.15367040273763882,0.7599528475624004,0.7247070852782199,0.5679502085532369
2158,-0.7376528726496883,0.1500122627101007,-0.3465047322363136,-0.8099532720368683,-0.5923173362235908,0.0460243683007766,-0.5282166506302036,-1.1089747629394198
2537,-0.7889169373101773,0.40429475181242225,-0.21502906483529938,1.3014573681703492,-0.15367040273763882,1.7504482151866354,1.2988688634131431,0.5679502085532369
1700,0.06548414036463199,-5.061037103003224,-4.008241937085846,-0.9201138271781144,-0.15367040273763882,-1.4014852760880312,-1.8010543669903283,-1.9758521885172615
2544,0.407244571434556,0.042029287885827715,0.7548537460530363,1.3014573681703492,-0.15367040273763882,0.7540315188340757,0.7212746607129936,0.5679502085532369
1860,-0.07463763637403648,-5.052328798581912,-4.034217372894558,-0.9201138271781144,-0.15367040273763882,-1.4014852760880312,-1.908288044786708,-2.190161745123721
3456,4.1153452485432265,0.028096000811728212,2.372923585891055,1.3014573681703492,-0.15367040273763882,-0.21185970700522383,0.16137519844392464,0.5679502085532369
1858,0.0637753382092818,-5.042227165453189,-3.993455919779349,-0.9201138271781144,-0.15367040273763882,-1.4014852760880312,-1.8727210247228978,-2.119080043401601
2438,-0.8230929804171689,0.303278420525199,-0.2841636862954069,-0.8099532720368683,-0.15367040273763882,2.2905142319596923,1.6119296556553346,0.5679502085532369
1684,-0.41298046313326164,0.23361198515470022,-0.08754961832793162,-0.8099532720368683,4.232798932121882,-1.5367468007803984,-1.3906961742707475,-0.999040583653711
3847,-0.276276290705292,0.24057862869174998,0.0007668634216852371,1.3014573681703492,-0.10980570938904363,0.6345840255213202,0.7700594743396196,0.8038267340599112
3034,-0.34462837691927684,-0.02763714748467104,-0.24739845407384597,1.3014573681703492,-0.15367040273763882,0.11248617868248922,0.34938921299088915,0.5679502085532369
1574,-1.506613842557017,0.10124575795075122,-0.8252519952953267,1.3014573681703492,-0.15367040273763882,1.6049162479068635,1.2145081527626245,0.5679502085532369
2145,-0.7376528726496883,0.15697890624715047,-0.3465047322363136,-0.8099532720368683,4.232798932121882,-1.5683952819145472,-1.5924990668125005,-1.3656849685764627
715,-0.31045233381228365,0.24057862869174998,-0.021611973582742864,-0.8099532720368683,-0.15367040273763882,-1.4014852760880312,-1.9197985030269928,-2.213165723468068
3855,0.21927633434609742,0.2475452722287997,0.3000838083559102,1.3014573681703492,-0.15367040273763882,1.1077288184768466,0.9263028487513818,0.5679502085532369
611,-0.37880442002626846,0.03854596611730222,-0.21622793110339378,-0.12144980240407999,-0.15367040273763882,0.9924670920237687,0.8594889291972354,0.5679502085532369
1059,-0.37880442002626846,0.22664534161765046,-0.0727636010214355,-0.8099532720368683,-0.10980570938904363,-0.40471125817427966,0.10736481431541113,0.6834254489465688
3218,-0.1908361829378114,0.19181212393240046,0.0003672413323208147,-0.8099532720368683,-0.15367040273763882,-1.4014852760880312,-1.7593918343365467,-1.8925884314251267
3530,-0.8914450666311537,0.20922873277502546,-0.3882412632495717,1.3014573681703492,-0.10980570938904363,-0.5676760046689034,0.003452221842012593,0.6645461513937573
2563,1.1420294982348915,0.383394821201273,1.228805544039673,1.3014573681703492,-0.15367040273763882,1.0298327181369897,0.881148711798491,0.5679502085532369
2819,-0.37880442002626846,0.23361198515470022,-0.0883488625066616,-0.8099532720368683,-0.5923173362235908,-0.0012441696511941538,-0.5282166506302036,-1.0542146499654734
3742,-0.41298046313326164,0.257995237534375,-0.06916700221715229,-0.8099532720368683,-0.10980570938904363,-0.0407576275934748,0.33943565237856677,0.7255891011165043
830,-0.37880442002626846,0.21967869808059948,-0.07795868818317754,-0.8099532720368683,-0.5923173362235908,-0.6357962163908799,-0.5282166506302036,-0.31909265819535604
2174,-0.5838606786682229,0.27889516814552423,-0.17027139082644316,-0.8099532720368683,-0.3291291761320197,0.16322584037175378,0.01599426418642594,-0.1571304579652863
2449,-0.7547408942031841,0.16046222801567597,-0.35649528447043327,-0.8099532720368683,-0.10980570938904363,0.00023616253088710966,0.3655748702079479,0.7303381893593461
2788,-0.07122003206333762,0.1534955844786262,0.04872151414546022,-0.8099532720368683,-0.15367040273763882,-1.4014852760880312,-1.937759552260548,-2.249061391475828
2889,-0.8914450666311537,0.12911233209895145,-0.44760912084560445,-0.8099532720368683,-0.15367040273763882,1.65504335834837,1.2435654020992815,0.5679502085532369
1941,-0.15666013983081825,0.23361198515470022,0.06390715354132191,-0.2132502650217851,-0.10980570938904363,0.3161084226246185,0.5669871765060716,0.7669316644222812
3062,-0.1395721182773224,0.09427911441370147,-0.034000258353051316,-0.8099532720368683,-0.10980570938904363,-0.4195656259324044,0.09789309790740315,0.6817045857850765
2451,-0.5496846355612313,0.24406195046027424,-0.16827328037961878,-0.8099532720368683,-0.10980570938904363,-0.383833469813204,0.12067729545243966,0.6858441191632365
1198,-0.037043988956344455,0.2928284552196237,0.18139604781456886,-0.8099532720368683,-0.15367040273763882,1.2249813364851367,0.9942707731162507,0.5679502085532369
2615,-0.6351247433287118,0.02112935727467846,-0.3876658074408866,-0.8099532720368683,-0.5923173362235908,-0.44978482082178534,-0.5282166506302036,-0.5345849386241476
3227,4.200785356310709,0.21271205454354972,2.6198900371184926,1.3014573681703492,-0.15367040273763882,-0.16214096406222225,0.19019572884504884,0.5679502085532369
3708,-0.34462837691927684,0.23709530692322447,-0.044390432676535384,-0.8099532720368683,-0.15367040273763882,1.9162232671743091,1.3949639101249227,0.5679502085532369
733,-0.48133254934724645,0.20574541100649998,-0.14909142009010948,-0.8099532720368683,-0.15367040273763882,-1.4014852760880312,-1.9294152097830148,-2.2323849855809548
502,-0.17374816138431406,0.21619537631207522,0.0403294502687994,-0.8099532720368683,-0.15367040273763882,-1.4014852760880312,-1.7184986382232472,-1.810862215302023
3673,-0.7718289157566814,0.24057862869174998,-0.294553860618891,-0.8099532720368683,-1.2502877364525191,-0.7889804682906076,-1.0607938757080102,-1.2060010244081498
3249,2.7995675889240212,0.21967869808059948,1.7966685330270329,1.3014573681703492,-0.15367040273763882,0.20436886584614739,0.40265097348578,0.5679502085532369
2143,-0.8572690235241621,0.20922873277502546,-0.38087223192168457,-0.8099532720368683,4.232798932121882,-1.541902440449026,-1.4235705164428716,-1.0587681366814494
3830,1.8426383819282353,0.21271205454354972,1.2240100789672954,1.3014573681703492,-0.10980570938904363,-0.5587219556417647,0.009161668010939691,0.6655834687247876
3250,3.910288989901274,0.10472907971927671,2.332162132775846,1.3014573681703492,-0.15367040273763882,0.2921168320874409,0.45351595475840073,0.5679502085532369
3429,3.483088451063869,0.07337918380255222,2.0492296935055783,1.3014573681703492,-0.15367040273763882,0.06506450291857918,0.3219002266021373,0.5679502085532369
1280,-0.8060049588636731,0.08731247087665171,-0.4276280163773652,-0.2132502650217851,-0.10980570938904363,-0.0708197822090086,0.32026686594696074,0.7221064315559191
2571,-0.49842057090074227,0.303278420525199,0.6533497353543811,1.3014573681703492,-0.15367040273763882,1.0322829231280204,0.882569025411688,0.5679502085532369
739,-0.48133254934724645,0.1709121933212512,-0.1754664779881852,-0.8099532720368683,-0.15367040273763882,-1.4014852760880312,-1.904175053281825,-2.1819418145585177
3452,3.0729759337799605,0.12214568856190171,1.861007689414764,1.3014573681703492,-0.15367040273763882,0.6538283438883752,0.663189751906621,0.5679502085532369
2300,-0.24210024759829887,0.20226208923797573,-0.010822177169893235,-0.8099532720368683,-0.5923173362235908,-0.48505756350516743,-0.5282166506302036,-0.4937218305625957
749,-0.48133254934724645,1.714023736777804,0.993028511314449,-0.8099532720368683,-0.15367040273763882,-1.4014852760880312,-1.6931697121212326,-1.7602416357062367
1052,-0.1908361829378114,0.20922873277502546,0.024744188783572162,-0.8099532720368683,-0.10980570938904363,0.5892552331872489,0.7411560923110587,0.7985754402887594
3514,0.9711492826999303,0.3067617422937232,0.7932174666320562,1.3014573681703492,-0.10980570938904363,-0.1958979731850777,0.24051219896667023,0.7076162523263735
1571,-0.8230929804171689,0.10124575795075122,-0.42722839428799964,1.3014573681703492,-0.15367040273763882,1.3715342225111717,1.0792232811056017,0.5679502085532369
2559,-0.34462837691927684,0.3694615341271735,0.8423709836239244,1.3014573681703492,-0.15367040273763882,1.0204402656713711,0.8757041762812354,0.5679502085532369
2290,-0.7889169373101773,0.23361198515470022,-0.30973950001475264,-0.8099532720368683,-0.3291291761320197,-0.5428415645436457,-0.22957795953535073,0.17005826024448797
2435,-0.7034768295426966,0.28586181168257396,-0.22302150662259462,-0.8099532720368683,-0.15367040273763882,2.295108366317875,1.614592743680079,0.5679502085532369
3230,0.4755966576485408,0.11169572325632647,0.33604979639874116,1.3014573681703492,-0.15367040273763882,0.06179756293053808,0.32000647511787456,0.5679502085532369
3148,-0.31045233381228365,0.09079579264517722,-0.14269746666027303,-0.8099532720368683,0.7236234642342655,-2.398004064315217,-2.2611767979323014,-1.740963237402234
1856,-0.10881367948102964,-5.0589471099421095,-4.047404901843596,-0.9201138271781144,-0.15367040273763882,-1.4014852760880312,-1.7993085648407732,-1.9723631532413834
2555,0.6123008300765104,0.47047786541439673,1.1604701667582942,1.3014573681703492,-0.15367040273763882,0.8096205445680891,0.7534980258124027,0.5679502085532369
2136,-0.25918826915179466,0.17439551508977547,-0.06077493834049147,-0.8099532720368683,-0.15367040273763882,-1.4014852760880312,-1.7758438003560797,-1.9254681536859413
987,-0.15666013983081825,0.268445202839949,0.09108145561812762,-0.8099532720368683,-0.15367040273763882,1.2078299015479208,0.9843285778238712,0.5679502085532369
3831,2.62868737338906,0.19877876746945022,1.6755830399495026,1.3014573681703492,-0.10980570938904363,-0.6055463939391112,-0.02069539542914907,0.6601589059136642
1061,-0.37880442002626846,0.23709530692322447,-0.0647711592341391,-0.8099532720368683,-0.10980570938904363,-0.40619159035636093,0.10642089755997393,0.6832539539923307
836,-0.34462837691927684,0.2545119157658495,-0.031202903727496952,-0.8099532720368683,-0.5923173362235908,-0.1252857973221327,-0.5282166506302036,-0.9105137055522012
2178,-0.36171639847277265,0.2614785593028992,-0.04638854312335977,-0.8099532720368683,-0.3291291761320197,-0.22344713477530742,-0.11849168106317345,0.02205220111792946
2183,-0.1908361829378114,0.20226208923797573,0.00636157267279283,-0.8099532720368683,-0.3291291761320197,-0.2420278559572917,-0.12495410800322021,0.030662430544502486
1197,-0.1908361829378114,0.22664534161765046,0.0415283165368938,-0.8099532720368683,-0.15367040273763882,1.1925161203539778,0.9754516177413894,0.5679502085532369
1066,-0.276276290705292,0.21271205454354972,-0.01961386313591848,-0.8099532720368683,-0.5923173362235908,-0.04677714573451816,-0.5282166506302036,-1.0014651674894903
627,-0.30361712519088596,-5.032822196678173,-4.073380337652306,-0.9201138271781144,-0.15367040273763882,-1.4014852760880312,-2.0309676331266067,-2.4353403934930324
1292,-0.20792420449130722,0.07686250557107648,-0.08794924041729718,-0.2132502650217851,-0.10980570938904363,-0.0741888140716762,0.318118641607,0.7217161326945496
2869,-0.3958924415797643,0.1709121933212512,-0.12511409472822255,-0.8099532720368683,-0.5923173362235908,-0.871781584589542,-0.5282166506302036,-0.04570604666343971
2157,-0.7718289157566814,0.06641254026550246,-0.4304253710029184,-0.8099532720368683,-0.5923173362235908,-0.6982764436621675,-0.5282166506302036,-0.24670996026867084
2170,-0.054132010509841795,0.14304561917305098,0.05071962459228347,-0.8099532720368683,-0.5923173362235908,-0.24677512812741395,-0.5282166506302036,-0.7697695706947578
2295,-0.41298046313326164,0.25102859399732397,-0.07436208937889432,-0.8099532720368683,-0.3291291761320197,-0.30981686070914605,-0.14853131398229186,0.06207557526562589
1702,-0.08830805361683344,-5.092386998919949,-4.0689844946692935,-0.9201138271781144,-0.15367040273763882,-1.4014852760880312,-1.89929272523646,-2.1721843430242833
3832,1.91099046814222,0.2475452722287997,1.3003378980359692,1.3014573681703492,-0.10980570938904363,-0.7622829444591179,-0.12063665051777037,0.6420011384313207
3169,-0.7718289157566814,0.331144994673398,-0.22781697169497223,1.3014573681703492,-0.10980570938904363,-0.5768892047315125,-0.0024224689980296152,0.6634788116829488
1205,-0.24210024759829887,0.20574541100649998,-0.006026712097515623,-0.8099532720368683,-0.15367040273763882,-1.4014852760880312,-1.982647380410964,-2.338770993399669
705,-0.1395721182773224,0.20574541100649998,0.05231811294974343,-0.8099532720368683,-0.5923173362235908,-0.9546291408487736,-0.5282166506302036,0.050271991518757976
1683,-0.48133254934724645,0.2475452722287997,-0.11752127503029057,-0.8099532720368683,4.232798932121882,-1.5735815491455627,-1.6255687021064396,-1.4257673387509004
2538,-0.7205648510961925,0.39732810827537246,-0.18905362902658807,1.3014573681703492,-0.15367040273763882,1.701852482864523,1.2706993100847344,0.5679502085532369
541,-0.10539607517032926,0.21619537631207522,0.07709468249035921,-0.8099532720368683,-0.5923173362235908,-0.8078720710734862,-0.5282166506302036,-0.119744557941389
744,-0.48133254934724645,0.24057862869174998,-0.12271636219203373,-0.8099532720368683,-0.15367040273763882,-1.4014852760880312,-1.925509347346723,-2.224579008353567
1281,-0.5838606786682229,0.09079579264517722,-0.2957527268869854,-0.2132502650217851,-0.10980570938904363,0.03841852364111818,0.3899214127275012,0.7347615764548657
3447,1.4667019077513197,0.1325956538674757,0.9386799071608376,1.3014573681703492,-0.15367040273763882,0.20564501427897597,0.40339072015932015,0.5679502085532369
3453,2.2527508992121428,0.14652894094157645,1.4106335947006499,1.3014573681703492,-0.15367040273763882,0.8095694986307757,0.753468435945461,0.5679502085532369
1120,1.4154378430908308,0.23012866338617471,0.9922292671357191,1.3014573681703492,-0.15367040273763882,0.3833359220660282,0.5063930469830507,0.5679502085532369
3256,0.11674820502512097,0.3903614647383227,0.35403279042015606,1.3014573681703492,-0.15367040273763882,1.0225841950385233,0.876946950692783,0.5679502085532369
1682,-0.43006848468675746,0.2475452722287997,-0.0871499962385672,-0.8099532720368683,4.232798932121882,-1.5516062731322546,-1.485445887204464,-1.1711860359940542
1072,-0.276276290705292,0.21967869808059948,-0.021611973582742864,-0.8099532720368683,-0.5923173362235908,-0.799194261730252,-0.5282166506302036,-0.1297977104312063
2609,-0.7034768295426966,0.10821240148780222,-0.3600918832747165,-0.8099532720368683,-0.5923173362235908,-0.4455480080247944,-0.5282166506302036,-0.5394932424868232
3433,3.2780321924219162,0.16394554978420023,2.02605161232242,1.3014573681703492,-0.15367040273763882,0.23560897948179116,0.42075997205404286,0.5679502085532369
2142,-1.0110612175056275,0.1848454803953507,-0.48397473097779986,-0.8099532720368683,4.232798932121882,-1.5726065717428819,-1.6193518710620078,-1.4144723262476353
835,-0.22501222604480303,0.19877876746945022,-0.0032293574719623945,-0.8099532720368683,-0.5923173362235908,-0.4572375276695043,-0.5282166506302036,-0.5259510547211279
3168,-0.8572690235241621,0.07337918380255222,-0.46759022531384375,1.3014573681703492,-0.10980570938904363,-0.5701000950688643,0.001906528535527327,0.6642653230247991
3190,0.9198852180394412,0.28237848991404974,0.7420658391933634,1.3014573681703492,-0.10980570938904363,-0.686740061829397,-0.07246760202219937,0.6507527033546622
2139,-0.532596614007734,0.188328802163875,-0.20543813469054414,-0.8099532720368683,-0.15367040273763882,1.1298317093334376,0.9391152611370971,0.5679502085532369
2627,-0.9427091312916427,0.1709121933212512,-0.4540030742754409,-0.8099532720368683,0.06565306400533723,0.39385138515253576,1.0328411646746343,1.6078896974337284
725,-0.31045233381228365,0.24057862869174998,-0.021611973582742864,-0.8099532720368683,-0.15367040273763882,-1.4014852760880312,-1.917460903538606,-2.208493964369859
628,-0.019955967402848634,-4.976392384028068,-3.9614861526301666,-0.9201138271781144,-0.15367040273763882,-1.4014852760880312,-2.006260094230366,-2.385961673910694
520,-0.3958924415797643,0.24057862869174998,-0.07196435684270552,-0.8099532720368683,-0.15367040273763882,-1.4014852760880312,-1.8806806989301896,-2.134987678811959
2610,-0.6180367217752161,0.23012866338617471,-0.22182264035450022,-0.8099532720368683,4.232798932121882,-1.538865207178894,-1.4042039485295907,-1.0235821029670886
1127,1.8426383819282353,0.20922873277502546,1.2236104568779298,1.3014573681703492,-0.15367040273763882,0.6879780759508681,0.6829853728905554,0.5679502085532369
2561,-0.22501222604480303,0.35552824705307273,0.8983180761349946,1.3014573681703492,-0.15367040273763882,0.8404522907052275,0.7713703054451326,0.5679502085532369
1278,-0.7547408942031841,0.06641254026550246,-0.41324162116023233,-0.2132502650217851,-0.10980570938904363,-0.31481936256583415,0.1646833455679962,0.6938393322021972
517,-0.5155085924542381,0.13607897563600121,-0.22182264035450022,-0.8099532720368683,-0.15367040273763882,1.350962709773975,1.0672985647281346,0.5679502085532369
3825,2.2527508992121428,0.1848454803953507,1.4458003385647509,1.3014573681703492,-0.10980570938904363,-0.15453511940256381,0.2668867459843034,0.7124080962128011
2305,-0.31045233381228365,0.20226208923797573,-0.05637909535747942,-0.8099532720368683,-0.10980570938904363,-0.05285161227478221,0.33172406242675045,0.7241880254832224
3127,-0.6693007864357035,0.4495779348032462,-0.083553397434284,1.3014573681703492,-0.10980570938904363,-0.009258381809357634,0.3595207834316952,0.7292382562045776
3513,-0.532596614007734,0.21967869808059948,-0.16880078153758077,1.3014573681703492,-0.10980570938904363,-0.3844254469959277,0.12029982802426847,0.6857755392180797
3058,-0.10539607517032926,0.11169572325632647,-0.0072255783656100265,-0.8099532720368683,-0.10980570938904363,-0.42165850936224336,0.09655859490833665,0.6814621274014986
693,-0.1395721182773224,0.20574541100649998,0.05231811294974343,-0.8099532720368683,-0.15367040273763882,-1.4014852760880312,-1.9044117722173577,-2.1824149040874503
2605,-0.1395721182773224,0.11866236679337622,-0.007625200454974448,-0.8099532720368683,0.7236234642342655,-2.4545374398895228,-2.3594891308457875,-1.8719499007254428
3739,-0.41298046313326164,0.25102859399732397,-0.07436208937889432,-0.8099532720368683,-0.10980570938904363,0.3129831376649181,0.5649943745696645,0.766569603387851
2182,-0.22501222604480303,0.21619537631207522,-0.008424444633704429,-0.8099532720368683,-0.3291291761320197,-0.5794415015971697,-0.24230752029362965,0.1870185198567211
1118,0.8857091749324496,0.16394554978420023,0.6229784565626566,1.3014573681703492,-0.15367040273763882,1.8010857850012734,1.3282220114192163,0.5679502085532369
3711,-0.43006848468675746,0.23361198515470022,-0.09754017056205128,-0.8099532720368683,-0.15367040273763882,1.912110135110212,1.3925796453450783,0.5679502085532369
3027,-0.6693007864357035,-0.6302518134394876,-0.8867937970575034,1.3014573681703492,-0.15367040273763882,0.16899403128813925,0.3821451956952472,0.5679502085532369
1201,-0.15666013983081825,0.19877876746945022,0.033935496838962964,-0.8099532720368683,-0.15367040273763882,-1.4014852760880312,-1.7199781315703275,-1.8138190248578516
829,-0.5155085924542381,0.23361198515470022,-0.1482921759113795,-0.8099532720368683,-0.5923173362235908,-0.12518370544750637,-0.5282166506302036,-0.9106319779344343
3851,0.16801226968560995,0.2614785593028992,0.28130157015576535,1.3014573681703492,-0.10980570938904363,0.4942587438474889,0.6805826756948969,0.7875701951219652
2436,-0.9427091312916427,0.3102450640622487,-0.35289868566615,-0.8099532720368683,-0.15367040273763882,2.334668967735561,1.6375248905598239,0.5679502085532369
3712,-0.37880442002626846,0.23012866338617471,-0.06996624639588114,-0.8099532720368683,-0.15367040273763882,1.8287289053169375,1.3442459360456467,0.5679502085532369
1826,-0.15666013983081825,0.08382914910812746,-0.05278249655319621,-0.12144980240407999,-0.15367040273763882,0.9181442072958319,0.8164060829302571,0.5679502085532369
1184,-0.5155085924542381,0.11169572325632647,-0.24020525646528068,-0.2132502650217851,-0.10980570938904363,0.35898700996765887,0.5943282135601157,0.7718991044760736
3460,2.6628634164960516,0.08382914910812746,1.5896642907360747,1.3014573681703492,-0.15367040273763882,0.9750604273999867,0.8493987845701477,0.5679502085532369
827,-0.3958924415797643,0.23709530692322447,-0.07476171146825875,-0.8099532720368683,-0.5923173362235908,-0.7124672142352214,-0.5282166506302036,-0.23027009913826357
839,-0.20792420449130722,0.25102859399732397,0.04712302578800026,-0.8099532720368683,-0.5923173362235908,-0.1252857973221327,-0.5282166506302036,-0.9105137055522012
2624,-0.24210024759829887,0.19529544570092597,-0.02400970611893167,-0.8099532720368683,-0.5923173362235908,-0.4848533797559149,-0.5282166506302036,-0.493958375327062
2546,0.3901565498810602,0.05944589672845271,0.7632458099296971,1.3014573681703492,-0.15367040273763882,0.7045169596403266,0.6925724897796358,0.5679502085532369
1698,0.1509242481321126,-5.130703538373723,-4.043808303039312,-0.9201138271781144,-0.15367040273763882,-1.4014852760880312,-1.8248446200113795,-2.023397686174986
3444,1.1762055413418846,0.06292921849697697,0.7057002290611681,1.3014573681703492,-0.15367040273763882,0.19227097870293264,0.39563817502061954,0.5679502085532369
3025,-0.9085330881846511,-0.29585292366109206,-0.7709033911417164,1.3014573681703492,-0.15367040273763882,0.41743460819120803,0.5261590781000436,0.5679502085532369
1290,-0.22501222604480303,0.07686250557107648,-0.09793979265141683,-0.2132502650217851,-0.10980570938904363,0.7449963879296494,0.8404626447537827,0.8166178921984257
3467,0.8173570887184648,0.05247925319140296,0.4875065682679947,1.3014573681703492,-0.15367040273763882,-0.11114607268639193,0.21975600591971328,0.5679502085532369
3254,-0.002867945849352813,0.04899593142287747,0.00636157267279283,1.3014573681703492,-0.15367040273763882,1.1017053978738955,0.9228112444522723,0.5679502085532369
2372,-0.31045233381228365,0.24057862869174998,-0.021611973582742864,-0.8099532720368683,-0.15367040273763882,1.326103338302474,1.0528882995275723,0.5679502085532369
2444,-0.8230929804171689,0.13956229740452672,-0.4016525805686539,-0.8099532720368683,0.06565306400533723,0.37547484771980427,1.0168626365261668,1.5972451830327454
994,0.06548414036463199,0.1709121933212512,0.14782779230792673,-0.8099532720368683,-0.15367040273763882,-1.4014852760880312,-1.8041317131522552,-1.982002352393385
3841,0.21927633434609742,0.1709121933212512,0.23574465196817915,1.3014573681703492,-0.10980570938904363,0.22575711358035444,0.5093757055707647,0.756464558594648
2303,-0.37880442002626846,0.22664534161765046,-0.07036586848524669,-0.8099532720368683,-0.10980570938904363,-0.3981263322608842,0.11156361643442506,0.6841883058119724
2169,-0.08830805361683344,0.1674288715527257,0.04432567116244703,-0.8099532720368683,-0.5923173362235908,-0.24427387719907,-0.5282166506302036,-0.77266724405947
2277,1.1249414766813957,0.4495779348032462,1.0078145286209463,1.3014573681703492,-0.15367040273763882,1.0769991642143342,0.908489748852535,0.5679502085532369
1196,-0.037043988956344455,0.23361198515470022,0.13144328664397062,-0.8099532720368683,-0.15367040273763882,1.1731186641749831,0.9642074683035791,0.5679502085532369
2611,-0.7718289157566814,0.23361198515470022,-0.3049440349423762,-0.8099532720368683,-0.5923173362235908,-0.1753618618263264,-0.5282166506302036,-0.8525011020668433
703,0.03130809725764035,0.1709121933212512,0.12544895530349862,-0.8099532720368683,-0.15367040273763882,-1.4014852760880312,-1.9590642564585041,-2.2916394490797605
2569,-0.34462837691927684,0.303278420525199,0.7232836009932186,1.3014573681703492,-0.15367040273763882,0.974498922089542,0.84907329603379,0.5679502085532369
2604,-0.3958924415797643,0.14652894094157645,-0.1331065365155178,-0.8099532720368683,-0.10980570938904363,0.31192265576494077,0.5643181705079389,0.7664467476551253
2614,-0.8401810019706663,0.09776243618222696,-0.44481176622005125,-0.8099532720368683,0.06565306400533723,-0.3557582042909751,0.38105037061840774,1.1736822141602925
497,-0.17374816138431406,0.21619537631207522,0.0403294502687994,-0.8099532720368683,-0.15367040273763882,1.2827142915863023,1.0277369126272073,0.5679502085532369
529,-0.5838606786682229,0.16046222801567597,-0.24340223318019835,-0.8099532720368683,-0.15367040273763882,1.3943007105528338,1.092420361761558,0.5679502085532369
3843,-0.019955967402848634,0.22664534161765046,0.14143383887809027,1.3014573681703492,-0.10980570938904363,-0.08148838310745574,0.3134641555370854,0.7208704851615828
3738,-0.22501222604480303,0.257995237534375,0.04232756071562379,-0.8099532720368683,-0.5923173362235908,-0.48642466916231614,-0.5282166506302036,-0.49213805277981654
2556,0.5610367654160214,0.47047786541439673,1.139689818111325,1.3014573681703492,-0.15367040273763882,0.6314702233452184,0.6502293901861976,0.5679502085532369
3125,-0.8572690235241621,0.348561603516023,-0.27137577943573404,1.3014573681703492,-0.10980570938904363,0.3831827842540889,0.6097563701834692,0.774702159934999
718,-0.31045233381228365,0.24057862869174998,-0.021611973582742864,-0.8099532720368683,-0.5923173362235908,-0.799194261730252,-0.5282166506302036,-0.1297977104312063
1053,-0.36171639847277265,0.1674288715527257,-0.10793034488553647,-0.8099532720368683,-0.10980570938904363,0.5128394650294731,0.6924304584183161,0.7897227524786083
2140,-0.37880442002626846,0.19529544570092597,-0.1047333681706177,-0.8099532720368683,-0.15367040273763882,0.95806213027471,0.8395453588785929,0.5679502085532369
2293,-0.34462837691927684,0.23012866338617471,-0.04998514192764184,-0.8099532720368683,-0.3291291761320197,0.027341555244166274,-0.031266671292707215,-0.09416224166435978
495,-0.1395721182773224,0.21619537631207522,0.060310554737038696,-0.8099532720368683,-0.15367040273763882,1.2420817254850398,1.0041833785416887,0.5679502085532369
992,-0.07122003206333762,0.24406195046027424,0.12584857739286304,-0.8099532720368683,-0.15367040273763882,-1.4014852760880312,-1.8495521589076203,-2.0727764057573244
1202,-0.31045233381228365,0.24057862869174998,-0.01961386313591848,-0.8099532720368683,-0.15367040273763882,-1.4014852760880312,-1.7984800485664083,-1.9707073398901196
2304,-0.36171639847277265,0.21619537631207522,-0.07476171146825875,-0.8099532720368683,-0.10980570938904363,-0.04662400792257858,0.3356950225703141,0.7249094870148447
3031,-0.276276290705292,-0.07640365224402054,-0.2505954307887648,1.3014573681703492,-0.15367040273763882,0.12417569832719917,0.356165292520517,0.5679502085532369
832,-0.532596614007734,0.23361198515470022,-0.15828272814549912,-0.8099532720368683,-0.5923173362235908,-0.7124161682979081,-0.5282166506302036,-0.23032923532938027
2779,-0.10539607517032926,0.03854596611730222,-0.06397191505541025,-0.8099532720368683,4.232798932121882,-1.559293791291614,-1.5344644607799287,-1.2602451398156131
2308,-0.43006848468675746,0.19529544570092597,-0.13550426905170662,-0.8099532720368683,-0.10980570938904363,-0.3928686007176304,0.11491614835890897,0.6847974085804732
3192,0.9369732395929371,0.2649618810714247,0.7372703741209858,1.3014573681703492,-0.10980570938904363,-0.5021579525050704,0.04522905272473275,0.672136350062415
3008,-0.7376528726496883,0.20574541100649998,-0.30014856986999855,-0.8099532720368683,0.06565306400533723,-0.0008358021526890877,0.6896578878858876,1.379269182577058
3833,1.68884618794677,0.09427911441370147,1.023799412195537,1.3014573681703492,-0.10980570938904363,-0.10063060959988437,0.3012583354236729,0.7186528779947111
613,-0.43006848468675746,0.04899593142287747,-0.2382071460184563,-0.12144980240407999,-0.15367040273763882,0.9414722006479385,0.8299286521225709,0.5679502085532369
2144,-0.8572690235241621,0.15697890624715047,-0.41404086533896234,-0.8099532720368683,-0.3291291761320197,0.2203972901624746,0.03587865477118518,-0.18362347158551096
534,-0.5496846355612313,0.20574541100649998,-0.1894532511159525,-0.8099532720368683,-0.15367040273763882,-1.4014852760880312,-2.1230512990488846,-2.6193722202478074
540,-0.20792420449130722,0.21619537631207522,0.019948723711195687,-0.8099532720368683,-0.5923173362235908,-0.6532539269519749,-0.5282166506302036,-0.2988680808334882
3457,3.7394087743663125,0.24406195046027424,2.3761205626059723,1.3014573681703492,-0.15367040273763882,0.13208781861073646,0.360751721896466,0.5679502085532369
1070,-0.32754035536577947,0.24057862869174998,-0.029204793280673703,-0.8099532720368683,-0.5923173362235908,-0.6477920116594686,-0.5282166506302036,-0.3051956532829615
3126,-0.6351247433287118,0.4251946824235715,-0.07596057773635315,1.3014573681703492,-0.10980570938904363,-0.014771343039177041,0.35600550723903257,0.7285995853405189
3172,-1.3186456054685585,0.20574541100649998,-0.6426247004556198,1.3014573681703492,-0.10980570938904363,-0.3077750232166204,0.16917508736973197,0.694655411639606
2457,-0.7034768295426966,0.17787883685830097,-0.31613345344459026,-0.8099532720368683,-1.2502877364525191,-0.9171614228609264,-0.9493396369431404,-0.8347602447318714
1183,-0.6522127648822077,0.3102450640622487,-0.17186987918390198,-0.2132502650217851,-0.10980570938904363,-0.1508598119160175,0.26923026344607853,0.7128338767888404
880,-0.6180367217752161,0.04899593142287747,-0.3516998193980556,-0.787003156382442,-0.15367040273763882,1.4365667466481165,1.1169207715892078,0.5679502085532369
2175,-0.5155085924542381,0.20574541100649998,-0.17186987918390198,-0.8099532720368683,-0.3291291761320197,-0.20706138889778836,-0.11279267269022009,0.014459114178561468
2553,0.5268607223090298,0.4495779348032462,1.038585429502034,1.3014573681703492,-0.15367040273763882,0.8951224895676043,0.8030610529395927,0.5679502085532369
834,-0.36171639847277265,0.24406195046027424,-0.049185897748913,-0.8099532720368683,-0.5923173362235908,-0.7665248618498403,-0.5282166506302036,-0.16764487274581297
2171,-0.9939731959521317,0.20226208923797573,-0.4611962718840073,-0.8099532720368683,-0.3291291761320197,-0.15642381908315015,-0.09518078388657619,-0.00900612645649458
500,-0.1395721182773224,0.21271205454354972,0.05791282220084989,-0.8099532720368683,-0.15367040273763882,-1.4014852760880312,-1.740986937098868,-1.8558057205506187
2147,-0.6693007864357035,0.1500122627101007,-0.3089402558360238,-0.8099532720368683,4.232798932121882,-1.5397380927069488,-1.4097698025013066,-1.0336943916480223
2282,-1.0110612175056275,0.20226208923797573,-0.46079664979464174,1.3014573681703492,-0.15367040273763882,1.8757659912904021,1.3715119867547858,0.5679502085532369
1114,0.8173570887184648,0.24057862869174998,0.6497531365500979,1.3014573681703492,-0.15367040273763882,1.7531536498642317,1.3004371263610481,0.5679502085532369
1669,-0.4642445277937491,0.21271205454354972,-0.13390578069424777,-0.8099532720368683,-0.5923173362235908,0.009526523121879175,-0.5282166506302036,-1.0666923862910704
2625,-0.22501222604480303,0.1709121933212512,-0.033201014174321336,-0.8099532720368683,4.232798932121882,-1.5488140603612257,-1.4676416642656998,-1.1388385394532892
3466,0.9027971964859455,0.09427911441370147,0.5678306082303163,1.3014573681703492,-0.15367040273763882,-0.09057455994919512,0.2316807222971805,0.5679502085532369
707,-0.31045233381228365,0.20574541100649998,-0.048386653570183014,-0.8099532720368683,-0.15367040273763882,1.407215332693059,1.0999065980977842,0.5679502085532369
3166,-0.43006848468675746,-0.05550372163287128,-0.31773194180204906,1.3014573681703492,-0.15367040273763882,-0.015945399597379433,0.2749411077658085,0.5679502085532369
1687,-0.5155085924542381,0.24057862869174998,-0.14309708874963745,-0.8099532720368683,4.232798932121882,-1.5546179834337301,-1.5046497108495664,-1.2060763887528325
545,-0.22501222604480303,0.14304561917305098,-0.04558929894462979,-0.8099532720368683,-0.5923173362235908,-0.8574887221418618,-0.5282166506302036,-0.0622641801760801
3118,-0.9085330881846511,0.21271205454354972,-0.4008533363899239,1.3014573681703492,-0.10980570938904363,-0.3481523596313168,0.14342894414384058,0.689977738922285
2281,-0.9085330881846511,0.24057862869174998,-0.37128130177693053,1.3014573681703492,-0.15367040273763882,1.7964406047057775,1.3255293335275302,0.5679502085532369
543,-0.20792420449130722,0.20574541100649998,0.014354014460088093,-0.8099532720368683,-0.5923173362235908,-0.8323741209837952,-0.5282166506302036,-0.09135918620543396
3248,3.7394087743663125,0.11866236679337622,2.247042627741147,1.3014573681703492,-0.15367040273763882,0.5540335364411797,0.6053415620357812,0.5679502085532369
378,-0.566772657114727,0.10124575795075122,-0.2777697328655705,-0.8099532720368683,-0.5923173362235908,-0.08164152091939503,-0.5282166506302036,-0.9610751489568711
3528,-0.6351247433287118,0.21967869808059948,-0.22931955075098373,1.3014573681703492,-0.10980570938904363,-0.5869244296816154,-0.008821314533946393,0.662316241238005
3121,-0.6693007864357035,0.268445202839949,-0.21822604155021702,1.3014573681703492,-0.10980570938904363,-0.3708678017356656,0.1289447042759245,0.6873461784175976
1681,-0.5155085924542381,0.21619537631207522,-0.16147970486041793,-0.8099532720368683,4.232798932121882,-1.5388039520541184,-1.4038133622859614,-1.0228724686736896
3170,-0.6351247433287118,-0.05550372163287128,-0.4348212139859316,1.3014573681703492,-0.10980570938904363,-0.8883715142163137,-0.20103557388347756,0.6273939078636159
3265,0.3388924852205712,0.39384478650684696,0.4459458709740573,1.3014573681703492,-0.15367040273763882,0.8051285020845321,0.7508941175215412,0.5679502085532369
609,-0.6009487002217186,0.03854596611730222,-0.34490624387885477,-0.12144980240407999,-0.15367040273763882,1.3855718552722862,1.0873604945145434,0.5679502085532369
1943,-0.22501222604480303,0.09079579264517722,-0.0871499962385672,-0.2132502650217851,-0.10980570938904363,-0.345038557455215,0.14541442421562242,0.6903384696880962
692,-0.1395721182773224,0.24057862869174998,0.07949241502654801,-0.8099532720368683,-0.5923173362235908,-0.8510058881030925,-0.5282166506302036,-0.06977447644788491
877,-0.6522127648822077,0.13607897563600121,-0.3017470582274574,-0.8099532720368683,-0.15367040273763882,1.239733612368635,1.0028222446623747,0.5679502085532369
530,-0.41298046313326164,0.19877876746945022,-0.11392467622600849,-0.8099532720368683,-0.15367040273763882,-1.4014852760880312,-2.0325358960745117,-2.438474611622211
3437,1.8939024465887244,0.055962574959927215,1.1141140043919793,1.3014573681703492,-0.15367040273763882,0.6814441959747859,0.6791978699220299,0.5679502085532369
3179,0.8857091749324496,0.2754118463769987,0.7156907812952877,1.3014573681703492,-0.10980570938904363,-0.18102796086808526,0.24999389094734054,0.709338927893851
704,-0.1395721182773224,0.20574541100649998,0.05231811294974343,-0.8099532720368683,-0.15367040273763882,1.267808877890864,1.019096671480258,0.5679502085532369
1569,-0.6522127648822077,0.10124575795075122,-0.3277224940361687,1.3014573681703492,-0.15367040273763882,1.361325035048543,1.0733053077172805,0.5679502085532369
2552,0.16801226968560995,0.05247925319140296,0.6609425550523119,1.3014573681703492,-0.15367040273763882,0.9863926254835047,0.8559677350311843,0.5679502085532369
2847,-0.8060049588636731,0.10821240148780222,-0.4148401095176923,-0.8099532720368683,-0.5923173362235908,-0.4352367286875395,-0.5282166506302036,-0.5514387530923708
3448,1.381261799983839,0.06292921849697697,0.8231891233344151,1.3014573681703492,-0.15367040273763882,0.13433383985251476,0.36205367604189664,0.5679502085532369
1060,-0.37880442002626846,0.20922873277502546,-0.0859511299704728,-0.8099532720368683,-0.10980570938904363,-0.4060894984817346,0.10648599526724545,0.683265781230554
1942,-0.17374816138431406,0.09427911441370147,-0.05438098491065503,-0.2132502650217851,-0.10980570938904363,-0.3119607900762981,0.16650608137159906,0.6941704948724501
876,-0.6180367217752161,-0.013703860410571535,-0.3936601387813586,-0.8099532720368683,-0.15367040273763882,1.5469280631191324,1.18089406391696,0.5679502085532369
2292,-0.48133254934724645,0.20574541100649998,-0.14909142009010948,-0.8099532720368683,-0.3291291761320197,0.2844088955531563,0.05814207065804955,-0.21328618504958394
1676,-0.43006848468675746,0.268445202839949,-0.07116511266397554,-0.8099532720368683,4.232798932121882,-1.5516164823197172,-1.4855109849117356,-1.1713043083762877
526,-0.44715650624025327,0.13956229740452672,-0.1790630767924684,-0.8099532720368683,-0.15367040273763882,1.5490719924862844,1.1821368383285074,0.5679502085532369
2456,-0.6693007864357035,0.17787883685830097,-0.28336444211667694,-0.8099532720368683,-1.2502877364525191,-0.6502932625878127,-1.181383373499215,-1.6076702626254786
2572,-0.49842057090074227,0.2754118463769987,0.6265750553669398,1.3014573681703492,-0.15367040273763882,1.1988458165808076,0.9791207612421485,0.5679502085532369
1674,-0.48133254934724645,0.22664534161765046,-0.1331065365155178,-0.8099532720368683,-0.5923173362235908,-0.6360004001401325,-0.5282166506302036,-0.3188561134308898
1678,-0.566772657114727,0.16046222801567597,-0.2334116809460787,-0.8099532720368683,4.232798932121882,-1.553464345250453,-1.4972936699278834,-1.192711609560487
2289,-0.7718289157566814,0.21619537631207522,-0.312536854640307,-0.8099532720368683,-0.3291291761320197,-0.4647412804545364,-0.20241446168295643,0.13386691128114542
3266,0.2705403990065864,0.39384478650684696,0.4475443593315161,1.3014573681703492,-0.15367040273763882,0.8791961571259035,0.7938290144538117,0.5679502085532369
3189,0.7831810456114716,0.2649618810714247,0.6461565377458146,1.3014573681703492,-0.10980570938904363,-0.4911320300454315,0.052259605110058276,0.6734136917905329
532,-0.5838606786682229,0.19181212393240046,-0.21982452990767584,-0.8099532720368683,-0.15367040273763882,-1.4014852760880312,-1.9308651132631536,-2.2352826589456662
3263,0.7660930240579759,0.11517904502485196,0.5078872948255985,1.3014573681703492,-0.15367040273763882,0.2940565777053406,0.4546403697021819,0.5679502085532369
531,-0.44715650624025327,0.19181212393240046,-0.13950048994535424,-0.8099532720368683,-0.15367040273763882,-1.4014852760880312,-2.02052241009622,-2.414465318028882
2549,-0.054132010509841795,0.06641254026550246,0.5254706667576489,1.3014573681703492,-0.15367040273763882,0.8312640219888616,0.7660441293956435,0.5679502085532369
2294,-0.43006848468675746,0.21271205454354972,-0.11352505413664293,-0.8099532720368683,-0.3291291761320197,-0.17730160744422582,-0.10244213723404634,0.0006685544101767153
728,-0.48133254934724645,0.2754118463769987,-0.096341304293958,-0.8099532720368683,-0.15367040273763882,1.3270732111114236,1.0534505069994626,0.5679502085532369
501,-0.15666013983081825,0.1709121933212512,0.015153258638818074,-0.8099532720368683,-0.15367040273763882,-1.4014852760880312,-1.725511436688408,-1.8248774925966509
3823,1.9451665112492118,0.10472907971927671,1.1848471142095456,1.3014573681703492,-0.10980570938904363,-0.731252119166458,-0.10085020239258781,0.6455960274892971
2278,1.0224133473604193,0.446094613034722,0.9378806629821088,1.3014573681703492,-0.15367040273763882,0.9158981860540536,0.8151041287848264,0.5679502085532369
3119,-0.8401810019706663,0.22664534161765046,-0.3501013310405968,1.3014573681703492,-0.10980570938904363,-0.35483937741933863,0.13916504431755516,0.689203054818658
1062,-0.25918826915179466,0.23361198515470022,0.003164595957874043,-0.8099532720368683,-0.10980570938904363,-0.5848013250150496,-0.007467541311573394,0.6625622007206419
3163,-0.7376528726496883,0.257995237534375,-0.2613852272016144,-0.8099532720368683,0.06565306400533723,-0.0006826643407495066,0.6897910422871248,1.3793578868637328
2274,1.039501368913915,0.4530612565717717,0.9542651686460649,1.3014573681703492,-0.15367040273763882,0.9033919314123332,0.8078546113841328,0.5679502085532369
1673,-0.3958924415797643,0.1500122627101007,-0.14109897830281307,-0.8099532720368683,-0.5923173362235908,-0.635081573268496,-0.5282166506302036,-0.319920564870988
3177,-0.8230929804171689,-0.020670503947621287,-0.5167437423057121,1.3014573681703492,-0.10980570938904363,-0.5730097134957135,5.1243878288685456e-05,0.6639282467354347
3829,2.594511330282068,0.1534955844786262,1.6160393486341504,1.3014573681703492,-0.10980570938904363,-0.3245027768741374,0.15850882803329122,0.6927175186567158
3844,-0.34462837691927684,0.18136215862682523,-0.083553397434284,1.3014573681703492,-0.10980570938904363,0.6463245911033433,0.7775457106758458,0.8051868664555922
2467,0.8857091749324496,0.47396118718292096,0.8795358379348498,1.3014573681703492,-0.15367040273763882,0.9146220376212251,0.8143643821112863,0.5679502085532369
2184,-0.1395721182773224,0.23361198515470022,0.06071017682640312,-0.8099532720368683,-0.3291291761320197,0.10544183933327546,-0.004103173440312957,-0.13035359062770216
3130,-0.7718289157566814,0.3381116382104477,-0.22781697169497223,1.3014573681703492,-0.10980570938904363,-0.3613222114581077,0.13503133990581273,0.6884520251914774
3850,0.06548414036463199,0.348561603516023,0.28409892478131854,1.3014573681703492,-0.10980570938904363,0.4918085388564579,0.6790203307203803,0.7872863414046056
1128,1.7913743172677463,0.16394554978420023,1.1520781028816334,1.3014573681703492,-0.15367040273763882,0.5037022422504206,0.5761659532313578,0.5679502085532369
3195,-0.8743570450776579,0.20922873277502546,-0.3832699644578734,1.3014573681703492,-0.10980570938904363,-0.3516745293059237,0.14118307324297266,0.6895696992035808
882,0.2021883127926016,0.13607897563600121,0.19778055347852494,-0.787003156382442,-0.15367040273763882,1.0347331281190513,0.8839893390248851,0.5679502085532369
1063,-0.17374816138431406,0.20226208923797573,0.031937386392138584,-0.8099532720368683,-0.5923173362235908,-0.20639779171271752,-0.5282166506302036,-0.8165462978679671
630,-0.3873484308030164,-5.037002182800403,-4.096558418835464,-0.9201138271781144,-0.15367040273763882,-1.4014852760880312,-2.042714810302424,-2.4588174613663116
1279,-0.5155085924542381,0.17787883685830097,-0.19025249529468247,-0.2132502650217851,-0.10980570938904363,0.27266832997113355,0.5392881020620344,0.761899174558261
